#VRML V2.0 utf8

Shape {
  appearance Appearance {
    material Material {
      diffuseColor 0.5647 0.5647 0.5647
      specularColor 0.2824 0.2824 0.2824
      ambientIntensity 0.2
      transparency 0.0000
      shininess 0.5
    }
  }
  geometry IndexedFaceSet {
    ccw TRUE
    solid FALSE
    coord DEF co Coordinate {
      point [
        -0.122324 1.988189 0.864370,
        -0.107739 1.988189 0.863080,
        -0.132096 1.988189 0.863080,
        -0.092247 1.988189 0.984870,
        -0.094403 1.988189 0.985117,
        -0.052289 1.988189 0.985117,
        -0.132096 1.988189 0.983539,
        -0.132096 1.988189 0.985117,
        -0.126777 1.988189 0.985117,
        -0.416209 1.988189 0.982670,
        -0.460789 1.988189 0.863080,
        -0.499000 1.988189 0.863080,
        0.133705 1.988189 0.848976,
        0.125782 1.988189 0.828739,
        0.071009 1.988189 0.828739,
        0.465665 1.988189 0.791724,
        0.360976 1.988189 0.791724,
        0.356436 1.988189 0.794056,
        0.664039 1.988189 0.824743,
        0.663250 1.988189 0.828739,
        1.791339 1.988189 0.828739,
        0.440805 1.988189 1.003577,
        0.440261 1.988189 1.003759,
        1.791339 1.988189 1.003759,
        0.071009 1.988189 0.985117,
        0.249144 1.988189 0.975209,
        0.245274 1.988189 0.971509,
        0.218470 1.988189 0.938194,
        0.203511 1.988189 0.907423,
        0.199279 1.988189 0.905966,
        0.329796 1.988189 1.016490,
        0.294467 1.988189 1.003759,
        0.071009 1.988189 1.003759,
        0.287051 1.988189 1.001087,
        0.263658 1.988189 0.985117,
        0.364960 1.988189 1.020436,
        0.071009 1.988189 1.653543,
        1.791339 1.988189 1.653543,
        0.400922 1.988189 1.016948,
        1.791339 1.988189 0.985117,
        0.470914 1.988189 0.985117,
        0.467665 1.988189 0.987860,
        0.623622 1.988189 0.912111,
        0.616507 1.988189 0.918670,
        0.588986 1.988189 0.937227,
        0.557159 1.988189 0.948874,
        0.525131 1.988189 0.952402,
        0.487854 1.988189 0.970818,
        0.515315 1.988189 0.951798,
        0.505504 1.988189 0.950555,
        1.791339 1.988189 0.863080,
        0.657723 1.988189 0.856746,
        0.654778 1.988189 0.863080,
        0.643564 1.988189 0.887196,
        0.664446 1.988189 0.815050,
        1.791339 1.988189 0.794056,
        0.662131 1.988189 0.794056,
        1.791339 1.988189 0.791724,
        0.661874 1.988189 0.791724,
        0.290712 1.988189 0.726402,
        0.284836 1.988189 0.728675,
        0.274458 1.988189 0.777272,
        0.295989 1.988189 0.722718,
        0.278213 1.988189 0.729477,
        0.277382 1.988189 0.729411,
        0.274824 1.988189 0.728826,
        0.304872 1.988189 0.703194,
        0.304631 1.988189 0.706563,
        0.394453 1.988189 0.714931,
        0.302870 1.988189 0.713049,
        0.299545 1.988189 0.718852,
        0.604510 1.988189 0.699994,
        0.629242 1.988189 0.721720,
        1.791339 1.988189 0.078740,
        0.649328 1.988189 0.751219,
        0.660932 1.988189 0.783184,
        0.285101 1.988189 0.677357,
        0.290733 1.988189 0.679620,
        0.400156 1.988189 0.676539,
        0.296244 1.988189 0.683597,
        0.298214 1.988189 0.685631,
        0.301898 1.988189 0.691022,
        0.304106 1.988189 0.696828,
        0.395030 1.988189 0.697589,
        0.394514 1.988189 0.706392,
        0.503965 1.988189 0.624985,
        0.523604 1.988189 0.633407,
        0.540215 1.988189 0.646121,
        0.552799 1.988189 0.661886,
        0.190357 1.988189 0.749454,
        0.180870 1.988189 0.762708,
        0.174880 1.988189 0.777887,
        0.282774 1.988189 0.791724,
        0.071009 1.988189 0.794056,
        0.120207 1.988189 0.791724,
        0.071009 1.988189 0.791724,
        0.123912 1.988189 0.764477,
        0.071009 1.988189 0.078740,
        0.134838 1.988189 0.737524,
        0.151937 1.988189 0.714065,
        0.423653 1.988189 0.642885,
        0.440747 1.988189 0.631175,
        0.561220 1.988189 0.680248,
        0.574015 1.988189 0.684279,
        0.273095 1.988189 0.728587,
        0.234670 1.988189 0.728315,
        0.219373 1.988189 0.731126,
        0.175328 1.988189 0.694551,
        0.201474 1.988189 0.681991,
        0.229915 1.988189 0.676190,
        0.204250 1.988189 0.737988,
        0.191543 1.988189 0.748199,
        0.410377 1.988189 0.657568,
        0.280296 1.988189 0.676547,
        0.459845 1.988189 0.624000,
        0.480510 1.988189 0.621606,
        0.483827 1.988189 0.621692,
        0.173076 1.988189 0.791724,
        0.172772 1.988189 0.794056,
        0.284116 1.988189 0.794056,
        0.172716 1.988189 0.794483,
        0.607096 1.988189 0.794056,
        0.609722 1.988189 0.803289,
        0.300608 1.988189 0.822717,
        0.610637 1.988189 0.816376,
        0.609027 1.988189 0.828739,
        0.173074 1.988189 0.801904,
        0.176952 1.988189 0.818337,
        0.182452 1.988189 0.828739,
        0.448313 1.988189 0.787280,
        0.430265 1.988189 0.777436,
        0.415456 1.988189 0.763755,
        0.518586 1.988189 0.783807,
        0.499671 1.988189 0.790881,
        0.606434 1.988189 0.791724,
        0.492393 1.988189 0.791724,
        0.479293 1.988189 0.793242,
        0.468886 1.988189 0.792549,
        0.603765 1.988189 0.782339,
        0.550373 1.988189 0.755771,
        0.536136 1.988189 0.771807,
        0.593670 1.988189 0.764863,
        0.578468 1.988189 0.749031,
        0.559960 1.988189 0.737453,
        0.245680 1.988189 0.861609,
        0.600506 1.988189 0.856000,
        0.607950 1.988189 0.837005,
        0.238848 1.988189 0.861561,
        0.184776 1.988189 0.833135,
        0.194596 1.988189 0.844267,
        0.207776 1.988189 0.853606,
        0.222641 1.988189 0.859447,
        0.263673 1.988189 0.912961,
        0.282755 1.988189 0.936121,
        0.479474 1.988189 0.888032,
        0.284984 1.988189 0.938182,
        0.308861 1.988189 0.954995,
        0.466252 1.988189 0.914929,
        0.595506 1.988189 0.863080,
        0.485642 1.988189 0.891456,
        0.245991 1.988189 0.863080,
        0.250712 1.988189 0.885345,
        0.504743 1.988189 0.898566,
        0.524641 1.988189 0.901161,
        0.533450 1.988189 0.900770,
        0.446943 1.988189 0.937677,
        0.335568 1.988189 0.965438,
        0.423888 1.988189 0.954273,
        0.364470 1.988189 0.969195,
        0.395908 1.988189 0.965376,
        0.554570 1.988189 0.895943,
        0.573685 1.988189 0.885992,
        0.588554 1.988189 0.872926,
        0.123464 1.988189 0.822819,
        0.119767 1.988189 0.794962,
        0.119891 1.988189 0.794056,
        0.173962 1.988189 0.893163,
        0.150950 1.988189 0.873399,
        0.071009 1.988189 0.863080,
        0.143664 1.988189 0.863080,
        -0.465535 1.988189 0.784462,
        -0.499000 1.988189 0.791724,
        -0.451078 1.988189 0.789859,
        -0.435219 1.988189 0.791724,
        -0.492439 1.988189 0.711369,
        -0.486439 1.988189 0.698987,
        -0.499000 1.988189 0.078740,
        -0.477430 1.988189 0.688415,
        -0.464876 1.988189 0.679538,
        -0.478050 1.988189 0.775789,
        -0.482222 1.988189 0.771654,
        -0.489591 1.988189 0.761140,
        -0.493964 1.988189 0.749664,
        -0.495861 1.988189 0.733048,
        -0.495447 1.988189 0.725411,
        -0.451160 1.988189 0.674277,
        -0.430676 1.988189 0.671921,
        -0.386347 1.988189 0.078740,
        -0.397643 1.988189 0.672156,
        -0.386347 1.988189 0.791724,
        -0.398490 1.988189 0.791724,
        -0.386347 1.988189 0.794056,
        -0.398494 1.988189 0.792257,
        -0.432756 1.988189 0.792014,
        -0.499000 1.988189 0.794056,
        -0.369296 1.988189 0.740209,
        -0.369198 1.988189 0.726455,
        -0.375052 1.988189 0.686009,
        -0.349948 1.988189 0.686187,
        -0.373069 1.988189 0.791724,
        -0.372976 1.988189 0.778622,
        -0.349948 1.988189 0.740346,
        -0.374954 1.988189 0.672317,
        -0.349948 1.988189 0.078740,
        -0.349948 1.988189 0.726591,
        -0.326248 1.988189 0.726759,
        -0.325961 1.988189 0.686357,
        -0.349948 1.988189 0.778785,
        -0.326618 1.988189 0.778950,
        -0.326345 1.988189 0.740513,
        -0.373074 1.988189 0.792437,
        -0.349948 1.988189 0.794056,
        -0.237295 1.988189 0.794056,
        -0.311212 1.988189 0.792876,
        -0.349948 1.988189 0.792601,
        -0.237295 1.988189 0.735428,
        -0.251197 1.988189 0.694502,
        -0.255280 1.988189 0.694350,
        -0.252989 1.988189 0.687428,
        -0.253389 1.988189 0.687424,
        -0.254100 1.988189 0.690359,
        -0.237295 1.988189 0.791724,
        -0.279163 1.988189 0.758778,
        -0.311204 1.988189 0.791724,
        -0.294759 1.988189 0.758667,
        -0.310360 1.988189 0.672775,
        -0.255130 1.988189 0.660210,
        -0.248221 1.988189 0.646989,
        -0.242669 1.988189 0.640419,
        -0.241643 1.988189 0.639492,
        -0.237295 1.988189 0.636498,
        -0.146071 1.988189 0.676949,
        -0.146181 1.988189 0.692483,
        -0.132096 1.988189 0.791724,
        -0.132096 1.988189 0.078740,
        -0.153690 1.988189 0.078740,
        -0.153690 1.988189 0.674212,
        -0.152772 1.988189 0.688424,
        -0.153690 1.988189 0.688092,
        -0.153690 1.988189 0.720049,
        -0.150757 1.988189 0.722969,
        -0.148825 1.988189 0.726103,
        -0.147196 1.988189 0.730706,
        -0.146586 1.988189 0.736569,
        -0.147213 1.988189 0.741922,
        -0.153200 1.988189 0.720378,
        -0.156627 1.988189 0.673157,
        -0.199213 1.988189 0.711081,
        -0.201988 1.988189 0.706924,
        -0.200360 1.988189 0.742881,
        -0.204148 1.988189 0.696862,
        -0.203391 1.988189 0.690830,
        -0.208293 1.988189 0.078740,
        -0.156356 1.988189 0.754798,
        -0.160080 1.988189 0.757049,
        -0.153690 1.988189 0.791724,
        -0.149032 1.988189 0.746753,
        -0.151850 1.988189 0.750800,
        -0.153690 1.988189 0.752433,
        -0.168166 1.988189 0.760098,
        -0.180167 1.988189 0.761445,
        -0.208293 1.988189 0.791724,
        -0.190713 1.988189 0.760434,
        -0.200463 1.988189 0.757494,
        -0.201512 1.988189 0.686075,
        -0.198681 1.988189 0.682127,
        -0.194345 1.988189 0.678387,
        -0.190828 1.988189 0.676259,
        -0.182892 1.988189 0.673263,
        -0.169307 1.988189 0.671749,
        -0.178606 1.988189 0.749237,
        -0.174151 1.988189 0.748934,
        -0.162100 1.988189 0.737810,
        -0.170119 1.988189 0.747898,
        -0.166733 1.988189 0.746128,
        -0.162222 1.988189 0.735807,
        -0.162803 1.988189 0.733467,
        -0.163872 1.988189 0.731429,
        -0.165328 1.988189 0.729804,
        -0.170608 1.988189 0.726451,
        -0.187608 1.988189 0.748247,
        -0.179889 1.988189 0.722332,
        -0.196157 1.988189 0.745266,
        -0.185697 1.988189 0.719934,
        -0.195649 1.988189 0.714307,
        -0.164449 1.988189 0.744138,
        -0.163146 1.988189 0.742233,
        -0.162389 1.988189 0.740207,
        -0.162219 1.988189 0.685004,
        -0.169189 1.988189 0.711478,
        -0.160252 1.988189 0.715652,
        -0.170867 1.988189 0.684019,
        -0.171532 1.988189 0.684018,
        -0.179038 1.988189 0.707271,
        -0.179249 1.988189 0.684828,
        -0.188694 1.988189 0.695498,
        -0.188561 1.988189 0.697370,
        -0.183141 1.988189 0.686221,
        -0.184519 1.988189 0.687043,
        -0.186256 1.988189 0.688563,
        -0.187583 1.988189 0.690496,
        -0.188363 1.988189 0.692630,
        -0.187894 1.988189 0.699724,
        -0.186745 1.988189 0.701726,
        -0.184884 1.988189 0.703691,
        -0.499000 1.988189 0.985117,
        -0.386347 1.988189 0.985117,
        -0.399630 1.988189 0.982787,
        -0.349948 1.988189 0.863080,
        -0.353062 1.988189 0.863080,
        -0.386347 1.988189 0.948641,
        -0.353035 1.988189 0.863010,
        -0.349948 1.988189 0.828739,
        -0.370166 1.988189 0.862889,
        -0.386347 1.988189 0.828739,
        -0.370234 1.988189 0.863080,
        -0.386347 1.988189 0.863080,
        -0.386347 1.988189 0.895626,
        -0.381942 1.988189 0.895657,
        -0.431954 1.988189 0.895302,
        -0.443709 1.988189 0.863080,
        -0.443970 1.988189 0.862365,
        -0.461101 1.988189 0.862244,
        -0.499000 1.988189 0.828739,
        -0.208293 1.988189 0.985117,
        -0.224022 1.988189 0.984033,
        -0.237295 1.988189 0.985117,
        -0.223924 1.988189 0.970217,
        -0.220244 1.988189 0.931804,
        -0.208293 1.988189 0.931889,
        -0.208293 1.988189 0.877730,
        -0.226000 1.988189 0.877604,
        -0.220146 1.988189 0.918050,
        -0.208293 1.988189 0.918134,
        -0.177196 1.988189 0.918355,
        -0.176909 1.988189 0.877953,
        -0.208293 1.988189 0.970328,
        -0.177566 1.988189 0.970546,
        -0.177294 1.988189 0.932109,
        -0.161309 1.988189 0.864370,
        -0.153690 1.988189 0.863080,
        -0.208293 1.988189 0.863080,
        -0.237295 1.988189 0.863080,
        -0.225903 1.988189 0.863912,
        -0.208293 1.988189 0.864037,
        -0.153690 1.988189 0.985117,
        -0.162160 1.988189 0.984471,
        -0.208293 1.988189 0.984144,
        -0.042532 1.988189 0.878906,
        -0.042435 1.988189 0.865213,
        -0.045115 1.988189 0.863080,
        0.020900 1.988189 0.865662,
        0.004545 1.988189 0.985654,
        0.004548 1.988189 0.985117,
        -0.045115 1.988189 0.985117,
        0.005300 1.988189 0.879245,
        -0.045115 1.988189 1.003759,
        0.020048 1.988189 0.985764,
        0.020053 1.988189 0.985117,
        -0.138101 1.988189 0.981756,
        -0.137986 1.988189 0.965546,
        -0.111970 1.988189 0.876720,
        -0.125569 1.988189 0.879155,
        -0.132096 1.988189 0.968049,
        -0.132096 1.988189 0.882031,
        -0.136654 1.988189 0.966278,
        -0.137411 1.988189 0.884373,
        -0.109731 1.988189 0.972869,
        -0.064035 1.988189 0.923763,
        -0.124504 1.988189 0.970999,
        -0.103347 1.988189 0.972558,
        -0.093116 1.988189 0.970284,
        -0.083806 1.988189 0.965610,
        -0.064258 1.988189 0.917469,
        -0.066382 1.988189 0.905856,
        -0.070456 1.988189 0.896390,
        -0.076909 1.988189 0.959778,
        -0.070261 1.988189 0.950654,
        -0.066152 1.988189 0.940329,
        -0.075581 1.988189 0.889417,
        -0.077948 1.988189 0.887044,
        -0.085762 1.988189 0.881446,
        -0.094302 1.988189 0.878084,
        -0.106346 1.988189 0.876550,
        -0.109732 1.988189 0.986870,
        -0.125440 1.988189 0.985515,
        -0.132096 1.988189 1.003759,
        -0.052289 1.988189 0.948193,
        -0.056646 1.988189 0.958185,
        -0.065434 1.988189 0.969499,
        -0.068377 1.988189 0.972271,
        -0.079670 1.988189 0.980078,
        -0.050847 1.988189 0.944885,
        -0.048013 1.988189 0.929224,
        -0.047757 1.988189 0.922957,
        -0.062861 1.988189 0.879437,
        -0.054823 1.988189 0.890756,
        -0.052289 1.988189 0.863080,
        -0.052289 1.988189 0.897360,
        -0.050008 1.988189 0.903305,
        -0.096754 1.988189 0.863144,
        -0.083757 1.988189 0.865918,
        -0.072461 1.988189 0.871344,
        -0.104007 1.988189 0.862750,
        -0.132096 1.988189 0.828739,
        -0.097935 1.988189 0.863080,
        -0.052289 1.988189 0.828739,
        -0.137305 1.988189 0.869514,
        -0.135249 1.988189 0.868508,
        -0.132096 1.988189 0.867498,
        -0.036586 1.988189 0.728814,
        0.006364 1.988189 0.729119,
        0.006651 1.988189 0.688716,
        -0.042440 1.988189 0.688368,
        -0.042343 1.988189 0.674676,
        -0.045115 1.988189 0.791724,
        -0.040440 1.988189 0.791724,
        -0.040364 1.988189 0.780981,
        0.005994 1.988189 0.781309,
        0.006267 1.988189 0.742872,
        -0.036684 1.988189 0.742568,
        -0.040462 1.988189 0.794796,
        -0.040457 1.988189 0.794056,
        -0.045115 1.988189 0.794056,
        -0.045115 1.988189 0.828739,
        0.021400 1.988189 0.795235,
        0.021408 1.988189 0.794056,
        0.021425 1.988189 0.791724,
        -0.214634 1.988189 0.634278,
        -0.214729 1.988189 0.647663,
        -0.229243 1.988189 0.759132,
        -0.212419 1.988189 0.759252,
        -0.203563 1.988189 0.702479,
        -0.349948 1.988189 0.672494,
        -0.237295 1.988189 0.078740,
        -0.236363 1.988189 0.635857,
        -0.237295 1.988189 0.694629,
        -0.232853 1.988189 0.649293,
        -0.235678 1.988189 0.652368,
        -0.230411 1.988189 0.633637,
        -0.224326 1.988189 0.632981,
        -0.221006 1.988189 0.633123,
        -0.217799 1.988189 0.646633,
        -0.223251 1.988189 0.645883,
        -0.227206 1.988189 0.646344,
        -0.230474 1.988189 0.647638,
        -0.237295 1.988189 0.655266,
        -0.238749 1.988189 0.657870,
        -0.245460 1.988189 0.673419,
        -1.791339 1.988189 0.791724,
        -1.200746 1.988189 0.791724,
        -1.791339 1.988189 0.078740,
        -1.200746 1.988189 0.078740,
        -0.519217 1.988189 0.671293,
        -0.502086 1.988189 0.671415,
        -0.548682 1.988189 0.791192,
        -0.565261 1.988189 0.791074,
        -0.610153 1.988189 0.670648,
        -0.593022 1.988189 0.670770,
        -0.581005 1.988189 0.703707,
        -0.530994 1.988189 0.704061,
        -1.200746 1.988189 0.794056,
        -1.791339 1.988189 0.794056,
        -1.200746 1.988189 0.828739,
        -1.200746 1.988189 0.863080,
        -1.791339 1.988189 0.828739,
        -1.791339 1.988189 0.863080,
        -1.200746 1.988189 0.985117,
        -1.791339 1.988189 0.985117,
        -0.346396 1.988189 0.917006,
        -0.343388 1.988189 0.902964,
        -0.340540 1.988189 0.952735,
        -0.344912 1.988189 0.941260,
        -0.349948 1.988189 0.985117,
        -0.346809 1.988189 0.924643,
        -0.337387 1.988189 0.890583,
        -0.328378 1.988189 0.880010,
        -0.315824 1.988189 0.871133,
        -0.283704 1.988189 0.983609,
        -0.302027 1.988189 0.981455,
        -0.316484 1.988189 0.976057,
        -0.302109 1.988189 0.865873,
        -0.281625 1.988189 0.863517,
        -0.248591 1.988189 0.863751,
        -0.249443 1.988189 0.983852,
        -0.328998 1.988189 0.967384,
        -0.333170 1.988189 0.963249,
        -0.153690 1.988189 0.828739,
        -0.208293 1.988189 0.828739,
        -0.237295 1.988189 0.828739,
        -0.153690 1.988189 1.003759,
        -0.208293 1.988189 1.003759,
        -0.237295 1.988189 1.003759,
        -0.349948 1.988189 1.003759,
        -0.386347 1.988189 1.003759,
        -0.499000 1.988189 1.003759,
        -1.200746 1.988189 1.003759,
        -1.791339 1.988189 1.003759,
        -0.059492 1.988189 0.710003,
        -0.062625 1.988189 0.714871,
        -0.065585 1.988189 0.739661,
        -0.110621 1.988189 0.674191,
        -0.052289 1.988189 0.078740,
        -0.125665 1.988189 0.674085,
        -0.098894 1.988189 0.749263,
        -0.093780 1.988189 0.749838,
        -0.085562 1.988189 0.725335,
        -0.124679 1.988189 0.741923,
        -0.126056 1.988189 0.729285,
        -0.095279 1.988189 0.762047,
        -0.079990 1.988189 0.760298,
        -0.052289 1.988189 0.791724,
        -0.068778 1.988189 0.756036,
        -0.065688 1.988189 0.754274,
        -0.067050 1.988189 0.718906,
        -0.073115 1.988189 0.722199,
        -0.076008 1.988189 0.746110,
        -0.085452 1.988189 0.749097,
        -0.057767 1.988189 0.690006,
        -0.056904 1.988189 0.697537,
        -0.069184 1.988189 0.675678,
        -0.064143 1.988189 0.679249,
        -0.057637 1.988189 0.704501,
        -0.105641 1.988189 0.760872,
        -0.111655 1.988189 0.758737,
        -0.116419 1.988189 0.755689,
        -0.062851 1.988189 0.680544,
        -0.059667 1.988189 0.685047,
        -0.111008 1.988189 0.728716,
        -0.110537 1.988189 0.735341,
        -0.109022 1.988189 0.740721,
        -0.107278 1.988189 0.743836,
        -0.119104 1.988189 0.753063,
        -0.122251 1.988189 0.748392,
        -0.091951 1.988189 0.673219,
        -0.083928 1.988189 0.672354,
        -0.074936 1.988189 0.673463,
        -0.105024 1.988189 0.746274,
        -0.102369 1.988189 0.748017,
        -0.110715 1.988189 0.687454,
        -0.110316 1.988189 0.687457,
        -0.107437 1.988189 0.683247,
        -0.102586 1.988189 0.678356,
        -0.098023 1.988189 0.675427,
        0.022252 1.988189 0.675133,
        -0.045115 1.988189 0.078740,
        -0.052289 1.988189 0.794056,
        -0.132096 1.988189 0.794056,
        -0.153690 1.988189 0.794056,
        -0.208293 1.988189 0.794056,
        -0.052289 1.988189 1.003759,
        -0.109676 1.988189 0.986870,
        -0.045115 1.988189 1.653543,
        -0.052289 1.988189 1.653543,
        -0.132096 1.988189 1.653543,
        -0.153690 1.988189 1.653543,
        -0.208293 1.988189 1.653543,
        -0.237295 1.988189 1.653543,
        -0.349948 1.988189 1.653543,
        -0.386347 1.988189 1.653543,
        -0.499000 1.988189 1.653543,
        -1.200746 1.988189 1.653543,
        -1.791339 1.988189 1.653543,
      ]
    }
    coordIndex [
      0, 1, 2, -1,
      3, 4, 5, -1,
      6, 7, 8, -1,
      9, 10, 11, -1,
      12, 13, 14, -1,
      15, 16, 17, -1,
      18, 19, 20, -1,
      21, 22, 23, -1,
      24, 25, 26, -1,
      26, 27, 24, -1,
      24, 27, 28, -1,
      24, 28, 29, -1,
      30, 31, 32, -1,
      32, 31, 33, -1,
      32, 33, 24, -1,
      24, 33, 34, -1,
      24, 34, 25, -1,
      35, 30, 36, -1,
      23, 22, 37, -1,
      37, 22, 36, -1,
      36, 22, 38, -1,
      36, 38, 35, -1,
      39, 40, 23, -1,
      23, 40, 41, -1,
      23, 41, 21, -1,
      42, 43, 39, -1,
      43, 44, 39, -1,
      39, 44, 45, -1,
      39, 45, 40, -1,
      40, 45, 46, -1,
      40, 46, 47, -1,
      47, 46, 48, -1,
      47, 48, 49, -1,
      20, 19, 50, -1,
      19, 51, 50, -1,
      50, 51, 52, -1,
      50, 52, 39, -1,
      39, 52, 53, -1,
      39, 53, 42, -1,
      18, 20, 54, -1,
      54, 20, 55, -1,
      54, 55, 56, -1,
      56, 55, 57, -1,
      56, 57, 58, -1,
      59, 60, 61, -1,
      59, 61, 62, -1,
      60, 63, 61, -1,
      61, 63, 64, -1,
      61, 64, 65, -1,
      66, 67, 68, -1,
      68, 67, 69, -1,
      68, 69, 61, -1,
      61, 69, 70, -1,
      61, 70, 62, -1,
      71, 72, 73, -1,
      73, 72, 74, -1,
      73, 74, 57, -1,
      57, 74, 75, -1,
      57, 75, 58, -1,
      76, 77, 78, -1,
      78, 77, 79, -1,
      78, 79, 80, -1,
      80, 81, 78, -1,
      78, 81, 82, -1,
      78, 82, 83, -1,
      83, 82, 66, -1,
      83, 66, 84, -1,
      84, 66, 68, -1,
      85, 86, 73, -1,
      73, 86, 87, -1,
      73, 87, 88, -1,
      89, 90, 61, -1,
      61, 90, 91, -1,
      61, 91, 92, -1,
      93, 94, 95, -1,
      95, 94, 96, -1,
      95, 96, 97, -1,
      97, 96, 98, -1,
      97, 98, 99, -1,
      100, 101, 97, -1,
      88, 102, 73, -1,
      73, 102, 103, -1,
      73, 103, 71, -1,
      65, 104, 61, -1,
      61, 104, 105, -1,
      61, 105, 106, -1,
      99, 107, 97, -1,
      97, 107, 108, -1,
      97, 108, 109, -1,
      106, 110, 61, -1,
      61, 110, 111, -1,
      61, 111, 89, -1,
      100, 97, 112, -1,
      112, 97, 109, -1,
      112, 109, 78, -1,
      78, 109, 113, -1,
      78, 113, 76, -1,
      101, 114, 97, -1,
      97, 114, 115, -1,
      97, 115, 73, -1,
      73, 115, 116, -1,
      73, 116, 85, -1,
      91, 117, 92, -1,
      92, 117, 118, -1,
      92, 118, 119, -1,
      119, 118, 120, -1,
      121, 17, 122, -1,
      122, 17, 123, -1,
      122, 123, 124, -1,
      124, 123, 125, -1,
      120, 126, 119, -1,
      119, 126, 127, -1,
      119, 127, 123, -1,
      123, 127, 128, -1,
      123, 128, 125, -1,
      15, 129, 16, -1,
      16, 129, 130, -1,
      16, 130, 131, -1,
      132, 133, 134, -1,
      134, 133, 135, -1,
      134, 135, 121, -1,
      121, 135, 136, -1,
      121, 136, 17, -1,
      17, 136, 137, -1,
      17, 137, 15, -1,
      138, 139, 134, -1,
      134, 139, 140, -1,
      134, 140, 132, -1,
      138, 141, 139, -1,
      139, 141, 142, -1,
      139, 142, 143, -1,
      144, 145, 146, -1,
      146, 125, 144, -1,
      144, 125, 128, -1,
      144, 128, 147, -1,
      147, 128, 148, -1,
      148, 149, 147, -1,
      147, 149, 150, -1,
      147, 150, 151, -1,
      152, 153, 154, -1,
      153, 155, 154, -1,
      154, 155, 156, -1,
      154, 156, 157, -1,
      158, 154, 159, -1,
      145, 144, 158, -1,
      158, 144, 160, -1,
      158, 160, 154, -1,
      154, 160, 161, -1,
      154, 161, 152, -1,
      159, 162, 158, -1,
      158, 162, 163, -1,
      158, 163, 164, -1,
      157, 156, 165, -1,
      165, 156, 166, -1,
      165, 166, 167, -1,
      167, 166, 168, -1,
      167, 168, 169, -1,
      170, 171, 164, -1,
      164, 171, 172, -1,
      164, 172, 158, -1,
      173, 174, 93, -1,
      93, 174, 175, -1,
      93, 175, 94, -1,
      29, 176, 24, -1,
      24, 176, 177, -1,
      24, 177, 178, -1,
      178, 177, 179, -1,
      178, 179, 12, -1,
      180, 181, 182, -1,
      182, 181, 183, -1,
      184, 185, 186, -1,
      186, 185, 187, -1,
      186, 187, 188, -1,
      180, 189, 181, -1,
      181, 189, 190, -1,
      181, 190, 191, -1,
      191, 192, 181, -1,
      181, 192, 193, -1,
      181, 193, 186, -1,
      186, 193, 194, -1,
      186, 194, 184, -1,
      188, 195, 186, -1,
      186, 195, 196, -1,
      186, 196, 197, -1,
      197, 196, 198, -1,
      197, 198, 199, -1,
      199, 198, 200, -1,
      199, 200, 201, -1,
      200, 202, 201, -1,
      201, 202, 203, -1,
      201, 203, 204, -1,
      204, 203, 183, -1,
      205, 206, 207, -1,
      207, 206, 208, -1,
      199, 209, 210, -1,
      211, 205, 210, -1,
      210, 205, 207, -1,
      210, 207, 199, -1,
      199, 207, 212, -1,
      199, 212, 197, -1,
      197, 212, 213, -1,
      206, 214, 208, -1,
      208, 214, 215, -1,
      208, 215, 216, -1,
      210, 217, 211, -1,
      211, 217, 218, -1,
      211, 218, 219, -1,
      209, 199, 220, -1,
      220, 199, 201, -1,
      220, 201, 221, -1,
      222, 223, 221, -1,
      221, 223, 224, -1,
      221, 224, 220, -1,
      225, 226, 227, -1,
      228, 229, 226, -1,
      226, 229, 230, -1,
      226, 230, 227, -1,
      231, 232, 233, -1,
      233, 232, 234, -1,
      233, 234, 235, -1,
      235, 234, 236, -1,
      235, 236, 237, -1,
      237, 238, 235, -1,
      235, 238, 239, -1,
      235, 239, 240, -1,
      241, 242, 243, -1,
      244, 245, 246, -1,
      247, 248, 249, -1,
      250, 251, 242, -1,
      242, 251, 252, -1,
      242, 252, 243, -1,
      243, 252, 253, -1,
      243, 253, 254, -1,
      247, 249, 242, -1,
      242, 249, 255, -1,
      242, 255, 250, -1,
      246, 245, 256, -1,
      257, 258, 259, -1,
      260, 261, 262, -1,
      263, 264, 265, -1,
      254, 266, 243, -1,
      243, 266, 267, -1,
      243, 267, 265, -1,
      265, 267, 268, -1,
      265, 268, 263, -1,
      264, 269, 265, -1,
      265, 269, 270, -1,
      265, 270, 271, -1,
      270, 272, 271, -1,
      271, 272, 273, -1,
      271, 273, 259, -1,
      261, 274, 262, -1,
      262, 274, 275, -1,
      262, 275, 276, -1,
      276, 277, 262, -1,
      262, 277, 278, -1,
      262, 278, 245, -1,
      245, 278, 279, -1,
      245, 279, 256, -1,
      280, 281, 282, -1,
      282, 281, 283, -1,
      282, 283, 284, -1,
      282, 285, 280, -1,
      280, 285, 286, -1,
      280, 286, 287, -1,
      287, 288, 280, -1,
      280, 288, 289, -1,
      280, 289, 290, -1,
      290, 289, 291, -1,
      290, 291, 292, -1,
      292, 291, 293, -1,
      292, 293, 259, -1,
      259, 293, 294, -1,
      259, 294, 257, -1,
      295, 296, 284, -1,
      284, 296, 297, -1,
      284, 297, 282, -1,
      298, 299, 248, -1,
      248, 299, 300, -1,
      248, 300, 249, -1,
      298, 301, 299, -1,
      299, 301, 302, -1,
      299, 302, 303, -1,
      303, 302, 304, -1,
      303, 305, 306, -1,
      304, 307, 303, -1,
      303, 307, 308, -1,
      303, 308, 309, -1,
      309, 310, 303, -1,
      303, 310, 311, -1,
      303, 311, 305, -1,
      306, 312, 303, -1,
      303, 312, 313, -1,
      303, 313, 314, -1,
      315, 316, 9, -1,
      9, 316, 317, -1,
      318, 319, 320, -1,
      321, 322, 323, -1,
      323, 322, 324, -1,
      323, 324, 325, -1,
      324, 326, 325, -1,
      325, 326, 327, -1,
      325, 327, 328, -1,
      329, 327, 330, -1,
      330, 327, 326, -1,
      330, 326, 331, -1,
      331, 326, 324, -1,
      331, 324, 332, -1,
      332, 324, 333, -1,
      332, 333, 10, -1,
      334, 335, 336, -1,
      336, 335, 337, -1,
      336, 337, 338, -1,
      338, 337, 339, -1,
      340, 341, 342, -1,
      342, 343, 340, -1,
      340, 343, 344, -1,
      340, 344, 345, -1,
      337, 346, 339, -1,
      339, 346, 347, -1,
      339, 347, 348, -1,
      349, 350, 351, -1,
      338, 342, 336, -1,
      336, 342, 341, -1,
      336, 341, 352, -1,
      352, 341, 353, -1,
      352, 353, 351, -1,
      351, 353, 354, -1,
      351, 354, 349, -1,
      355, 356, 334, -1,
      334, 356, 357, -1,
      334, 357, 335, -1,
      358, 359, 360, -1,
      360, 359, 361, -1,
      362, 363, 364, -1,
      364, 363, 365, -1,
      364, 365, 358, -1,
      362, 366, 367, -1,
      367, 366, 32, -1,
      367, 32, 368, -1,
      368, 32, 24, -1,
      368, 24, 361, -1,
      361, 24, 178, -1,
      361, 178, 360, -1,
      7, 6, 355, -1,
      355, 6, 369, -1,
      355, 369, 370, -1,
      371, 372, 373, -1,
      373, 372, 374, -1,
      373, 374, 375, -1,
      375, 374, 376, -1,
      375, 376, 370, -1,
      370, 376, 350, -1,
      370, 350, 355, -1,
      355, 350, 349, -1,
      355, 349, 356, -1,
      377, 378, 379, -1,
      379, 378, 373, -1,
      377, 380, 378, -1,
      378, 380, 381, -1,
      378, 381, 382, -1,
      378, 383, 373, -1,
      373, 383, 384, -1,
      373, 384, 385, -1,
      382, 386, 378, -1,
      378, 386, 387, -1,
      378, 387, 388, -1,
      385, 389, 373, -1,
      373, 389, 390, -1,
      373, 390, 391, -1,
      391, 392, 373, -1,
      373, 392, 393, -1,
      373, 393, 371, -1,
      394, 395, 396, -1,
      396, 395, 8, -1,
      397, 398, 5, -1,
      5, 398, 399, -1,
      399, 400, 5, -1,
      5, 400, 401, -1,
      5, 401, 3, -1,
      397, 5, 402, -1,
      402, 5, 364, -1,
      402, 364, 403, -1,
      358, 360, 364, -1,
      364, 360, 404, -1,
      364, 404, 403, -1,
      405, 406, 407, -1,
      407, 406, 408, -1,
      407, 408, 360, -1,
      360, 408, 409, -1,
      360, 409, 404, -1,
      410, 411, 407, -1,
      407, 411, 412, -1,
      407, 412, 405, -1,
      1, 413, 414, -1,
      414, 413, 415, -1,
      414, 415, 416, -1,
      376, 417, 350, -1,
      350, 417, 418, -1,
      350, 418, 2, -1,
      2, 418, 419, -1,
      2, 419, 0, -1,
      420, 421, 422, -1,
      423, 424, 425, -1,
      425, 426, 427, -1,
      428, 429, 427, -1,
      427, 429, 430, -1,
      427, 430, 425, -1,
      425, 430, 420, -1,
      425, 420, 423, -1,
      423, 420, 422, -1,
      431, 432, 433, -1,
      433, 432, 426, -1,
      431, 434, 435, -1,
      435, 434, 14, -1,
      435, 14, 436, -1,
      13, 173, 14, -1,
      14, 173, 93, -1,
      14, 93, 436, -1,
      436, 93, 95, -1,
      436, 95, 437, -1,
      438, 439, 271, -1,
      227, 232, 225, -1,
      225, 232, 231, -1,
      225, 231, 440, -1,
      440, 231, 441, -1,
      258, 442, 259, -1,
      259, 442, 260, -1,
      259, 260, 271, -1,
      271, 260, 262, -1,
      271, 262, 438, -1,
      212, 443, 213, -1,
      213, 443, 235, -1,
      213, 235, 444, -1,
      444, 235, 240, -1,
      444, 240, 445, -1,
      446, 447, 448, -1,
      445, 449, 444, -1,
      444, 449, 450, -1,
      444, 450, 262, -1,
      262, 450, 451, -1,
      262, 451, 438, -1,
      231, 271, 441, -1,
      441, 271, 439, -1,
      441, 439, 446, -1,
      446, 439, 452, -1,
      446, 452, 453, -1,
      453, 454, 446, -1,
      446, 454, 455, -1,
      446, 455, 447, -1,
      448, 456, 446, -1,
      446, 456, 457, -1,
      446, 457, 458, -1,
      459, 460, 461, -1,
      461, 460, 462, -1,
      463, 464, 186, -1,
      186, 464, 181, -1,
      181, 464, 465, -1,
      181, 465, 460, -1,
      460, 465, 466, -1,
      460, 466, 462, -1,
      462, 466, 467, -1,
      462, 467, 468, -1,
      469, 470, 468, -1,
      468, 470, 463, -1,
      468, 463, 462, -1,
      462, 463, 186, -1,
      183, 181, 204, -1,
      204, 181, 460, -1,
      204, 460, 471, -1,
      471, 460, 459, -1,
      471, 459, 472, -1,
      10, 333, 11, -1,
      11, 333, 473, -1,
      11, 473, 474, -1,
      474, 473, 475, -1,
      474, 475, 476, -1,
      9, 11, 315, -1,
      315, 11, 474, -1,
      315, 474, 477, -1,
      477, 474, 476, -1,
      477, 476, 478, -1,
      479, 480, 318, -1,
      481, 482, 483, -1,
      483, 482, 484, -1,
      480, 485, 318, -1,
      318, 485, 486, -1,
      318, 486, 487, -1,
      336, 488, 483, -1,
      483, 488, 489, -1,
      483, 489, 490, -1,
      487, 491, 318, -1,
      318, 491, 492, -1,
      318, 492, 352, -1,
      352, 492, 493, -1,
      352, 493, 336, -1,
      336, 493, 494, -1,
      336, 494, 488, -1,
      490, 495, 483, -1,
      483, 495, 496, -1,
      483, 496, 481, -1,
      317, 316, 320, -1,
      320, 316, 483, -1,
      320, 483, 318, -1,
      318, 483, 484, -1,
      318, 484, 479, -1,
      1, 414, 2, -1,
      2, 414, 497, -1,
      2, 497, 350, -1,
      350, 497, 498, -1,
      350, 498, 351, -1,
      351, 498, 499, -1,
      351, 499, 352, -1,
      352, 499, 322, -1,
      352, 322, 318, -1,
      318, 322, 321, -1,
      318, 321, 319, -1,
      8, 7, 396, -1,
      396, 7, 355, -1,
      396, 355, 500, -1,
      500, 355, 334, -1,
      500, 334, 501, -1,
      501, 334, 336, -1,
      501, 336, 502, -1,
      502, 336, 483, -1,
      502, 483, 503, -1,
      503, 483, 316, -1,
      503, 316, 504, -1,
      504, 316, 315, -1,
      504, 315, 505, -1,
      505, 315, 477, -1,
      505, 477, 506, -1,
      506, 477, 478, -1,
      506, 478, 507, -1,
      508, 509, 510, -1,
      511, 512, 513, -1,
      513, 512, 244, -1,
      514, 515, 516, -1,
      243, 517, 518, -1,
      519, 243, 520, -1,
      520, 243, 521, -1,
      520, 521, 522, -1,
      522, 521, 523, -1,
      509, 524, 510, -1,
      510, 524, 525, -1,
      510, 525, 526, -1,
      526, 525, 516, -1,
      526, 516, 527, -1,
      527, 516, 515, -1,
      246, 241, 244, -1,
      244, 241, 243, -1,
      244, 243, 513, -1,
      513, 243, 518, -1,
      512, 528, 529, -1,
      512, 530, 531, -1,
      523, 521, 510, -1,
      510, 521, 532, -1,
      510, 532, 508, -1,
      519, 533, 243, -1,
      243, 533, 534, -1,
      243, 534, 535, -1,
      531, 536, 512, -1,
      512, 536, 537, -1,
      512, 537, 528, -1,
      538, 539, 516, -1,
      516, 539, 540, -1,
      516, 540, 541, -1,
      535, 542, 243, -1,
      243, 542, 543, -1,
      243, 543, 517, -1,
      544, 545, 512, -1,
      512, 545, 546, -1,
      512, 546, 530, -1,
      541, 547, 516, -1,
      516, 547, 548, -1,
      516, 548, 514, -1,
      511, 549, 550, -1,
      550, 551, 511, -1,
      511, 551, 552, -1,
      511, 552, 512, -1,
      512, 552, 553, -1,
      512, 553, 544, -1,
      437, 95, 554, -1,
      554, 95, 97, -1,
      554, 97, 424, -1,
      424, 97, 555, -1,
      424, 555, 425, -1,
      425, 555, 512, -1,
      425, 512, 521, -1,
      521, 512, 529, -1,
      521, 529, 532, -1,
      426, 425, 433, -1,
      433, 425, 521, -1,
      433, 521, 556, -1,
      556, 521, 243, -1,
      556, 243, 557, -1,
      557, 243, 265, -1,
      557, 265, 558, -1,
      558, 265, 271, -1,
      558, 271, 559, -1,
      559, 271, 231, -1,
      559, 231, 222, -1,
      222, 231, 233, -1,
      222, 233, 223, -1,
      431, 433, 434, -1,
      434, 433, 556, -1,
      434, 556, 416, -1,
      416, 556, 557, -1,
      416, 557, 414, -1,
      414, 557, 558, -1,
      414, 558, 497, -1,
      497, 558, 559, -1,
      497, 559, 498, -1,
      498, 559, 222, -1,
      498, 222, 499, -1,
      499, 222, 221, -1,
      499, 221, 322, -1,
      322, 221, 201, -1,
      322, 201, 324, -1,
      324, 201, 204, -1,
      324, 204, 333, -1,
      333, 204, 471, -1,
      333, 471, 473, -1,
      473, 471, 472, -1,
      473, 472, 475, -1,
      362, 364, 366, -1,
      366, 364, 5, -1,
      366, 5, 560, -1,
      560, 5, 4, -1,
      560, 4, 396, -1,
      396, 4, 561, -1,
      396, 561, 394, -1,
      12, 14, 178, -1,
      178, 14, 434, -1,
      178, 434, 360, -1,
      360, 434, 416, -1,
      360, 416, 407, -1,
      407, 416, 415, -1,
      407, 415, 410, -1,
      30, 32, 36, -1,
      36, 32, 366, -1,
      36, 366, 562, -1,
      562, 366, 560, -1,
      562, 560, 563, -1,
      563, 560, 396, -1,
      563, 396, 564, -1,
      564, 396, 500, -1,
      564, 500, 565, -1,
      565, 500, 501, -1,
      565, 501, 566, -1,
      566, 501, 502, -1,
      566, 502, 567, -1,
      567, 502, 503, -1,
      567, 503, 568, -1,
      568, 503, 504, -1,
      568, 504, 569, -1,
      569, 504, 505, -1,
      569, 505, 570, -1,
      570, 505, 506, -1,
      570, 506, 571, -1,
      571, 506, 507, -1,
      571, 507, 572, -1,
    ]
  }
}

Shape {
  appearance Appearance {
    material Material {
      diffuseColor 0.8510 0.8510 0.8510
      specularColor 0.4235 0.4235 0.4235
      ambientIntensity 0.2
      transparency 0.0000
      shininess 0.5
    }
  }
  geometry IndexedFaceSet {
    ccw TRUE
    solid FALSE
    coord DEF co Coordinate {
      point [
        2.027559 0.157480 1.181102,
        2.027559 0.590551 1.181102,
        2.007874 0.157480 1.181102,
        1.988189 0.590551 1.181102,
        2.007874 -0.157480 1.181102,
        1.988189 -0.590551 1.181102,
        2.027559 -0.157480 1.181102,
        2.027559 -0.590551 1.181102,
        2.027559 -0.157480 1.023622,
        2.027559 -0.590551 1.023622,
        2.007874 -0.157480 1.023622,
        1.988189 -0.590551 1.023622,
        2.007874 0.157480 1.023622,
        1.988189 0.590551 1.023622,
        2.027559 0.157480 1.023622,
        2.027559 0.590551 1.023622,
        2.093793 -0.590551 1.172383,
        2.093793 -0.157480 1.172383,
        2.155512 -0.590551 1.146817,
        2.155512 -0.157480 1.146817,
        2.208512 -0.590551 1.106149,
        2.208512 -0.157480 1.106149,
        2.249180 -0.590551 1.053150,
        2.249180 -0.157480 1.053150,
        2.274745 -0.590551 0.991430,
        2.274745 -0.157480 0.991430,
        2.283465 -0.590551 0.925197,
        2.283465 -0.157480 0.925197,
        2.093793 0.157480 1.172383,
        2.093793 0.590551 1.172383,
        2.155512 0.157480 1.146817,
        2.155512 0.590551 1.146817,
        2.208512 0.157480 1.106149,
        2.208512 0.590551 1.106149,
        2.249180 0.157480 1.053150,
        2.249180 0.590551 1.053150,
        2.274745 0.157480 0.991430,
        2.274745 0.590551 0.991430,
        2.283465 0.157480 0.925197,
        2.283465 0.590551 0.925197,
        2.125984 -0.157480 0.925197,
        2.125984 -0.590551 0.925197,
        2.123517 -0.157480 0.947098,
        2.123517 -0.590551 0.947098,
        2.116237 -0.157480 0.967902,
        2.116237 -0.590551 0.967902,
        2.104511 -0.157480 0.986564,
        2.104511 -0.590551 0.986564,
        2.088926 -0.157480 1.002149,
        2.088926 -0.590551 1.002149,
        2.070264 -0.157480 1.013875,
        2.070264 -0.590551 1.013875,
        2.049461 -0.157480 1.021154,
        2.049461 -0.590551 1.021154,
        2.125984 0.590551 0.925197,
        2.125984 0.157480 0.925197,
        2.123517 0.590551 0.947098,
        2.123517 0.157480 0.947098,
        2.116237 0.590551 0.967902,
        2.116237 0.157480 0.967902,
        2.104511 0.590551 0.986564,
        2.104511 0.157480 0.986564,
        2.088926 0.590551 1.002149,
        2.088926 0.157480 1.002149,
        2.070264 0.590551 1.013875,
        2.070264 0.157480 1.013875,
        2.049461 0.590551 1.021154,
        2.049461 0.157480 1.021154,
        -2.027559 0.590551 1.023622,
        -2.027559 0.157480 1.023622,
        -2.053033 0.590551 1.020268,
        -2.053033 0.157480 1.020268,
        -2.076772 0.590551 1.010435,
        -2.076772 0.157480 1.010435,
        -2.097156 0.590551 0.994794,
        -2.097156 0.157480 0.994794,
        -2.112798 0.590551 0.974409,
        -2.112798 0.157480 0.974409,
        -2.122630 0.590551 0.950671,
        -2.122630 0.157480 0.950671,
        -2.125984 0.590551 0.925197,
        -2.125984 0.157480 0.925197,
        -2.283465 0.590551 0.925197,
        -2.283465 0.157480 0.925197,
        -2.274745 0.157480 0.991430,
        -2.274745 0.590551 0.991430,
        -2.249180 0.157480 1.053150,
        -2.249180 0.590551 1.053150,
        -2.208512 0.157480 1.106149,
        -2.208512 0.590551 1.106149,
        -2.155512 0.157480 1.146817,
        -2.155512 0.590551 1.146817,
        -2.093793 0.157480 1.172383,
        -2.093793 0.590551 1.172383,
        -2.027559 0.157480 1.181102,
        -2.027559 0.590551 1.181102,
      ]
    }
    coordIndex [
      0, 1, 2, -1,
      2, 1, 3, -1,
      2, 3, 4, -1,
      4, 3, 5, -1,
      4, 5, 6, -1,
      6, 5, 7, -1,
      8, 9, 10, -1,
      10, 9, 11, -1,
      10, 11, 12, -1,
      12, 11, 13, -1,
      12, 13, 14, -1,
      14, 13, 15, -1,
      6, 7, 16, -1,
      6, 16, 17, -1,
      17, 16, 18, -1,
      17, 18, 19, -1,
      19, 18, 20, -1,
      19, 20, 21, -1,
      21, 20, 22, -1,
      21, 22, 23, -1,
      23, 22, 24, -1,
      23, 24, 25, -1,
      25, 24, 26, -1,
      25, 26, 27, -1,
      1, 0, 28, -1,
      1, 28, 29, -1,
      29, 28, 30, -1,
      29, 30, 31, -1,
      31, 30, 32, -1,
      31, 32, 33, -1,
      33, 32, 34, -1,
      33, 34, 35, -1,
      35, 34, 36, -1,
      35, 36, 37, -1,
      37, 36, 38, -1,
      37, 38, 39, -1,
      40, 41, 42, -1,
      42, 41, 43, -1,
      42, 43, 44, -1,
      44, 43, 45, -1,
      44, 45, 46, -1,
      46, 45, 47, -1,
      46, 47, 48, -1,
      48, 47, 49, -1,
      48, 49, 50, -1,
      50, 49, 51, -1,
      50, 51, 52, -1,
      52, 51, 53, -1,
      52, 53, 8, -1,
      8, 53, 9, -1,
      54, 55, 56, -1,
      56, 55, 57, -1,
      56, 57, 58, -1,
      58, 57, 59, -1,
      58, 59, 60, -1,
      60, 59, 61, -1,
      60, 61, 62, -1,
      62, 61, 63, -1,
      62, 63, 64, -1,
      64, 63, 65, -1,
      64, 65, 66, -1,
      66, 65, 67, -1,
      66, 67, 15, -1,
      15, 67, 14, -1,
      68, 69, 70, -1,
      70, 69, 71, -1,
      70, 71, 72, -1,
      72, 71, 73, -1,
      72, 73, 74, -1,
      74, 73, 75, -1,
      74, 75, 76, -1,
      76, 75, 77, -1,
      76, 77, 78, -1,
      78, 77, 79, -1,
      78, 79, 80, -1,
      80, 79, 81, -1,
      82, 83, 84, -1,
      82, 84, 85, -1,
      85, 84, 86, -1,
      85, 86, 87, -1,
      87, 86, 88, -1,
      87, 88, 89, -1,
      89, 88, 90, -1,
      89, 90, 91, -1,
      91, 90, 92, -1,
      91, 92, 93, -1,
      93, 92, 94, -1,
      93, 94, 95, -1,
    ]
  }
}

Shape {
  appearance Appearance {
    material Material {
      diffuseColor 0.5647 0.5647 0.5647
      specularColor 0.2824 0.2824 0.2824
      ambientIntensity 0.2
      transparency 0.0000
      shininess 0.5
    }
  }
  geometry IndexedFaceSet {
    ccw TRUE
    solid FALSE
    coord DEF co Coordinate {
      point [
        1.791339 1.988189 1.653543,
        1.791339 1.988189 0.078740,
        -1.791339 1.988189 0.078740,
        -1.791339 1.988189 1.653543,
        1.988189 0.590551 1.181102,
        1.988189 -0.590551 1.181102,
        1.988189 -0.590551 1.023622,
        1.988189 0.590551 1.023622,
        1.988189 0.669291 0.196850,
        1.988189 0.787402 0.078740,
        1.988189 1.791339 0.078740,
        1.988189 -0.787402 0.078740,
        1.988189 -0.669291 0.196850,
        1.988189 1.791339 1.653543,
        1.988189 -1.791339 1.653543,
        1.988189 -1.791339 0.078740,
        -1.988189 -0.590551 1.023622,
        -1.988189 -1.791339 0.078740,
        -1.988189 -0.590551 1.181102,
        -1.988189 -1.791339 1.653543,
        -1.988189 0.590551 1.181102,
        -1.988189 1.791339 1.653543,
        -1.988189 0.590551 1.023622,
        -1.988189 1.791339 0.078740,
        -1.988189 -0.787402 0.078740,
        -1.988189 -0.669291 0.196850,
        -1.988189 0.669291 0.196850,
        -1.988189 0.787402 0.078740,
        1.791339 -1.988189 1.653543,
        -1.791339 -1.988189 1.653543,
        1.791339 -1.988189 0.078740,
        -1.791339 -1.988189 0.078740,
        1.842287 1.981481 1.653543,
        -1.842287 -1.981481 1.653543,
        -1.981481 -1.842287 1.653543,
        -1.961816 -1.889764 1.653543,
        -1.930533 -1.930533 1.653543,
        -1.889764 -1.961816 1.653543,
        1.889764 -1.961816 1.653543,
        1.930533 -1.930533 1.653543,
        1.961816 -1.889764 1.653543,
        1.981481 1.842287 1.653543,
        1.961816 1.889764 1.653543,
        1.930533 1.930533 1.653543,
        -1.842287 1.981481 1.653543,
        1.842287 -1.981481 1.653543,
        1.981481 -1.842287 1.653543,
        1.889764 1.961816 1.653543,
        -1.889764 1.961816 1.653543,
        -1.930533 1.930533 1.653543,
        -1.981481 1.842287 1.653543,
        -1.961816 1.889764 1.653543,
        -0.807087 -0.787402 0.078740,
        0.807087 0.787402 0.078740,
        1.842287 -1.981481 0.078740,
        0.807087 -0.787402 0.078740,
        -0.807087 0.787402 0.078740,
        -1.981481 1.842287 0.078740,
        -1.961816 -1.889764 0.078740,
        -1.842287 -1.981481 0.078740,
        -1.930533 -1.930533 0.078740,
        -1.889764 -1.961816 0.078740,
        -1.981481 -1.842287 0.078740,
        1.889764 1.961816 0.078740,
        1.930533 1.930533 0.078740,
        -1.961816 1.889764 0.078740,
        -1.930533 1.930533 0.078740,
        1.842287 1.981481 0.078740,
        -1.889764 1.961816 0.078740,
        -1.842287 1.981481 0.078740,
        1.961816 1.889764 0.078740,
        1.981481 1.842287 0.078740,
        1.981481 -1.842287 0.078740,
        1.961816 -1.889764 0.078740,
        1.930533 -1.930533 0.078740,
        1.889764 -1.961816 0.078740,
        -0.925197 0.669291 0.196850,
        -0.925197 -0.669291 0.196850,
        0.925197 -0.669291 0.196850,
        0.925197 0.669291 0.196850,
      ]
    }
    coordIndex [
      8, 9, 10, -1,
      11, 12, 6, -1,
      6, 12, 7, -1,
      12, 8, 7, -1,
      7, 8, 10, -1,
      7, 10, 4, -1,
      4, 10, 13, -1,
      4, 13, 5, -1,
      5, 13, 14, -1,
      5, 14, 6, -1,
      6, 14, 15, -1,
      6, 15, 11, -1,
      16, 17, 18, -1,
      18, 17, 19, -1,
      18, 19, 20, -1,
      20, 19, 21, -1,
      20, 21, 22, -1,
      22, 21, 23, -1,
      24, 17, 25, -1,
      25, 17, 16, -1,
      25, 16, 26, -1,
      26, 16, 22, -1,
      26, 22, 27, -1,
      27, 22, 23, -1,
      28, 29, 30, -1,
      30, 29, 31, -1,
      19, 14, 21, -1,
      21, 14, 13, -1,
      32, 0, 13, -1,
      28, 14, 29, -1,
      29, 14, 19, -1,
      29, 19, 33, -1,
      33, 19, 34, -1,
      34, 35, 33, -1,
      33, 35, 36, -1,
      33, 36, 37, -1,
      38, 39, 40, -1,
      41, 42, 43, -1,
      13, 0, 21, -1,
      21, 0, 3, -1,
      21, 3, 44, -1,
      28, 45, 14, -1,
      14, 45, 38, -1,
      14, 38, 46, -1,
      46, 38, 40, -1,
      41, 43, 13, -1,
      13, 43, 47, -1,
      13, 47, 32, -1,
      44, 48, 21, -1,
      21, 48, 49, -1,
      21, 49, 50, -1,
      50, 49, 51, -1,
      24, 52, 17, -1,
      17, 52, 30, -1,
      10, 9, 53, -1,
      54, 30, 55, -1,
      55, 30, 52, -1,
      55, 52, 53, -1,
      53, 52, 56, -1,
      27, 23, 2, -1,
      2, 23, 57, -1,
      58, 59, 60, -1,
      60, 59, 61, -1,
      30, 31, 17, -1,
      17, 31, 59, -1,
      17, 59, 62, -1,
      62, 59, 58, -1,
      63, 64, 53, -1,
      57, 65, 66, -1,
      27, 2, 56, -1,
      56, 2, 1, -1,
      56, 1, 53, -1,
      53, 1, 67, -1,
      53, 67, 63, -1,
      66, 68, 57, -1,
      57, 68, 69, -1,
      57, 69, 2, -1,
      64, 70, 53, -1,
      53, 70, 71, -1,
      53, 71, 10, -1,
      11, 15, 55, -1,
      55, 15, 72, -1,
      55, 72, 73, -1,
      73, 74, 55, -1,
      55, 74, 75, -1,
      55, 75, 54, -1,
      28, 30, 54, -1,
      28, 54, 45, -1,
      45, 54, 75, -1,
      45, 75, 38, -1,
      38, 75, 74, -1,
      38, 74, 39, -1,
      39, 74, 73, -1,
      39, 73, 40, -1,
      40, 73, 72, -1,
      40, 72, 46, -1,
      46, 72, 15, -1,
      46, 15, 14, -1,
      19, 17, 62, -1,
      19, 62, 34, -1,
      34, 62, 58, -1,
      34, 58, 35, -1,
      35, 58, 60, -1,
      35, 60, 36, -1,
      36, 60, 61, -1,
      36, 61, 37, -1,
      37, 61, 59, -1,
      37, 59, 33, -1,
      33, 59, 31, -1,
      33, 31, 29, -1,
      13, 10, 71, -1,
      13, 71, 41, -1,
      41, 71, 70, -1,
      41, 70, 42, -1,
      42, 70, 64, -1,
      42, 64, 43, -1,
      43, 64, 63, -1,
      43, 63, 47, -1,
      47, 63, 67, -1,
      47, 67, 32, -1,
      32, 67, 1, -1,
      32, 1, 0, -1,
      3, 2, 69, -1,
      3, 69, 44, -1,
      44, 69, 68, -1,
      44, 68, 48, -1,
      48, 68, 66, -1,
      48, 66, 49, -1,
      49, 66, 65, -1,
      49, 65, 51, -1,
      51, 65, 57, -1,
      51, 57, 50, -1,
      50, 57, 23, -1,
      50, 23, 21, -1,
      76, 77, 26, -1,
      26, 77, 25, -1,
      52, 24, 77, -1,
      77, 24, 25, -1,
      76, 26, 56, -1,
      56, 26, 27, -1,
      77, 76, 52, -1,
      52, 76, 56, -1,
      78, 79, 12, -1,
      12, 79, 8, -1,
      78, 12, 55, -1,
      55, 12, 11, -1,
      53, 9, 79, -1,
      79, 9, 8, -1,
      79, 78, 53, -1,
      53, 78, 55, -1,
    ]
  }
}

Shape {
  appearance Appearance {
    material Material {
      diffuseColor 0.8510 0.8510 0.8510
      specularColor 0.4235 0.4235 0.4235
      ambientIntensity 0.2
      transparency 0.0000
      shininess 0.5
    }
  }
  geometry IndexedFaceSet {
    ccw TRUE
    solid FALSE
    coord DEF co Coordinate {
      point [
        2.027559 0.157480 1.181102,
        2.027559 0.590551 1.181102,
        2.007874 0.157480 1.181102,
        1.988189 0.590551 1.181102,
        2.007874 -0.157480 1.181102,
        1.988189 -0.590551 1.181102,
        2.027559 -0.157480 1.181102,
        2.027559 -0.590551 1.181102,
        2.027559 -0.157480 1.023622,
        2.027559 -0.590551 1.023622,
        2.007874 -0.157480 1.023622,
        1.988189 -0.590551 1.023622,
        2.007874 0.157480 1.023622,
        1.988189 0.590551 1.023622,
        2.027559 0.157480 1.023622,
        2.027559 0.590551 1.023622,
        2.093793 -0.590551 1.172383,
        2.093793 -0.157480 1.172383,
        2.155512 -0.590551 1.146817,
        2.155512 -0.157480 1.146817,
        2.208512 -0.590551 1.106149,
        2.208512 -0.157480 1.106149,
        2.249180 -0.590551 1.053150,
        2.249180 -0.157480 1.053150,
        2.274745 -0.590551 0.991430,
        2.274745 -0.157480 0.991430,
        2.283465 -0.590551 0.925197,
        2.283465 -0.157480 0.925197,
        2.093793 0.157480 1.172383,
        2.093793 0.590551 1.172383,
        2.155512 0.157480 1.146817,
        2.155512 0.590551 1.146817,
        2.208512 0.157480 1.106149,
        2.208512 0.590551 1.106149,
        2.249180 0.157480 1.053150,
        2.249180 0.590551 1.053150,
        2.274745 0.157480 0.991430,
        2.274745 0.590551 0.991430,
        2.283465 0.157480 0.925197,
        2.283465 0.590551 0.925197,
        2.125984 -0.157480 0.925197,
        2.125984 -0.590551 0.925197,
        2.123517 -0.157480 0.947098,
        2.123517 -0.590551 0.947098,
        2.116237 -0.157480 0.967902,
        2.116237 -0.590551 0.967902,
        2.104511 -0.157480 0.986564,
        2.104511 -0.590551 0.986564,
        2.088926 -0.157480 1.002149,
        2.088926 -0.590551 1.002149,
        2.070264 -0.157480 1.013875,
        2.070264 -0.590551 1.013875,
        2.049461 -0.157480 1.021154,
        2.049461 -0.590551 1.021154,
        2.125984 0.590551 0.925197,
        2.125984 0.157480 0.925197,
        2.123517 0.590551 0.947098,
        2.123517 0.157480 0.947098,
        2.116237 0.590551 0.967902,
        2.116237 0.157480 0.967902,
        2.104511 0.590551 0.986564,
        2.104511 0.157480 0.986564,
        2.088926 0.590551 1.002149,
        2.088926 0.157480 1.002149,
        2.070264 0.590551 1.013875,
        2.070264 0.157480 1.013875,
        2.049461 0.590551 1.021154,
        2.049461 0.157480 1.021154,
        -2.027559 0.590551 1.023622,
        -2.027559 0.157480 1.023622,
        -2.053033 0.590551 1.020268,
        -2.053033 0.157480 1.020268,
        -2.076772 0.590551 1.010435,
        -2.076772 0.157480 1.010435,
        -2.097156 0.590551 0.994794,
        -2.097156 0.157480 0.994794,
        -2.112798 0.590551 0.974409,
        -2.112798 0.157480 0.974409,
        -2.122630 0.590551 0.950671,
        -2.122630 0.157480 0.950671,
        -2.125984 0.590551 0.925197,
        -2.125984 0.157480 0.925197,
        -2.283465 0.590551 0.925197,
        -2.283465 0.157480 0.925197,
        -2.274745 0.157480 0.991430,
        -2.274745 0.590551 0.991430,
        -2.249180 0.157480 1.053150,
        -2.249180 0.590551 1.053150,
        -2.208512 0.157480 1.106149,
        -2.208512 0.590551 1.106149,
        -2.155512 0.157480 1.146817,
        -2.155512 0.590551 1.146817,
        -2.093793 0.157480 1.172383,
        -2.093793 0.590551 1.172383,
        -2.027559 0.157480 1.181102,
        -2.027559 0.590551 1.181102,
        -1.988189 -0.590551 1.023622,
        -1.988189 -0.590551 1.181102,
        -1.988189 0.590551 1.181102,
        -1.988189 0.590551 1.023622,
        -2.027559 -0.157480 1.023622,
        -2.027559 -0.590551 1.023622,
        -2.053033 -0.157480 1.020268,
        -2.053033 -0.590551 1.020268,
        -2.076772 -0.157480 1.010435,
        -2.076772 -0.590551 1.010435,
        -2.097156 -0.157480 0.994794,
        -2.097156 -0.590551 0.994794,
        -2.112798 -0.157480 0.974409,
        -2.112798 -0.590551 0.974409,
        -2.122630 -0.157480 0.950671,
        -2.122630 -0.590551 0.950671,
        -2.125984 -0.157480 0.925197,
        -2.125984 -0.590551 0.925197,
        -2.125984 -0.590551 0.255906,
        -2.125984 0.590551 0.255906,
        -2.122630 0.590551 0.230431,
        -2.122630 -0.590551 0.230431,
        -2.112798 0.590551 0.206693,
        -2.112798 -0.590551 0.206693,
        -2.097156 0.590551 0.186308,
        -2.097156 -0.590551 0.186308,
        -2.076772 0.590551 0.170667,
        -2.076772 -0.590551 0.170667,
        -2.053033 0.590551 0.160834,
        -2.053033 -0.590551 0.160834,
        -2.027559 0.590551 0.157480,
        -2.027559 -0.590551 0.157480,
        -1.299213 0.590551 0.157480,
        -1.299213 -0.590551 0.157480,
        -1.299213 0.590551 0.000000,
        -1.299213 -0.590551 0.000000,
        -2.027559 0.590551 0.000000,
        -2.027559 -0.590551 0.000000,
        -2.093793 -0.590551 0.008720,
        -2.093793 0.590551 0.008720,
        -2.155512 -0.590551 0.034285,
        -2.155512 0.590551 0.034285,
        -2.208512 -0.590551 0.074953,
        -2.208512 0.590551 0.074953,
        -2.249180 -0.590551 0.127953,
        -2.249180 0.590551 0.127953,
        -2.274745 -0.590551 0.189672,
        -2.274745 0.590551 0.189672,
        -2.283465 -0.590551 0.255906,
        -2.283465 0.590551 0.255906,
        -2.283465 -0.590551 0.925197,
        -2.283465 -0.157480 0.925197,
        -2.274745 -0.590551 0.991430,
        -2.274745 -0.157480 0.991430,
        -2.249180 -0.590551 1.053150,
        -2.249180 -0.157480 1.053150,
        -2.208512 -0.590551 1.106149,
        -2.208512 -0.157480 1.106149,
        -2.155512 -0.590551 1.146817,
        -2.155512 -0.157480 1.146817,
        -2.093793 -0.590551 1.172383,
        -2.093793 -0.157480 1.172383,
        -2.027559 -0.590551 1.181102,
        -2.027559 -0.157480 1.181102,
        -2.007874 0.157480 1.023622,
        -2.007874 -0.157480 1.023622,
        -2.007874 -0.157480 1.181102,
        -2.007874 0.157480 1.181102,
        1.299213 0.590551 0.000000,
        1.299213 0.590551 0.157480,
        2.027559 0.590551 0.000000,
        2.027559 0.590551 0.157480,
        2.093793 0.590551 0.008720,
        2.053033 0.590551 0.160834,
        2.155512 0.590551 0.034285,
        2.076772 0.590551 0.170667,
        2.208512 0.590551 0.074953,
        2.097156 0.590551 0.186308,
        2.249180 0.590551 0.127953,
        2.112798 0.590551 0.206693,
        2.274745 0.590551 0.189672,
        2.122630 0.590551 0.230431,
        2.283465 0.590551 0.255906,
        2.125984 0.590551 0.255906,
        1.299213 -0.590551 0.157480,
        1.299213 -0.590551 0.000000,
        2.027559 -0.590551 0.157480,
        2.027559 -0.590551 0.000000,
        2.053033 -0.590551 0.160834,
        2.093793 -0.590551 0.008720,
        2.076772 -0.590551 0.170667,
        2.155512 -0.590551 0.034285,
        2.097156 -0.590551 0.186308,
        2.208512 -0.590551 0.074953,
        2.112798 -0.590551 0.206693,
        2.249180 -0.590551 0.127953,
        2.122630 -0.590551 0.230431,
        2.274745 -0.590551 0.189672,
        2.125984 -0.590551 0.255906,
        2.283465 -0.590551 0.255906,
      ]
    }
    coordIndex [
      100, 101, 102, -1,
      102, 101, 103, -1,
      102, 103, 104, -1,
      104, 103, 105, -1,
      104, 105, 106, -1,
      106, 105, 107, -1,
      106, 107, 108, -1,
      108, 107, 109, -1,
      108, 109, 110, -1,
      110, 109, 111, -1,
      110, 111, 112, -1,
      112, 111, 113, -1,
      112, 113, 114, -1,
      112, 114, 81, -1,
      81, 114, 115, -1,
      81, 115, 80, -1,
      115, 114, 116, -1,
      116, 114, 117, -1,
      116, 117, 118, -1,
      118, 117, 119, -1,
      118, 119, 120, -1,
      120, 119, 121, -1,
      120, 121, 122, -1,
      122, 121, 123, -1,
      122, 123, 124, -1,
      124, 123, 125, -1,
      124, 125, 126, -1,
      126, 125, 127, -1,
      128, 126, 129, -1,
      129, 126, 127, -1,
      130, 128, 131, -1,
      131, 128, 129, -1,
      132, 130, 133, -1,
      133, 130, 131, -1,
      132, 133, 134, -1,
      132, 134, 135, -1,
      135, 134, 136, -1,
      135, 136, 137, -1,
      137, 136, 138, -1,
      137, 138, 139, -1,
      139, 138, 140, -1,
      139, 140, 141, -1,
      141, 140, 142, -1,
      141, 142, 143, -1,
      143, 142, 144, -1,
      143, 144, 145, -1,
      144, 146, 147, -1,
      144, 147, 145, -1,
      145, 147, 83, -1,
      145, 83, 82, -1,
      147, 146, 148, -1,
      147, 148, 149, -1,
      149, 148, 150, -1,
      149, 150, 151, -1,
      151, 150, 152, -1,
      151, 152, 153, -1,
      153, 152, 154, -1,
      153, 154, 155, -1,
      155, 154, 156, -1,
      155, 156, 157, -1,
      157, 156, 158, -1,
      157, 158, 159, -1,
      96, 97, 101, -1,
      101, 97, 158, -1,
      101, 158, 103, -1,
      103, 158, 156, -1,
      103, 156, 105, -1,
      105, 156, 154, -1,
      105, 154, 107, -1,
      107, 154, 152, -1,
      107, 152, 109, -1,
      109, 152, 150, -1,
      109, 150, 111, -1,
      111, 150, 148, -1,
      111, 148, 113, -1,
      113, 148, 146, -1,
      113, 146, 114, -1,
      114, 146, 144, -1,
      114, 144, 117, -1,
      117, 144, 142, -1,
      117, 142, 119, -1,
      119, 142, 140, -1,
      119, 140, 121, -1,
      121, 140, 138, -1,
      121, 138, 123, -1,
      123, 138, 136, -1,
      123, 136, 125, -1,
      125, 136, 134, -1,
      125, 134, 127, -1,
      127, 134, 133, -1,
      127, 133, 129, -1,
      129, 133, 131, -1,
      128, 130, 126, -1,
      126, 130, 132, -1,
      126, 132, 124, -1,
      124, 132, 135, -1,
      124, 135, 122, -1,
      122, 135, 137, -1,
      122, 137, 120, -1,
      120, 137, 139, -1,
      120, 139, 118, -1,
      118, 139, 141, -1,
      118, 141, 116, -1,
      116, 141, 143, -1,
      116, 143, 115, -1,
      115, 143, 145, -1,
      115, 145, 80, -1,
      80, 145, 82, -1,
      80, 82, 78, -1,
      78, 82, 85, -1,
      78, 85, 76, -1,
      76, 85, 87, -1,
      76, 87, 74, -1,
      74, 87, 89, -1,
      74, 89, 72, -1,
      72, 89, 91, -1,
      72, 91, 70, -1,
      70, 91, 93, -1,
      70, 93, 68, -1,
      68, 93, 95, -1,
      68, 95, 99, -1,
      99, 95, 98, -1,
      69, 68, 160, -1,
      160, 68, 99, -1,
      160, 99, 161, -1,
      161, 99, 96, -1,
      161, 96, 100, -1,
      100, 96, 101, -1,
      159, 158, 162, -1,
      162, 158, 97, -1,
      162, 97, 163, -1,
      163, 97, 98, -1,
      163, 98, 94, -1,
      94, 98, 95, -1,
      13, 3, 15, -1,
      15, 3, 1, -1,
      15, 1, 66, -1,
      66, 1, 29, -1,
      66, 29, 64, -1,
      64, 29, 31, -1,
      64, 31, 62, -1,
      62, 31, 33, -1,
      164, 165, 166, -1,
      166, 165, 167, -1,
      166, 167, 168, -1,
      168, 167, 169, -1,
      168, 169, 170, -1,
      170, 169, 171, -1,
      170, 171, 172, -1,
      172, 171, 173, -1,
      172, 173, 174, -1,
      174, 173, 175, -1,
      174, 175, 176, -1,
      176, 175, 177, -1,
      176, 177, 178, -1,
      178, 177, 179, -1,
      178, 179, 39, -1,
      39, 179, 54, -1,
      39, 54, 37, -1,
      37, 54, 56, -1,
      37, 56, 35, -1,
      35, 56, 58, -1,
      35, 58, 33, -1,
      33, 58, 60, -1,
      33, 60, 62, -1,
      5, 11, 7, -1,
      7, 11, 9, -1,
      7, 9, 16, -1,
      16, 9, 53, -1,
      16, 53, 18, -1,
      18, 53, 51, -1,
      18, 51, 20, -1,
      180, 181, 182, -1,
      182, 181, 183, -1,
      182, 183, 184, -1,
      184, 183, 185, -1,
      184, 185, 186, -1,
      186, 185, 187, -1,
      186, 187, 188, -1,
      188, 187, 189, -1,
      188, 189, 190, -1,
      190, 189, 191, -1,
      190, 191, 192, -1,
      192, 191, 193, -1,
      192, 193, 194, -1,
      194, 193, 195, -1,
      194, 195, 41, -1,
      41, 195, 26, -1,
      41, 26, 43, -1,
      43, 26, 24, -1,
      43, 24, 45, -1,
      45, 24, 22, -1,
      45, 22, 47, -1,
      47, 22, 20, -1,
      47, 20, 49, -1,
      49, 20, 51, -1,
      178, 39, 38, -1,
      178, 38, 195, -1,
      195, 38, 27, -1,
      195, 27, 26, -1,
      178, 195, 193, -1,
      178, 193, 176, -1,
      176, 193, 191, -1,
      176, 191, 174, -1,
      174, 191, 189, -1,
      174, 189, 172, -1,
      172, 189, 187, -1,
      172, 187, 170, -1,
      170, 187, 185, -1,
      170, 185, 168, -1,
      168, 185, 183, -1,
      168, 183, 166, -1,
      164, 166, 181, -1,
      181, 166, 183, -1,
      165, 164, 180, -1,
      180, 164, 181, -1,
      167, 165, 182, -1,
      182, 165, 180, -1,
      167, 182, 169, -1,
      169, 182, 184, -1,
      169, 184, 171, -1,
      171, 184, 186, -1,
      171, 186, 173, -1,
      173, 186, 188, -1,
      173, 188, 175, -1,
      175, 188, 190, -1,
      175, 190, 177, -1,
      177, 190, 192, -1,
      177, 192, 179, -1,
      179, 192, 194, -1,
      55, 54, 179, -1,
      55, 179, 40, -1,
      40, 179, 194, -1,
      40, 194, 41, -1,
      147, 112, 83, -1,
      83, 112, 81, -1,
      160, 163, 69, -1,
      69, 163, 94, -1,
      69, 94, 71, -1,
      71, 94, 92, -1,
      71, 92, 73, -1,
      73, 92, 90, -1,
      73, 90, 75, -1,
      75, 90, 88, -1,
      75, 88, 77, -1,
      77, 88, 86, -1,
      77, 86, 79, -1,
      79, 86, 84, -1,
      79, 84, 81, -1,
      81, 84, 83, -1,
      112, 147, 110, -1,
      110, 147, 149, -1,
      110, 149, 108, -1,
      108, 149, 151, -1,
      108, 151, 106, -1,
      106, 151, 153, -1,
      106, 153, 104, -1,
      104, 153, 155, -1,
      104, 155, 102, -1,
      102, 155, 157, -1,
      102, 157, 100, -1,
      100, 157, 159, -1,
      100, 159, 161, -1,
      161, 159, 162, -1,
      163, 160, 162, -1,
      162, 160, 161, -1,
      10, 12, 4, -1,
      4, 12, 2, -1,
      27, 38, 40, -1,
      40, 38, 55, -1,
      27, 40, 25, -1,
      25, 40, 42, -1,
      25, 42, 23, -1,
      23, 42, 44, -1,
      23, 44, 21, -1,
      10, 4, 8, -1,
      8, 4, 6, -1,
      8, 6, 52, -1,
      52, 6, 17, -1,
      52, 17, 50, -1,
      50, 17, 19, -1,
      50, 19, 48, -1,
      48, 19, 21, -1,
      48, 21, 46, -1,
      46, 21, 44, -1,
      2, 12, 0, -1,
      0, 12, 14, -1,
      0, 14, 28, -1,
      28, 14, 67, -1,
      28, 67, 30, -1,
      30, 67, 65, -1,
      30, 65, 32, -1,
      55, 38, 57, -1,
      57, 38, 36, -1,
      57, 36, 59, -1,
      59, 36, 34, -1,
      59, 34, 61, -1,
      61, 34, 32, -1,
      61, 32, 63, -1,
      63, 32, 65, -1,
    ]
  }
}

Shape {
  appearance Appearance {
    material Material {
      diffuseColor 0.0000 0.0000 0.0000
      specularColor 0.0000 0.0000 0.0000
      ambientIntensity 0.2
      transparency 0.0000
      shininess 0.5
    }
  }
  geometry IndexedFaceSet {
    ccw TRUE
    solid FALSE
    coord DEF co Coordinate {
      point [
        -0.122324 1.988189 0.864370,
        -0.107739 1.988189 0.863080,
        -0.092247 1.988189 0.984870,
        -0.094403 1.988189 0.985117,
        -0.132096 1.988189 0.983539,
        -0.126777 1.988189 0.985117,
        -0.224022 1.988189 0.984033,
        -0.223924 1.988189 0.970217,
        -0.220244 1.988189 0.931804,
        -0.208293 1.988189 0.931889,
        -0.208293 1.988189 0.877730,
        -0.226000 1.988189 0.877604,
        -0.220146 1.988189 0.918050,
        -0.208293 1.988189 0.918134,
        -0.177196 1.988189 0.918355,
        -0.176909 1.988189 0.877953,
        -0.208293 1.988189 0.970328,
        -0.177566 1.988189 0.970546,
        -0.177294 1.988189 0.932109,
        -0.161309 1.988189 0.864370,
        -0.225903 1.988189 0.863912,
        -0.208293 1.988189 0.864037,
        -0.162160 1.988189 0.984471,
        -0.208293 1.988189 0.984144,
        -0.042532 1.988189 0.878906,
        -0.042435 1.988189 0.865213,
        0.020900 1.988189 0.865662,
        0.004545 1.988189 0.985654,
        0.004548 1.988189 0.985117,
        0.005300 1.988189 0.879245,
        0.020048 1.988189 0.985764,
        0.020053 1.988189 0.985117,
        -0.138101 1.988189 0.981756,
        -0.137986 1.988189 0.965546,
        -0.111970 1.988189 0.876720,
        -0.125569 1.988189 0.879155,
        -0.132096 1.988189 0.968049,
        -0.132096 1.988189 0.882031,
        -0.136654 1.988189 0.966278,
        -0.137411 1.988189 0.884373,
        -0.109731 1.988189 0.972869,
        -0.064035 1.988189 0.923763,
        -0.124504 1.988189 0.970999,
        -0.103347 1.988189 0.972558,
        -0.093116 1.988189 0.970284,
        -0.083806 1.988189 0.965610,
        -0.064258 1.988189 0.917469,
        -0.066382 1.988189 0.905856,
        -0.070456 1.988189 0.896390,
        -0.076909 1.988189 0.959778,
        -0.070261 1.988189 0.950654,
        -0.066152 1.988189 0.940329,
        -0.075581 1.988189 0.889417,
        -0.077948 1.988189 0.887044,
        -0.085762 1.988189 0.881446,
        -0.094302 1.988189 0.878084,
        -0.106346 1.988189 0.876550,
        -0.109732 1.988189 0.986870,
        -0.125440 1.988189 0.985515,
        -0.052289 1.988189 0.948193,
        -0.056646 1.988189 0.958185,
        -0.065434 1.988189 0.969499,
        -0.068377 1.988189 0.972271,
        -0.079670 1.988189 0.980078,
        -0.050847 1.988189 0.944885,
        -0.048013 1.988189 0.929224,
        -0.047757 1.988189 0.922957,
        -0.062861 1.988189 0.879437,
        -0.054823 1.988189 0.890756,
        -0.052289 1.988189 0.897360,
        -0.050008 1.988189 0.903305,
        -0.096754 1.988189 0.863144,
        -0.083757 1.988189 0.865918,
        -0.072461 1.988189 0.871344,
        -0.104007 1.988189 0.862750,
        -0.097935 1.988189 0.863080,
        -0.137305 1.988189 0.869514,
        -0.135249 1.988189 0.868508,
        -0.132096 1.988189 0.867498,
        -0.346396 1.988189 0.917006,
        -0.343388 1.988189 0.902964,
        -0.340540 1.988189 0.952735,
        -0.344912 1.988189 0.941260,
        -0.346809 1.988189 0.924643,
        -0.337387 1.988189 0.890583,
        -0.328378 1.988189 0.880010,
        -0.315824 1.988189 0.871133,
        -0.283704 1.988189 0.983609,
        -0.302027 1.988189 0.981455,
        -0.316484 1.988189 0.976057,
        -0.302109 1.988189 0.865873,
        -0.281625 1.988189 0.863517,
        -0.248591 1.988189 0.863751,
        -0.249443 1.988189 0.983852,
        -0.328998 1.988189 0.967384,
        -0.333170 1.988189 0.963249,
        -0.109676 1.988189 0.986870,
        -0.042532 1.988583 0.878906,
        -0.042435 1.988583 0.865213,
        0.005300 1.988583 0.879245,
        0.004545 1.988583 0.985654,
        0.020048 1.988583 0.985764,
        0.020900 1.988583 0.865662,
        -0.137305 1.988583 0.869514,
        -0.135249 1.988583 0.868508,
        -0.104007 1.988583 0.862750,
        -0.122324 1.988583 0.864370,
        -0.137411 1.988583 0.884373,
        -0.125569 1.988583 0.879155,
        -0.111970 1.988583 0.876720,
        -0.106346 1.988583 0.876550,
        -0.094302 1.988583 0.878084,
        -0.085762 1.988583 0.881446,
        -0.077948 1.988583 0.887044,
        -0.075581 1.988583 0.889417,
        -0.070456 1.988583 0.896390,
        -0.066382 1.988583 0.905856,
        -0.064258 1.988583 0.917469,
        -0.064035 1.988583 0.923763,
        -0.066152 1.988583 0.940329,
        -0.070261 1.988583 0.950654,
        -0.076909 1.988583 0.959778,
        -0.083806 1.988583 0.965610,
        -0.093116 1.988583 0.970284,
        -0.103347 1.988583 0.972558,
        -0.109731 1.988583 0.972869,
        -0.137986 1.988583 0.965546,
        -0.136654 1.988583 0.966278,
        -0.124504 1.988583 0.970999,
        -0.138101 1.988583 0.981756,
        -0.125440 1.988583 0.985515,
        -0.109732 1.988583 0.986870,
        -0.109676 1.988583 0.986870,
        -0.092247 1.988583 0.984870,
        -0.079670 1.988583 0.980078,
        -0.068377 1.988583 0.972271,
        -0.065434 1.988583 0.969499,
        -0.056646 1.988583 0.958185,
        -0.050847 1.988583 0.944885,
        -0.048013 1.988583 0.929224,
        -0.047757 1.988583 0.922957,
        -0.062861 1.988583 0.879437,
        -0.054823 1.988583 0.890756,
        -0.050008 1.988583 0.903305,
        -0.096754 1.988583 0.863144,
        -0.083757 1.988583 0.865918,
        -0.072461 1.988583 0.871344,
        -0.226000 1.988583 0.877604,
        -0.225903 1.988583 0.863912,
        -0.176909 1.988583 0.877953,
        -0.177196 1.988583 0.918355,
        -0.220146 1.988583 0.918050,
        -0.220244 1.988583 0.931804,
        -0.177294 1.988583 0.932109,
        -0.177566 1.988583 0.970546,
        -0.223924 1.988583 0.970217,
        -0.224022 1.988583 0.984033,
        -0.162160 1.988583 0.984471,
        -0.161309 1.988583 0.864370,
        -0.322857 1.988583 0.895939,
        -0.317424 1.988583 0.889483,
        -0.328378 1.988583 0.880010,
        -0.316067 1.988583 0.888233,
        -0.315824 1.988583 0.871133,
        -0.308297 1.988583 0.882894,
        -0.302109 1.988583 0.865873,
        -0.298375 1.988583 0.879103,
        -0.281625 1.988583 0.863517,
        -0.281630 1.988583 0.877210,
        -0.248591 1.988583 0.863751,
        -0.264192 1.988583 0.877333,
        -0.249443 1.988583 0.983852,
        -0.264848 1.988583 0.969927,
        -0.283704 1.988583 0.983609,
        -0.282993 1.988583 0.969798,
        -0.302027 1.988583 0.981455,
        -0.298412 1.988583 0.967990,
        -0.316484 1.988583 0.976057,
        -0.308809 1.988583 0.964164,
        -0.328998 1.988583 0.967384,
        -0.317574 1.988583 0.958255,
        -0.333170 1.988583 0.963249,
        -0.320854 1.988583 0.954981,
        -0.340540 1.988583 0.952735,
        -0.325473 1.988583 0.948230,
        -0.344912 1.988583 0.941260,
        -0.328807 1.988583 0.939459,
        -0.346809 1.988583 0.924643,
        -0.330504 1.988583 0.924329,
        -0.346396 1.988583 0.917006,
        -0.329871 1.988583 0.915304,
        -0.343388 1.988583 0.902964,
        -0.327255 1.988583 0.904634,
        -0.337387 1.988583 0.890583,
        -0.282993 1.988189 0.969798,
        -0.264848 1.988189 0.969927,
        -0.264192 1.988189 0.877333,
        -0.281630 1.988189 0.877210,
        -0.317424 1.988189 0.889483,
        -0.316067 1.988189 0.888233,
        -0.308297 1.988189 0.882894,
        -0.298375 1.988189 0.879103,
        -0.330504 1.988189 0.924329,
        -0.329871 1.988189 0.915304,
        -0.327255 1.988189 0.904634,
        -0.322857 1.988189 0.895939,
        -0.317574 1.988189 0.958255,
        -0.320854 1.988189 0.954981,
        -0.325473 1.988189 0.948230,
        -0.328807 1.988189 0.939459,
        -0.298412 1.988189 0.967990,
        -0.308809 1.988189 0.964164,
      ]
    }
    coordIndex [
      97, 98, 24, -1,
      24, 98, 25, -1,
      99, 97, 29, -1,
      29, 97, 24, -1,
      99, 29, 100, -1,
      100, 29, 28, -1,
      100, 28, 27, -1,
      101, 100, 30, -1,
      30, 100, 27, -1,
      26, 102, 31, -1,
      31, 102, 101, -1,
      31, 101, 30, -1,
      98, 102, 25, -1,
      25, 102, 26, -1,
      100, 101, 99, -1,
      99, 101, 102, -1,
      99, 102, 97, -1,
      97, 102, 98, -1,
      76, 103, 104, -1,
      105, 74, 1, -1,
      105, 1, 106, -1,
      1, 0, 106, -1,
      106, 0, 78, -1,
      106, 78, 104, -1,
      104, 78, 77, -1,
      104, 77, 76, -1,
      107, 103, 39, -1,
      39, 103, 76, -1,
      107, 39, 37, -1,
      107, 37, 108, -1,
      37, 35, 108, -1,
      108, 35, 34, -1,
      108, 34, 109, -1,
      109, 34, 56, -1,
      109, 56, 110, -1,
      110, 56, 55, -1,
      110, 55, 111, -1,
      111, 55, 54, -1,
      111, 54, 112, -1,
      112, 54, 53, -1,
      112, 53, 113, -1,
      113, 53, 52, -1,
      113, 52, 114, -1,
      114, 52, 48, -1,
      114, 48, 115, -1,
      115, 48, 47, -1,
      115, 47, 116, -1,
      116, 47, 46, -1,
      116, 46, 117, -1,
      117, 46, 41, -1,
      117, 41, 118, -1,
      118, 41, 51, -1,
      118, 51, 119, -1,
      119, 51, 50, -1,
      119, 50, 120, -1,
      120, 50, 49, -1,
      120, 49, 121, -1,
      121, 49, 45, -1,
      121, 45, 122, -1,
      122, 45, 44, -1,
      122, 44, 123, -1,
      123, 44, 43, -1,
      123, 43, 124, -1,
      124, 43, 40, -1,
      124, 40, 125, -1,
      33, 126, 127, -1,
      125, 40, 42, -1,
      125, 42, 128, -1,
      128, 42, 36, -1,
      128, 36, 127, -1,
      127, 36, 38, -1,
      127, 38, 33, -1,
      129, 126, 32, -1,
      32, 126, 33, -1,
      5, 130, 4, -1,
      4, 130, 129, -1,
      4, 129, 32, -1,
      5, 58, 130, -1,
      130, 58, 57, -1,
      130, 57, 131, -1,
      131, 57, 96, -1,
      131, 96, 132, -1,
      133, 132, 3, -1,
      3, 132, 96, -1,
      3, 2, 133, -1,
      133, 2, 63, -1,
      133, 63, 134, -1,
      134, 63, 62, -1,
      134, 62, 135, -1,
      135, 62, 61, -1,
      135, 61, 136, -1,
      136, 61, 60, -1,
      136, 60, 137, -1,
      137, 60, 59, -1,
      137, 59, 138, -1,
      59, 64, 138, -1,
      138, 64, 65, -1,
      138, 65, 139, -1,
      139, 65, 66, -1,
      139, 66, 140, -1,
      67, 141, 142, -1,
      140, 66, 70, -1,
      140, 70, 143, -1,
      143, 70, 69, -1,
      143, 69, 142, -1,
      142, 69, 68, -1,
      142, 68, 67, -1,
      74, 105, 75, -1,
      75, 105, 144, -1,
      75, 144, 71, -1,
      71, 144, 145, -1,
      71, 145, 72, -1,
      72, 145, 146, -1,
      72, 146, 73, -1,
      73, 146, 141, -1,
      73, 141, 67, -1,
      127, 126, 129, -1,
      122, 135, 121, -1,
      121, 135, 136, -1,
      121, 136, 120, -1,
      120, 136, 137, -1,
      120, 137, 119, -1,
      140, 118, 139, -1,
      139, 118, 119, -1,
      139, 119, 138, -1,
      138, 119, 137, -1,
      127, 129, 128, -1,
      128, 129, 130, -1,
      128, 130, 125, -1,
      125, 130, 131, -1,
      125, 131, 124, -1,
      124, 131, 132, -1,
      124, 132, 123, -1,
      123, 132, 133, -1,
      123, 133, 122, -1,
      122, 133, 134, -1,
      122, 134, 135, -1,
      103, 107, 104, -1,
      104, 107, 108, -1,
      104, 108, 106, -1,
      106, 108, 109, -1,
      106, 109, 105, -1,
      105, 109, 110, -1,
      105, 110, 144, -1,
      144, 110, 111, -1,
      144, 111, 145, -1,
      145, 111, 112, -1,
      145, 112, 146, -1,
      146, 112, 113, -1,
      146, 113, 141, -1,
      141, 113, 114, -1,
      141, 114, 142, -1,
      142, 114, 115, -1,
      142, 115, 143, -1,
      143, 115, 116, -1,
      143, 116, 140, -1,
      140, 116, 117, -1,
      140, 117, 118, -1,
      147, 148, 11, -1,
      11, 148, 20, -1,
      15, 149, 10, -1,
      10, 149, 147, -1,
      10, 147, 11, -1,
      150, 149, 14, -1,
      14, 149, 15, -1,
      12, 151, 13, -1,
      13, 151, 150, -1,
      13, 150, 14, -1,
      152, 151, 8, -1,
      8, 151, 12, -1,
      18, 153, 9, -1,
      9, 153, 152, -1,
      9, 152, 8, -1,
      154, 153, 17, -1,
      17, 153, 18, -1,
      7, 155, 16, -1,
      16, 155, 154, -1,
      16, 154, 17, -1,
      156, 155, 6, -1,
      6, 155, 7, -1,
      22, 157, 23, -1,
      23, 157, 156, -1,
      23, 156, 6, -1,
      158, 157, 19, -1,
      19, 157, 22, -1,
      20, 148, 21, -1,
      21, 148, 158, -1,
      21, 158, 19, -1,
      158, 148, 147, -1,
      147, 149, 158, -1,
      158, 149, 150, -1,
      158, 150, 157, -1,
      155, 156, 154, -1,
      154, 156, 157, -1,
      154, 157, 153, -1,
      153, 157, 150, -1,
      153, 150, 152, -1,
      152, 150, 151, -1,
      159, 160, 161, -1,
      161, 160, 162, -1,
      161, 162, 163, -1,
      163, 162, 164, -1,
      163, 164, 165, -1,
      165, 164, 166, -1,
      165, 166, 167, -1,
      167, 166, 168, -1,
      167, 168, 169, -1,
      169, 168, 170, -1,
      169, 170, 171, -1,
      171, 170, 172, -1,
      171, 172, 173, -1,
      173, 172, 174, -1,
      173, 174, 175, -1,
      175, 174, 176, -1,
      175, 176, 177, -1,
      177, 176, 178, -1,
      177, 178, 179, -1,
      179, 178, 180, -1,
      179, 180, 181, -1,
      181, 180, 182, -1,
      181, 182, 183, -1,
      183, 182, 184, -1,
      183, 184, 185, -1,
      185, 184, 186, -1,
      185, 186, 187, -1,
      187, 186, 188, -1,
      187, 188, 189, -1,
      189, 188, 190, -1,
      189, 190, 191, -1,
      191, 190, 192, -1,
      191, 192, 193, -1,
      193, 192, 159, -1,
      193, 159, 161, -1,
      167, 169, 91, -1,
      91, 169, 92, -1,
      167, 91, 90, -1,
      167, 90, 165, -1,
      165, 90, 86, -1,
      165, 86, 163, -1,
      163, 86, 85, -1,
      163, 85, 161, -1,
      161, 85, 84, -1,
      161, 84, 193, -1,
      193, 84, 80, -1,
      193, 80, 191, -1,
      191, 80, 79, -1,
      191, 79, 189, -1,
      189, 79, 83, -1,
      189, 83, 187, -1,
      187, 83, 82, -1,
      187, 82, 185, -1,
      185, 82, 81, -1,
      185, 81, 183, -1,
      183, 81, 95, -1,
      183, 95, 181, -1,
      181, 95, 94, -1,
      181, 94, 179, -1,
      179, 94, 89, -1,
      179, 89, 177, -1,
      177, 89, 88, -1,
      177, 88, 175, -1,
      175, 88, 87, -1,
      175, 87, 173, -1,
      171, 173, 93, -1,
      93, 173, 87, -1,
      169, 171, 92, -1,
      92, 171, 93, -1,
      174, 172, 194, -1,
      194, 172, 195, -1,
      172, 170, 195, -1,
      195, 170, 196, -1,
      170, 168, 196, -1,
      196, 168, 197, -1,
      160, 198, 199, -1,
      160, 199, 162, -1,
      162, 199, 200, -1,
      162, 200, 164, -1,
      164, 200, 201, -1,
      164, 201, 166, -1,
      166, 201, 197, -1,
      166, 197, 168, -1,
      188, 202, 203, -1,
      188, 203, 190, -1,
      190, 203, 204, -1,
      190, 204, 192, -1,
      192, 204, 205, -1,
      192, 205, 159, -1,
      159, 205, 198, -1,
      159, 198, 160, -1,
      180, 206, 207, -1,
      180, 207, 182, -1,
      182, 207, 208, -1,
      182, 208, 184, -1,
      184, 208, 209, -1,
      184, 209, 186, -1,
      186, 209, 202, -1,
      186, 202, 188, -1,
      174, 194, 210, -1,
      174, 210, 176, -1,
      176, 210, 211, -1,
      176, 211, 178, -1,
      178, 211, 206, -1,
      178, 206, 180, -1,
    ]
  }
}

Shape {
  appearance Appearance {
    material Material {
      diffuseColor 0.5647 0.5647 0.5647
      specularColor 0.2824 0.2824 0.2824
      ambientIntensity 0.2
      transparency 0.0000
      shininess 0.5
    }
  }
  geometry IndexedFaceSet {
    ccw TRUE
    solid FALSE
    coord DEF co Coordinate {
      point [
        -0.282993 1.988189 0.969798,
        -0.264848 1.988189 0.969927,
        -0.264192 1.988189 0.877333,
        -0.281630 1.988189 0.877210,
        -0.317424 1.988189 0.889483,
        -0.316067 1.988189 0.888233,
        -0.308297 1.988189 0.882894,
        -0.298375 1.988189 0.879103,
        -0.330504 1.988189 0.924329,
        -0.329871 1.988189 0.915304,
        -0.327255 1.988189 0.904634,
        -0.322857 1.988189 0.895939,
        -0.317574 1.988189 0.958255,
        -0.320854 1.988189 0.954981,
        -0.325473 1.988189 0.948230,
        -0.328807 1.988189 0.939459,
        -0.298412 1.988189 0.967990,
        -0.308809 1.988189 0.964164,
      ]
    }
    coordIndex [
      5, 4, 0, -1,
      1, 2, 0, -1,
      0, 2, 3, -1,
      3, 7, 0, -1,
      0, 7, 6, -1,
      0, 6, 5, -1,
      4, 11, 0, -1,
      0, 11, 10, -1,
      0, 10, 9, -1,
      9, 8, 0, -1,
      0, 8, 15, -1,
      0, 15, 14, -1,
      14, 13, 0, -1,
      0, 13, 12, -1,
      0, 12, 16, -1,
      16, 12, 17, -1,
    ]
  }
}

Shape {
  appearance Appearance {
    material Material {
      diffuseColor 0.0000 0.0000 0.0000
      specularColor 0.0000 0.0000 0.0000
      ambientIntensity 0.2
      transparency 0.0000
      shininess 0.5
    }
  }
  geometry IndexedFaceSet {
    ccw TRUE
    solid FALSE
    coord DEF co Coordinate {
      point [
        -0.416209 1.988189 0.982670,
        -0.460789 1.988189 0.863080,
        -0.399630 1.988189 0.982787,
        -0.353062 1.988189 0.863080,
        -0.386347 1.988189 0.948641,
        -0.353035 1.988189 0.863010,
        -0.370166 1.988189 0.862889,
        -0.370234 1.988189 0.863080,
        -0.386347 1.988189 0.895626,
        -0.381942 1.988189 0.895657,
        -0.431954 1.988189 0.895302,
        -0.443709 1.988189 0.863080,
        -0.443970 1.988189 0.862365,
        -0.461101 1.988189 0.862244,
        -0.386950 1.988583 0.909192,
        -0.405265 1.988583 0.958983,
        -0.399630 1.988583 0.982787,
        -0.353035 1.988583 0.863010,
        -0.370166 1.988583 0.862889,
        -0.381942 1.988583 0.895657,
        -0.406330 1.988583 0.962561,
        -0.407289 1.988583 0.967382,
        -0.416209 1.988583 0.982670,
        -0.407657 1.988583 0.967379,
        -0.408592 1.988583 0.962291,
        -0.409470 1.988583 0.958954,
        -0.427261 1.988583 0.908906,
        -0.461101 1.988583 0.862244,
        -0.443970 1.988583 0.862365,
        -0.431954 1.988583 0.895302,
        -0.386950 1.988189 0.909192,
        -0.427261 1.988189 0.908906,
        -0.409470 1.988189 0.958954,
        -0.407657 1.988189 0.967379,
        -0.408592 1.988189 0.962291,
        -0.407289 1.988189 0.967382,
        -0.405265 1.988189 0.958983,
        -0.406330 1.988189 0.962561,
      ]
    }
    coordIndex [
      14, 15, 16, -1,
      17, 18, 19, -1,
      15, 20, 16, -1,
      16, 20, 21, -1,
      16, 21, 22, -1,
      22, 21, 23, -1,
      22, 23, 24, -1,
      24, 25, 22, -1,
      22, 25, 26, -1,
      22, 26, 27, -1,
      28, 27, 29, -1,
      29, 27, 26, -1,
      29, 26, 19, -1,
      19, 26, 14, -1,
      19, 14, 17, -1,
      17, 14, 16, -1,
      0, 22, 1, -1,
      1, 22, 27, -1,
      1, 27, 13, -1,
      16, 22, 2, -1,
      2, 22, 0, -1,
      3, 5, 17, -1,
      3, 17, 4, -1,
      4, 17, 16, -1,
      4, 16, 2, -1,
      18, 17, 6, -1,
      6, 17, 5, -1,
      9, 19, 7, -1,
      7, 19, 18, -1,
      7, 18, 6, -1,
      10, 29, 8, -1,
      8, 29, 19, -1,
      8, 19, 9, -1,
      29, 10, 28, -1,
      28, 10, 11, -1,
      28, 11, 12, -1,
      27, 28, 13, -1,
      13, 28, 12, -1,
      14, 26, 30, -1,
      30, 26, 31, -1,
      26, 25, 31, -1,
      31, 25, 32, -1,
      23, 33, 34, -1,
      23, 34, 24, -1,
      24, 34, 32, -1,
      24, 32, 25, -1,
      23, 21, 33, -1,
      33, 21, 35, -1,
      15, 36, 37, -1,
      15, 37, 20, -1,
      20, 37, 35, -1,
      20, 35, 21, -1,
      15, 14, 36, -1,
      36, 14, 30, -1,
    ]
  }
}

Shape {
  appearance Appearance {
    material Material {
      diffuseColor 0.5647 0.5647 0.5647
      specularColor 0.2824 0.2824 0.2824
      ambientIntensity 0.2
      transparency 0.0000
      shininess 0.5
    }
  }
  geometry IndexedFaceSet {
    ccw TRUE
    solid FALSE
    coord DEF co Coordinate {
      point [
        -0.386950 1.988189 0.909192,
        -0.427261 1.988189 0.908906,
        -0.409470 1.988189 0.958954,
        -0.407657 1.988189 0.967379,
        -0.408592 1.988189 0.962291,
        -0.407289 1.988189 0.967382,
        -0.405265 1.988189 0.958983,
        -0.406330 1.988189 0.962561,
      ]
    }
    coordIndex [
      3, 5, 4, -1,
      4, 5, 7, -1,
      4, 7, 2, -1,
      2, 7, 6, -1,
      2, 6, 1, -1,
      1, 6, 0, -1,
    ]
  }
}

Shape {
  appearance Appearance {
    material Material {
      diffuseColor 0.0000 0.0000 0.0000
      specularColor 0.0000 0.0000 0.0000
      ambientIntensity 0.2
      transparency 0.0000
      shininess 0.5
    }
  }
  geometry IndexedFaceSet {
    ccw TRUE
    solid FALSE
    coord DEF co Coordinate {
      point [
        -0.036586 1.988189 0.728814,
        0.006364 1.988189 0.729119,
        0.006651 1.988189 0.688716,
        -0.042440 1.988189 0.688368,
        -0.042343 1.988189 0.674676,
        -0.040440 1.988189 0.791724,
        -0.040364 1.988189 0.780981,
        0.005994 1.988189 0.781309,
        0.006267 1.988189 0.742872,
        -0.036684 1.988189 0.742568,
        -0.040462 1.988189 0.794796,
        -0.040457 1.988189 0.794056,
        0.021400 1.988189 0.795235,
        0.021408 1.988189 0.794056,
        0.021425 1.988189 0.791724,
        -0.059492 1.988189 0.710003,
        -0.062625 1.988189 0.714871,
        -0.065585 1.988189 0.739661,
        -0.110621 1.988189 0.674191,
        -0.125665 1.988189 0.674085,
        -0.098894 1.988189 0.749263,
        -0.093780 1.988189 0.749838,
        -0.085562 1.988189 0.725335,
        -0.124679 1.988189 0.741923,
        -0.126056 1.988189 0.729285,
        -0.095279 1.988189 0.762047,
        -0.079990 1.988189 0.760298,
        -0.068778 1.988189 0.756036,
        -0.065688 1.988189 0.754274,
        -0.067050 1.988189 0.718906,
        -0.073115 1.988189 0.722199,
        -0.076008 1.988189 0.746110,
        -0.085452 1.988189 0.749097,
        -0.057767 1.988189 0.690006,
        -0.056904 1.988189 0.697537,
        -0.069184 1.988189 0.675678,
        -0.064143 1.988189 0.679249,
        -0.057637 1.988189 0.704501,
        -0.105641 1.988189 0.760872,
        -0.111655 1.988189 0.758737,
        -0.116419 1.988189 0.755689,
        -0.062851 1.988189 0.680544,
        -0.059667 1.988189 0.685047,
        -0.111008 1.988189 0.728716,
        -0.110537 1.988189 0.735341,
        -0.109022 1.988189 0.740721,
        -0.107278 1.988189 0.743836,
        -0.119104 1.988189 0.753063,
        -0.122251 1.988189 0.748392,
        -0.091951 1.988189 0.673219,
        -0.083928 1.988189 0.672354,
        -0.074936 1.988189 0.673463,
        -0.105024 1.988189 0.746274,
        -0.102369 1.988189 0.748017,
        -0.110715 1.988189 0.687454,
        -0.110316 1.988189 0.687457,
        -0.107437 1.988189 0.683247,
        -0.102586 1.988189 0.678356,
        -0.098023 1.988189 0.675427,
        0.022252 1.988189 0.675133,
        -0.042440 1.988583 0.688368,
        -0.042343 1.988583 0.674676,
        0.006651 1.988583 0.688716,
        0.006364 1.988583 0.729119,
        -0.036586 1.988583 0.728814,
        -0.036684 1.988583 0.742568,
        0.006267 1.988583 0.742872,
        0.005994 1.988583 0.781309,
        -0.040364 1.988583 0.780981,
        -0.040462 1.988583 0.794796,
        0.021400 1.988583 0.795235,
        0.022252 1.988583 0.675133,
        -0.110621 1.988583 0.674191,
        -0.125665 1.988583 0.674085,
        -0.110715 1.988583 0.687454,
        -0.126056 1.988583 0.729285,
        -0.110316 1.988583 0.687457,
        -0.102402 1.988583 0.689726,
        -0.107437 1.988583 0.683247,
        -0.098131 1.988583 0.686886,
        -0.081161 1.988583 0.712421,
        -0.090829 1.988583 0.714674,
        -0.110926 1.988583 0.717234,
        -0.110868 1.988583 0.709006,
        -0.110846 1.988583 0.708007,
        -0.109830 1.988583 0.701302,
        -0.107585 1.988583 0.695951,
        -0.104297 1.988583 0.691552,
        -0.105641 1.988583 0.760872,
        -0.102369 1.988583 0.748017,
        -0.111655 1.988583 0.758737,
        -0.105024 1.988583 0.746274,
        -0.077837 1.988583 0.710753,
        -0.111008 1.988583 0.728716,
        -0.110537 1.988583 0.735341,
        -0.124679 1.988583 0.741923,
        -0.109022 1.988583 0.740721,
        -0.122251 1.988583 0.748392,
        -0.107278 1.988583 0.743836,
        -0.119104 1.988583 0.753063,
        -0.116419 1.988583 0.755689,
        -0.065688 1.988583 0.754274,
        -0.065585 1.988583 0.739661,
        -0.068778 1.988583 0.756036,
        -0.076008 1.988583 0.746110,
        -0.079990 1.988583 0.760298,
        -0.085452 1.988583 0.749097,
        -0.095279 1.988583 0.762047,
        -0.093780 1.988583 0.749838,
        -0.098894 1.988583 0.749263,
        -0.075190 1.988583 0.689913,
        -0.064143 1.988583 0.679249,
        -0.076460 1.988583 0.688618,
        -0.069184 1.988583 0.675678,
        -0.079443 1.988583 0.686550,
        -0.074936 1.988583 0.673463,
        -0.082837 1.988583 0.685277,
        -0.083928 1.988583 0.672354,
        -0.087914 1.988583 0.684668,
        -0.091951 1.988583 0.673219,
        -0.093556 1.988583 0.685259,
        -0.098023 1.988583 0.675427,
        -0.102586 1.988583 0.678356,
        -0.085562 1.988583 0.725335,
        -0.073115 1.988583 0.722199,
        -0.076239 1.988583 0.709497,
        -0.067050 1.988583 0.718906,
        -0.074423 1.988583 0.707280,
        -0.062625 1.988583 0.714871,
        -0.073083 1.988583 0.704484,
        -0.059492 1.988583 0.710003,
        -0.072316 1.988583 0.701044,
        -0.057637 1.988583 0.704501,
        -0.072171 1.988583 0.698657,
        -0.056904 1.988583 0.697537,
        -0.072529 1.988583 0.695201,
        -0.057767 1.988583 0.690006,
        -0.073498 1.988583 0.692461,
        -0.059667 1.988583 0.685047,
        -0.062851 1.988583 0.680544,
        -0.076239 1.988189 0.709497,
        -0.077837 1.988189 0.710753,
        -0.081161 1.988189 0.712421,
        -0.090829 1.988189 0.714674,
        -0.072171 1.988189 0.698657,
        -0.072316 1.988189 0.701044,
        -0.073083 1.988189 0.704484,
        -0.074423 1.988189 0.707280,
        -0.076460 1.988189 0.688618,
        -0.075190 1.988189 0.689913,
        -0.073498 1.988189 0.692461,
        -0.072529 1.988189 0.695201,
        -0.087914 1.988189 0.684668,
        -0.082837 1.988189 0.685277,
        -0.079443 1.988189 0.686550,
        -0.104297 1.988189 0.691552,
        -0.102402 1.988189 0.689726,
        -0.098131 1.988189 0.686886,
        -0.093556 1.988189 0.685259,
        -0.110868 1.988189 0.709006,
        -0.110846 1.988189 0.708007,
        -0.109830 1.988189 0.701302,
        -0.107585 1.988189 0.695951,
        -0.110926 1.988189 0.717234,
      ]
    }
    coordIndex [
      60, 61, 3, -1,
      3, 61, 4, -1,
      62, 60, 2, -1,
      2, 60, 3, -1,
      63, 62, 1, -1,
      1, 62, 2, -1,
      64, 63, 0, -1,
      0, 63, 1, -1,
      65, 64, 9, -1,
      9, 64, 0, -1,
      66, 65, 8, -1,
      8, 65, 9, -1,
      67, 66, 7, -1,
      7, 66, 8, -1,
      68, 67, 6, -1,
      6, 67, 7, -1,
      68, 6, 5, -1,
      68, 5, 69, -1,
      69, 5, 11, -1,
      69, 11, 10, -1,
      70, 69, 12, -1,
      12, 69, 10, -1,
      59, 71, 14, -1,
      14, 71, 70, -1,
      14, 70, 13, -1,
      13, 70, 12, -1,
      61, 71, 4, -1,
      4, 71, 59, -1,
      71, 61, 60, -1,
      60, 62, 71, -1,
      71, 62, 63, -1,
      71, 63, 70, -1,
      68, 69, 67, -1,
      67, 69, 70, -1,
      67, 70, 66, -1,
      66, 70, 63, -1,
      66, 63, 65, -1,
      65, 63, 64, -1,
      72, 73, 74, -1,
      74, 73, 75, -1,
      76, 77, 78, -1,
      78, 77, 79, -1,
      80, 81, 75, -1,
      75, 81, 82, -1,
      75, 82, 83, -1,
      83, 84, 75, -1,
      75, 84, 85, -1,
      75, 85, 74, -1,
      74, 85, 86, -1,
      74, 86, 76, -1,
      76, 86, 87, -1,
      76, 87, 77, -1,
      88, 89, 90, -1,
      90, 89, 91, -1,
      92, 80, 93, -1,
      93, 80, 75, -1,
      93, 75, 94, -1,
      94, 75, 95, -1,
      94, 95, 96, -1,
      96, 95, 97, -1,
      96, 97, 98, -1,
      98, 97, 99, -1,
      98, 99, 91, -1,
      91, 99, 100, -1,
      91, 100, 90, -1,
      101, 102, 103, -1,
      103, 102, 104, -1,
      103, 104, 105, -1,
      105, 104, 106, -1,
      105, 106, 107, -1,
      107, 106, 108, -1,
      107, 108, 88, -1,
      88, 108, 109, -1,
      88, 109, 89, -1,
      110, 111, 112, -1,
      112, 111, 113, -1,
      112, 113, 114, -1,
      114, 113, 115, -1,
      114, 115, 116, -1,
      116, 115, 117, -1,
      116, 117, 118, -1,
      118, 117, 119, -1,
      118, 119, 120, -1,
      120, 119, 121, -1,
      120, 121, 79, -1,
      79, 121, 122, -1,
      79, 122, 78, -1,
      93, 123, 92, -1,
      92, 123, 124, -1,
      92, 124, 125, -1,
      125, 124, 126, -1,
      125, 126, 127, -1,
      127, 126, 128, -1,
      127, 128, 129, -1,
      129, 128, 130, -1,
      129, 130, 131, -1,
      131, 130, 132, -1,
      131, 132, 133, -1,
      133, 132, 134, -1,
      133, 134, 135, -1,
      135, 134, 136, -1,
      135, 136, 137, -1,
      137, 136, 138, -1,
      137, 138, 110, -1,
      110, 138, 139, -1,
      110, 139, 111, -1,
      107, 25, 26, -1,
      107, 26, 105, -1,
      105, 26, 27, -1,
      105, 27, 103, -1,
      103, 27, 28, -1,
      103, 28, 101, -1,
      102, 101, 17, -1,
      17, 101, 28, -1,
      102, 17, 31, -1,
      102, 31, 104, -1,
      104, 31, 32, -1,
      104, 32, 106, -1,
      106, 32, 21, -1,
      106, 21, 108, -1,
      108, 21, 20, -1,
      108, 20, 109, -1,
      109, 20, 53, -1,
      109, 53, 89, -1,
      89, 53, 52, -1,
      89, 52, 91, -1,
      91, 52, 46, -1,
      91, 46, 98, -1,
      98, 46, 45, -1,
      98, 45, 96, -1,
      96, 45, 44, -1,
      96, 44, 94, -1,
      94, 44, 43, -1,
      94, 43, 93, -1,
      123, 93, 22, -1,
      22, 93, 43, -1,
      123, 22, 30, -1,
      123, 30, 124, -1,
      124, 30, 29, -1,
      124, 29, 126, -1,
      126, 29, 16, -1,
      126, 16, 128, -1,
      128, 16, 15, -1,
      128, 15, 130, -1,
      130, 15, 37, -1,
      130, 37, 132, -1,
      132, 37, 34, -1,
      132, 34, 134, -1,
      134, 34, 33, -1,
      134, 33, 136, -1,
      136, 33, 42, -1,
      136, 42, 138, -1,
      138, 42, 41, -1,
      138, 41, 139, -1,
      139, 41, 36, -1,
      139, 36, 111, -1,
      111, 36, 35, -1,
      111, 35, 113, -1,
      113, 35, 51, -1,
      113, 51, 115, -1,
      115, 51, 50, -1,
      115, 50, 117, -1,
      117, 50, 49, -1,
      117, 49, 119, -1,
      119, 49, 58, -1,
      119, 58, 121, -1,
      121, 58, 57, -1,
      121, 57, 122, -1,
      122, 57, 56, -1,
      122, 56, 78, -1,
      78, 56, 55, -1,
      78, 55, 76, -1,
      74, 76, 54, -1,
      54, 76, 55, -1,
      72, 74, 18, -1,
      18, 74, 54, -1,
      73, 72, 19, -1,
      19, 72, 18, -1,
      75, 73, 24, -1,
      24, 73, 19, -1,
      75, 24, 23, -1,
      75, 23, 95, -1,
      95, 23, 48, -1,
      95, 48, 97, -1,
      97, 48, 47, -1,
      97, 47, 99, -1,
      99, 47, 40, -1,
      99, 40, 100, -1,
      100, 40, 39, -1,
      100, 39, 90, -1,
      90, 39, 38, -1,
      90, 38, 88, -1,
      88, 38, 25, -1,
      88, 25, 107, -1,
      125, 140, 141, -1,
      125, 141, 92, -1,
      92, 141, 142, -1,
      92, 142, 80, -1,
      80, 142, 143, -1,
      80, 143, 81, -1,
      133, 144, 145, -1,
      133, 145, 131, -1,
      131, 145, 146, -1,
      131, 146, 129, -1,
      129, 146, 147, -1,
      129, 147, 127, -1,
      127, 147, 140, -1,
      127, 140, 125, -1,
      112, 148, 149, -1,
      112, 149, 110, -1,
      110, 149, 150, -1,
      110, 150, 137, -1,
      137, 150, 151, -1,
      137, 151, 135, -1,
      135, 151, 144, -1,
      135, 144, 133, -1,
      118, 152, 153, -1,
      118, 153, 116, -1,
      116, 153, 154, -1,
      116, 154, 114, -1,
      114, 154, 148, -1,
      114, 148, 112, -1,
      87, 155, 156, -1,
      87, 156, 77, -1,
      77, 156, 157, -1,
      77, 157, 79, -1,
      79, 157, 158, -1,
      79, 158, 120, -1,
      120, 158, 152, -1,
      120, 152, 118, -1,
      83, 159, 160, -1,
      83, 160, 84, -1,
      84, 160, 161, -1,
      84, 161, 85, -1,
      85, 161, 162, -1,
      85, 162, 86, -1,
      86, 162, 155, -1,
      86, 155, 87, -1,
      83, 82, 159, -1,
      159, 82, 163, -1,
      82, 81, 163, -1,
      163, 81, 143, -1,
    ]
  }
}

Shape {
  appearance Appearance {
    material Material {
      diffuseColor 0.5647 0.5647 0.5647
      specularColor 0.2824 0.2824 0.2824
      ambientIntensity 0.2
      transparency 0.0000
      shininess 0.5
    }
  }
  geometry IndexedFaceSet {
    ccw TRUE
    solid FALSE
    coord DEF co Coordinate {
      point [
        -0.076239 1.988189 0.709497,
        -0.077837 1.988189 0.710753,
        -0.081161 1.988189 0.712421,
        -0.090829 1.988189 0.714674,
        -0.072171 1.988189 0.698657,
        -0.072316 1.988189 0.701044,
        -0.073083 1.988189 0.704484,
        -0.074423 1.988189 0.707280,
        -0.076460 1.988189 0.688618,
        -0.075190 1.988189 0.689913,
        -0.073498 1.988189 0.692461,
        -0.072529 1.988189 0.695201,
        -0.087914 1.988189 0.684668,
        -0.082837 1.988189 0.685277,
        -0.079443 1.988189 0.686550,
        -0.104297 1.988189 0.691552,
        -0.102402 1.988189 0.689726,
        -0.098131 1.988189 0.686886,
        -0.093556 1.988189 0.685259,
        -0.110868 1.988189 0.709006,
        -0.110846 1.988189 0.708007,
        -0.109830 1.988189 0.701302,
        -0.107585 1.988189 0.695951,
        -0.110926 1.988189 0.717234,
      ]
    }
    coordIndex [
      20, 19, 0, -1,
      19, 23, 3, -1,
      3, 2, 19, -1,
      19, 2, 1, -1,
      19, 1, 0, -1,
      20, 0, 21, -1,
      21, 0, 7, -1,
      21, 7, 22, -1,
      9, 8, 16, -1,
      9, 16, 10, -1,
      17, 16, 18, -1,
      18, 16, 12, -1,
      7, 6, 22, -1,
      22, 6, 5, -1,
      22, 5, 15, -1,
      15, 5, 4, -1,
      15, 4, 16, -1,
      16, 4, 11, -1,
      16, 11, 10, -1,
      8, 14, 16, -1,
      16, 14, 13, -1,
      16, 13, 12, -1,
    ]
  }
}

Shape {
  appearance Appearance {
    material Material {
      diffuseColor 0.0000 0.0000 0.0000
      specularColor 0.0000 0.0000 0.0000
      ambientIntensity 0.2
      transparency 0.0000
      shininess 0.5
    }
  }
  geometry IndexedFaceSet {
    ccw TRUE
    solid FALSE
    coord DEF co Coordinate {
      point [
        -0.465535 1.988189 0.784462,
        -0.451078 1.988189 0.789859,
        -0.435219 1.988189 0.791724,
        -0.492439 1.988189 0.711369,
        -0.486439 1.988189 0.698987,
        -0.477430 1.988189 0.688415,
        -0.464876 1.988189 0.679538,
        -0.478050 1.988189 0.775789,
        -0.482222 1.988189 0.771654,
        -0.489591 1.988189 0.761140,
        -0.493964 1.988189 0.749664,
        -0.495861 1.988189 0.733048,
        -0.495447 1.988189 0.725411,
        -0.451160 1.988189 0.674277,
        -0.430676 1.988189 0.671921,
        -0.397643 1.988189 0.672156,
        -0.398490 1.988189 0.791724,
        -0.398494 1.988189 0.792257,
        -0.432756 1.988189 0.792014,
        -0.369296 1.988189 0.740209,
        -0.369198 1.988189 0.726455,
        -0.375052 1.988189 0.686009,
        -0.349948 1.988189 0.686187,
        -0.373069 1.988189 0.791724,
        -0.372976 1.988189 0.778622,
        -0.349948 1.988189 0.740346,
        -0.374954 1.988189 0.672317,
        -0.349948 1.988189 0.726591,
        -0.326248 1.988189 0.726759,
        -0.325961 1.988189 0.686357,
        -0.349948 1.988189 0.778785,
        -0.326618 1.988189 0.778950,
        -0.326345 1.988189 0.740513,
        -0.373074 1.988189 0.792437,
        -0.311212 1.988189 0.792876,
        -0.349948 1.988189 0.792601,
        -0.237295 1.988189 0.735428,
        -0.251197 1.988189 0.694502,
        -0.255280 1.988189 0.694350,
        -0.252989 1.988189 0.687428,
        -0.253389 1.988189 0.687424,
        -0.254100 1.988189 0.690359,
        -0.279163 1.988189 0.758778,
        -0.311204 1.988189 0.791724,
        -0.294759 1.988189 0.758667,
        -0.310360 1.988189 0.672775,
        -0.255130 1.988189 0.660210,
        -0.248221 1.988189 0.646989,
        -0.242669 1.988189 0.640419,
        -0.241643 1.988189 0.639492,
        -0.237295 1.988189 0.636498,
        -0.146071 1.988189 0.676949,
        -0.146181 1.988189 0.692483,
        -0.153690 1.988189 0.674212,
        -0.152772 1.988189 0.688424,
        -0.153690 1.988189 0.688092,
        -0.153690 1.988189 0.720049,
        -0.150757 1.988189 0.722969,
        -0.148825 1.988189 0.726103,
        -0.147196 1.988189 0.730706,
        -0.146586 1.988189 0.736569,
        -0.147213 1.988189 0.741922,
        -0.153200 1.988189 0.720378,
        -0.156627 1.988189 0.673157,
        -0.199213 1.988189 0.711081,
        -0.201988 1.988189 0.706924,
        -0.200360 1.988189 0.742881,
        -0.204148 1.988189 0.696862,
        -0.203391 1.988189 0.690830,
        -0.156356 1.988189 0.754798,
        -0.160080 1.988189 0.757049,
        -0.149032 1.988189 0.746753,
        -0.151850 1.988189 0.750800,
        -0.153690 1.988189 0.752433,
        -0.168166 1.988189 0.760098,
        -0.180167 1.988189 0.761445,
        -0.190713 1.988189 0.760434,
        -0.200463 1.988189 0.757494,
        -0.201512 1.988189 0.686075,
        -0.198681 1.988189 0.682127,
        -0.194345 1.988189 0.678387,
        -0.190828 1.988189 0.676259,
        -0.182892 1.988189 0.673263,
        -0.169307 1.988189 0.671749,
        -0.178606 1.988189 0.749237,
        -0.174151 1.988189 0.748934,
        -0.162100 1.988189 0.737810,
        -0.170119 1.988189 0.747898,
        -0.166733 1.988189 0.746128,
        -0.162222 1.988189 0.735807,
        -0.162803 1.988189 0.733467,
        -0.163872 1.988189 0.731429,
        -0.165328 1.988189 0.729804,
        -0.170608 1.988189 0.726451,
        -0.187608 1.988189 0.748247,
        -0.179889 1.988189 0.722332,
        -0.196157 1.988189 0.745266,
        -0.185697 1.988189 0.719934,
        -0.195649 1.988189 0.714307,
        -0.164449 1.988189 0.744138,
        -0.163146 1.988189 0.742233,
        -0.162389 1.988189 0.740207,
        -0.162219 1.988189 0.685004,
        -0.169189 1.988189 0.711478,
        -0.160252 1.988189 0.715652,
        -0.170867 1.988189 0.684019,
        -0.171532 1.988189 0.684018,
        -0.179038 1.988189 0.707271,
        -0.179249 1.988189 0.684828,
        -0.188694 1.988189 0.695498,
        -0.188561 1.988189 0.697370,
        -0.183141 1.988189 0.686221,
        -0.184519 1.988189 0.687043,
        -0.186256 1.988189 0.688563,
        -0.187583 1.988189 0.690496,
        -0.188363 1.988189 0.692630,
        -0.187894 1.988189 0.699724,
        -0.186745 1.988189 0.701726,
        -0.184884 1.988189 0.703691,
        -0.214634 1.988189 0.634278,
        -0.214729 1.988189 0.647663,
        -0.229243 1.988189 0.759132,
        -0.212419 1.988189 0.759252,
        -0.203563 1.988189 0.702479,
        -0.349948 1.988189 0.672494,
        -0.236363 1.988189 0.635857,
        -0.237295 1.988189 0.694629,
        -0.232853 1.988189 0.649293,
        -0.235678 1.988189 0.652368,
        -0.230411 1.988189 0.633637,
        -0.224326 1.988189 0.632981,
        -0.221006 1.988189 0.633123,
        -0.217799 1.988189 0.646633,
        -0.223251 1.988189 0.645883,
        -0.227206 1.988189 0.646344,
        -0.230474 1.988189 0.647638,
        -0.237295 1.988189 0.655266,
        -0.238749 1.988189 0.657870,
        -0.245460 1.988189 0.673419,
        -0.170867 1.988583 0.684019,
        -0.152772 1.988583 0.688424,
        -0.162219 1.988583 0.685004,
        -0.146181 1.988583 0.692483,
        -0.146071 1.988583 0.676949,
        -0.169307 1.988583 0.671749,
        -0.156627 1.988583 0.673157,
        -0.182892 1.988583 0.673263,
        -0.190828 1.988583 0.676259,
        -0.194345 1.988583 0.678387,
        -0.198681 1.988583 0.682127,
        -0.201512 1.988583 0.686075,
        -0.203391 1.988583 0.690830,
        -0.204148 1.988583 0.696862,
        -0.203563 1.988583 0.702479,
        -0.201988 1.988583 0.706924,
        -0.199213 1.988583 0.711081,
        -0.195649 1.988583 0.714307,
        -0.185697 1.988583 0.719934,
        -0.179889 1.988583 0.722332,
        -0.170608 1.988583 0.726451,
        -0.165328 1.988583 0.729804,
        -0.163872 1.988583 0.731429,
        -0.162803 1.988583 0.733467,
        -0.162222 1.988583 0.735807,
        -0.162100 1.988583 0.737810,
        -0.162389 1.988583 0.740207,
        -0.163146 1.988583 0.742233,
        -0.164449 1.988583 0.744138,
        -0.166733 1.988583 0.746128,
        -0.170119 1.988583 0.747898,
        -0.174151 1.988583 0.748934,
        -0.178606 1.988583 0.749237,
        -0.187608 1.988583 0.748247,
        -0.196157 1.988583 0.745266,
        -0.200360 1.988583 0.742881,
        -0.200463 1.988583 0.757494,
        -0.190713 1.988583 0.760434,
        -0.180167 1.988583 0.761445,
        -0.168166 1.988583 0.760098,
        -0.160080 1.988583 0.757049,
        -0.156356 1.988583 0.754798,
        -0.151850 1.988583 0.750800,
        -0.149032 1.988583 0.746753,
        -0.147213 1.988583 0.741922,
        -0.146586 1.988583 0.736569,
        -0.147196 1.988583 0.730706,
        -0.148825 1.988583 0.726103,
        -0.150757 1.988583 0.722969,
        -0.169189 1.988583 0.711478,
        -0.160252 1.988583 0.715652,
        -0.153200 1.988583 0.720378,
        -0.179038 1.988583 0.707271,
        -0.184884 1.988583 0.703691,
        -0.186745 1.988583 0.701726,
        -0.187894 1.988583 0.699724,
        -0.188561 1.988583 0.697370,
        -0.188694 1.988583 0.695498,
        -0.188363 1.988583 0.692630,
        -0.187583 1.988583 0.690496,
        -0.186256 1.988583 0.688563,
        -0.184519 1.988583 0.687043,
        -0.183141 1.988583 0.686221,
        -0.179249 1.988583 0.684828,
        -0.171532 1.988583 0.684018,
        -0.279163 1.988583 0.758778,
        -0.294759 1.988583 0.758667,
        -0.255280 1.988583 0.694350,
        -0.254100 1.988583 0.690359,
        -0.253389 1.988583 0.687424,
        -0.252989 1.988583 0.687428,
        -0.251197 1.988583 0.694502,
        -0.229243 1.988583 0.759132,
        -0.212419 1.988583 0.759252,
        -0.245460 1.988583 0.673419,
        -0.238749 1.988583 0.657870,
        -0.235678 1.988583 0.652368,
        -0.232853 1.988583 0.649293,
        -0.230474 1.988583 0.647638,
        -0.227206 1.988583 0.646344,
        -0.223251 1.988583 0.645883,
        -0.217799 1.988583 0.646633,
        -0.214729 1.988583 0.647663,
        -0.214634 1.988583 0.634278,
        -0.221006 1.988583 0.633123,
        -0.224326 1.988583 0.632981,
        -0.230411 1.988583 0.633637,
        -0.236363 1.988583 0.635857,
        -0.241643 1.988583 0.639492,
        -0.242669 1.988583 0.640419,
        -0.248221 1.988583 0.646989,
        -0.255130 1.988583 0.660210,
        -0.375052 1.988583 0.686009,
        -0.374954 1.988583 0.672317,
        -0.325961 1.988583 0.686357,
        -0.326248 1.988583 0.726759,
        -0.369198 1.988583 0.726455,
        -0.369296 1.988583 0.740209,
        -0.326345 1.988583 0.740513,
        -0.326618 1.988583 0.778950,
        -0.372976 1.988583 0.778622,
        -0.373074 1.988583 0.792437,
        -0.311212 1.988583 0.792876,
        -0.310360 1.988583 0.672775,
        -0.471909 1.988583 0.704343,
        -0.466475 1.988583 0.697887,
        -0.477430 1.988583 0.688415,
        -0.465119 1.988583 0.696638,
        -0.464876 1.988583 0.679538,
        -0.457349 1.988583 0.691298,
        -0.451160 1.988583 0.674277,
        -0.447427 1.988583 0.687508,
        -0.430676 1.988583 0.671921,
        -0.430681 1.988583 0.685615,
        -0.397643 1.988583 0.672156,
        -0.413243 1.988583 0.685738,
        -0.398494 1.988583 0.792257,
        -0.413900 1.988583 0.778331,
        -0.432756 1.988583 0.792014,
        -0.432044 1.988583 0.778203,
        -0.451078 1.988583 0.789859,
        -0.447463 1.988583 0.776394,
        -0.465535 1.988583 0.784462,
        -0.457860 1.988583 0.772569,
        -0.478050 1.988583 0.775789,
        -0.466625 1.988583 0.766659,
        -0.482222 1.988583 0.771654,
        -0.469906 1.988583 0.763386,
        -0.489591 1.988583 0.761140,
        -0.474524 1.988583 0.756634,
        -0.493964 1.988583 0.749664,
        -0.477859 1.988583 0.747863,
        -0.495861 1.988583 0.733048,
        -0.479556 1.988583 0.732733,
        -0.495447 1.988583 0.725411,
        -0.478923 1.988583 0.723708,
        -0.492439 1.988583 0.711369,
        -0.476307 1.988583 0.713039,
        -0.486439 1.988583 0.698987,
        -0.432044 1.988189 0.778203,
        -0.413900 1.988189 0.778331,
        -0.413243 1.988189 0.685738,
        -0.430681 1.988189 0.685615,
        -0.466475 1.988189 0.697887,
        -0.465119 1.988189 0.696638,
        -0.457349 1.988189 0.691298,
        -0.447427 1.988189 0.687508,
        -0.479556 1.988189 0.732733,
        -0.478923 1.988189 0.723708,
        -0.476307 1.988189 0.713039,
        -0.471909 1.988189 0.704343,
        -0.466625 1.988189 0.766659,
        -0.469906 1.988189 0.763386,
        -0.474524 1.988189 0.756634,
        -0.477859 1.988189 0.747863,
        -0.447463 1.988189 0.776394,
        -0.457860 1.988189 0.772569,
      ]
    }
    coordIndex [
      139, 105, 102, -1,
      55, 140, 102, -1,
      102, 140, 141, -1,
      102, 141, 139, -1,
      55, 54, 140, -1,
      140, 54, 52, -1,
      140, 52, 142, -1,
      143, 142, 51, -1,
      51, 142, 52, -1,
      83, 144, 145, -1,
      143, 51, 53, -1,
      143, 53, 145, -1,
      145, 53, 63, -1,
      145, 63, 83, -1,
      144, 83, 82, -1,
      144, 82, 146, -1,
      146, 82, 81, -1,
      146, 81, 147, -1,
      147, 81, 80, -1,
      147, 80, 148, -1,
      148, 80, 79, -1,
      148, 79, 149, -1,
      149, 79, 78, -1,
      149, 78, 150, -1,
      150, 78, 68, -1,
      150, 68, 151, -1,
      151, 68, 67, -1,
      151, 67, 152, -1,
      152, 67, 123, -1,
      152, 123, 153, -1,
      153, 123, 65, -1,
      153, 65, 154, -1,
      154, 65, 64, -1,
      154, 64, 155, -1,
      155, 64, 98, -1,
      155, 98, 156, -1,
      156, 98, 97, -1,
      156, 97, 157, -1,
      157, 97, 95, -1,
      157, 95, 158, -1,
      158, 95, 93, -1,
      158, 93, 159, -1,
      159, 93, 92, -1,
      159, 92, 160, -1,
      160, 92, 91, -1,
      160, 91, 161, -1,
      161, 91, 90, -1,
      161, 90, 162, -1,
      162, 90, 89, -1,
      162, 89, 163, -1,
      163, 89, 86, -1,
      163, 86, 164, -1,
      164, 86, 101, -1,
      164, 101, 165, -1,
      165, 101, 100, -1,
      165, 100, 166, -1,
      166, 100, 99, -1,
      166, 99, 167, -1,
      167, 99, 88, -1,
      167, 88, 168, -1,
      168, 88, 87, -1,
      168, 87, 169, -1,
      169, 87, 85, -1,
      169, 85, 170, -1,
      170, 85, 84, -1,
      170, 84, 171, -1,
      171, 84, 94, -1,
      171, 94, 172, -1,
      172, 94, 96, -1,
      172, 96, 173, -1,
      173, 96, 66, -1,
      173, 66, 174, -1,
      175, 174, 77, -1,
      77, 174, 66, -1,
      175, 77, 76, -1,
      175, 76, 176, -1,
      176, 76, 75, -1,
      176, 75, 177, -1,
      177, 75, 74, -1,
      177, 74, 178, -1,
      178, 74, 70, -1,
      178, 70, 179, -1,
      179, 70, 69, -1,
      179, 69, 180, -1,
      181, 180, 73, -1,
      73, 180, 69, -1,
      73, 72, 181, -1,
      181, 72, 71, -1,
      181, 71, 182, -1,
      182, 71, 61, -1,
      182, 61, 183, -1,
      183, 61, 60, -1,
      183, 60, 184, -1,
      184, 60, 59, -1,
      184, 59, 185, -1,
      185, 59, 58, -1,
      185, 58, 186, -1,
      186, 58, 57, -1,
      186, 57, 187, -1,
      103, 188, 189, -1,
      187, 57, 62, -1,
      187, 62, 190, -1,
      190, 62, 56, -1,
      190, 56, 189, -1,
      189, 56, 104, -1,
      189, 104, 103, -1,
      188, 103, 107, -1,
      188, 107, 191, -1,
      191, 107, 118, -1,
      191, 118, 192, -1,
      192, 118, 117, -1,
      192, 117, 193, -1,
      193, 117, 116, -1,
      193, 116, 194, -1,
      194, 116, 110, -1,
      194, 110, 195, -1,
      195, 110, 109, -1,
      195, 109, 196, -1,
      196, 109, 115, -1,
      196, 115, 197, -1,
      197, 115, 114, -1,
      197, 114, 198, -1,
      198, 114, 113, -1,
      198, 113, 199, -1,
      199, 113, 112, -1,
      199, 112, 200, -1,
      200, 112, 111, -1,
      200, 111, 201, -1,
      201, 111, 108, -1,
      201, 108, 202, -1,
      202, 108, 106, -1,
      202, 106, 203, -1,
      203, 106, 105, -1,
      203, 105, 139, -1,
      167, 168, 179, -1,
      179, 168, 178, -1,
      191, 158, 188, -1,
      188, 158, 159, -1,
      147, 148, 199, -1,
      199, 148, 149, -1,
      199, 149, 198, -1,
      198, 149, 150, -1,
      198, 150, 197, -1,
      197, 150, 151, -1,
      197, 151, 196, -1,
      196, 151, 152, -1,
      196, 152, 195, -1,
      195, 152, 153, -1,
      195, 153, 194, -1,
      194, 153, 154, -1,
      194, 154, 193, -1,
      193, 154, 155, -1,
      193, 155, 192, -1,
      192, 155, 156, -1,
      192, 156, 191, -1,
      191, 156, 157, -1,
      191, 157, 158, -1,
      144, 139, 145, -1,
      145, 139, 141, -1,
      145, 141, 143, -1,
      143, 141, 140, -1,
      143, 140, 142, -1,
      168, 169, 178, -1,
      178, 169, 170, -1,
      178, 170, 177, -1,
      177, 170, 171, -1,
      177, 171, 176, -1,
      176, 171, 172, -1,
      176, 172, 175, -1,
      175, 172, 173, -1,
      175, 173, 174, -1,
      199, 200, 147, -1,
      147, 200, 201, -1,
      147, 201, 146, -1,
      146, 201, 202, -1,
      146, 202, 144, -1,
      144, 202, 203, -1,
      144, 203, 139, -1,
      179, 180, 167, -1,
      167, 180, 181, -1,
      167, 181, 166, -1,
      166, 181, 182, -1,
      166, 182, 165, -1,
      165, 182, 183, -1,
      165, 183, 164, -1,
      164, 183, 184, -1,
      164, 184, 163, -1,
      163, 184, 185, -1,
      163, 185, 162, -1,
      162, 185, 186, -1,
      162, 186, 161, -1,
      161, 186, 187, -1,
      161, 187, 160, -1,
      160, 187, 190, -1,
      160, 190, 159, -1,
      159, 190, 189, -1,
      159, 189, 188, -1,
      204, 205, 42, -1,
      42, 205, 44, -1,
      206, 204, 38, -1,
      38, 204, 42, -1,
      206, 38, 41, -1,
      206, 41, 207, -1,
      207, 41, 40, -1,
      207, 40, 208, -1,
      209, 208, 39, -1,
      39, 208, 40, -1,
      210, 209, 37, -1,
      37, 209, 39, -1,
      121, 211, 36, -1,
      36, 211, 210, -1,
      36, 210, 37, -1,
      212, 211, 122, -1,
      122, 211, 121, -1,
      138, 213, 126, -1,
      126, 213, 212, -1,
      126, 212, 122, -1,
      214, 213, 137, -1,
      137, 213, 138, -1,
      214, 137, 136, -1,
      214, 136, 215, -1,
      136, 128, 215, -1,
      215, 128, 127, -1,
      215, 127, 216, -1,
      216, 127, 135, -1,
      216, 135, 217, -1,
      217, 135, 134, -1,
      217, 134, 218, -1,
      218, 134, 133, -1,
      218, 133, 219, -1,
      219, 133, 132, -1,
      219, 132, 220, -1,
      220, 132, 120, -1,
      220, 120, 221, -1,
      222, 221, 119, -1,
      119, 221, 120, -1,
      222, 119, 131, -1,
      222, 131, 223, -1,
      223, 131, 130, -1,
      223, 130, 224, -1,
      224, 130, 129, -1,
      224, 129, 225, -1,
      225, 129, 125, -1,
      225, 125, 226, -1,
      226, 125, 50, -1,
      226, 50, 227, -1,
      50, 49, 227, -1,
      227, 49, 48, -1,
      227, 48, 228, -1,
      228, 48, 47, -1,
      228, 47, 229, -1,
      229, 47, 46, -1,
      229, 46, 230, -1,
      205, 230, 44, -1,
      44, 230, 46, -1,
      207, 208, 230, -1,
      205, 204, 230, -1,
      230, 204, 206, -1,
      230, 206, 207, -1,
      211, 212, 210, -1,
      210, 212, 213, -1,
      210, 213, 209, -1,
      221, 222, 220, -1,
      220, 222, 223, -1,
      220, 223, 219, -1,
      219, 223, 224, -1,
      219, 224, 218, -1,
      218, 224, 225, -1,
      218, 225, 217, -1,
      217, 225, 226, -1,
      217, 226, 216, -1,
      208, 209, 230, -1,
      230, 209, 213, -1,
      230, 213, 229, -1,
      213, 214, 229, -1,
      229, 214, 215, -1,
      229, 215, 228, -1,
      228, 215, 216, -1,
      228, 216, 227, -1,
      227, 216, 226, -1,
      231, 232, 21, -1,
      21, 232, 26, -1,
      29, 233, 22, -1,
      22, 233, 231, -1,
      22, 231, 21, -1,
      234, 233, 28, -1,
      28, 233, 29, -1,
      20, 235, 27, -1,
      27, 235, 234, -1,
      27, 234, 28, -1,
      236, 235, 19, -1,
      19, 235, 20, -1,
      32, 237, 25, -1,
      25, 237, 236, -1,
      25, 236, 19, -1,
      238, 237, 31, -1,
      31, 237, 32, -1,
      24, 239, 30, -1,
      30, 239, 238, -1,
      30, 238, 31, -1,
      239, 24, 240, -1,
      240, 24, 23, -1,
      240, 23, 33, -1,
      34, 241, 35, -1,
      35, 241, 240, -1,
      35, 240, 33, -1,
      45, 242, 43, -1,
      43, 242, 241, -1,
      43, 241, 34, -1,
      26, 232, 124, -1,
      124, 232, 242, -1,
      124, 242, 45, -1,
      242, 232, 231, -1,
      231, 233, 242, -1,
      242, 233, 234, -1,
      242, 234, 241, -1,
      239, 240, 238, -1,
      238, 240, 241, -1,
      238, 241, 237, -1,
      237, 241, 234, -1,
      237, 234, 236, -1,
      236, 234, 235, -1,
      243, 244, 245, -1,
      245, 244, 246, -1,
      245, 246, 247, -1,
      247, 246, 248, -1,
      247, 248, 249, -1,
      249, 248, 250, -1,
      249, 250, 251, -1,
      251, 250, 252, -1,
      251, 252, 253, -1,
      253, 252, 254, -1,
      253, 254, 255, -1,
      255, 254, 256, -1,
      255, 256, 257, -1,
      257, 256, 258, -1,
      257, 258, 259, -1,
      259, 258, 260, -1,
      259, 260, 261, -1,
      261, 260, 262, -1,
      261, 262, 263, -1,
      263, 262, 264, -1,
      263, 264, 265, -1,
      265, 264, 266, -1,
      265, 266, 267, -1,
      267, 266, 268, -1,
      267, 268, 269, -1,
      269, 268, 270, -1,
      269, 270, 271, -1,
      271, 270, 272, -1,
      271, 272, 273, -1,
      273, 272, 274, -1,
      273, 274, 275, -1,
      275, 274, 276, -1,
      275, 276, 277, -1,
      277, 276, 243, -1,
      277, 243, 245, -1,
      251, 253, 14, -1,
      14, 253, 15, -1,
      251, 14, 13, -1,
      251, 13, 249, -1,
      249, 13, 6, -1,
      249, 6, 247, -1,
      247, 6, 5, -1,
      247, 5, 245, -1,
      245, 5, 4, -1,
      245, 4, 277, -1,
      277, 4, 3, -1,
      277, 3, 275, -1,
      275, 3, 12, -1,
      275, 12, 273, -1,
      273, 12, 11, -1,
      273, 11, 271, -1,
      271, 11, 10, -1,
      271, 10, 269, -1,
      269, 10, 9, -1,
      269, 9, 267, -1,
      267, 9, 8, -1,
      267, 8, 265, -1,
      265, 8, 7, -1,
      265, 7, 263, -1,
      18, 257, 2, -1,
      2, 257, 259, -1,
      2, 259, 1, -1,
      1, 259, 261, -1,
      1, 261, 0, -1,
      0, 261, 263, -1,
      0, 263, 7, -1,
      255, 257, 17, -1,
      17, 257, 18, -1,
      15, 253, 16, -1,
      16, 253, 255, -1,
      16, 255, 17, -1,
      258, 256, 278, -1,
      278, 256, 279, -1,
      256, 254, 279, -1,
      279, 254, 280, -1,
      254, 252, 280, -1,
      280, 252, 281, -1,
      244, 282, 283, -1,
      244, 283, 246, -1,
      246, 283, 284, -1,
      246, 284, 248, -1,
      248, 284, 285, -1,
      248, 285, 250, -1,
      250, 285, 281, -1,
      250, 281, 252, -1,
      272, 286, 287, -1,
      272, 287, 274, -1,
      274, 287, 288, -1,
      274, 288, 276, -1,
      276, 288, 289, -1,
      276, 289, 243, -1,
      243, 289, 282, -1,
      243, 282, 244, -1,
      264, 290, 291, -1,
      264, 291, 266, -1,
      266, 291, 292, -1,
      266, 292, 268, -1,
      268, 292, 293, -1,
      268, 293, 270, -1,
      270, 293, 286, -1,
      270, 286, 272, -1,
      258, 278, 294, -1,
      258, 294, 260, -1,
      260, 294, 295, -1,
      260, 295, 262, -1,
      262, 295, 290, -1,
      262, 290, 264, -1,
    ]
  }
}

Shape {
  appearance Appearance {
    material Material {
      diffuseColor 0.5647 0.5647 0.5647
      specularColor 0.2824 0.2824 0.2824
      ambientIntensity 0.2
      transparency 0.0000
      shininess 0.5
    }
  }
  geometry IndexedFaceSet {
    ccw TRUE
    solid FALSE
    coord DEF co Coordinate {
      point [
        -0.432044 1.988189 0.778203,
        -0.413900 1.988189 0.778331,
        -0.413243 1.988189 0.685738,
        -0.430681 1.988189 0.685615,
        -0.466475 1.988189 0.697887,
        -0.465119 1.988189 0.696638,
        -0.457349 1.988189 0.691298,
        -0.447427 1.988189 0.687508,
        -0.479556 1.988189 0.732733,
        -0.478923 1.988189 0.723708,
        -0.476307 1.988189 0.713039,
        -0.471909 1.988189 0.704343,
        -0.466625 1.988189 0.766659,
        -0.469906 1.988189 0.763386,
        -0.474524 1.988189 0.756634,
        -0.477859 1.988189 0.747863,
        -0.447463 1.988189 0.776394,
        -0.457860 1.988189 0.772569,
      ]
    }
    coordIndex [
      5, 4, 0, -1,
      1, 2, 0, -1,
      0, 2, 3, -1,
      3, 7, 0, -1,
      0, 7, 6, -1,
      0, 6, 5, -1,
      4, 11, 0, -1,
      0, 11, 10, -1,
      0, 10, 9, -1,
      9, 8, 0, -1,
      0, 8, 15, -1,
      0, 15, 14, -1,
      14, 13, 0, -1,
      0, 13, 12, -1,
      0, 12, 16, -1,
      16, 12, 17, -1,
    ]
  }
}

Shape {
  appearance Appearance {
    material Material {
      diffuseColor 0.0000 0.0000 0.0000
      specularColor 0.0000 0.0000 0.0000
      ambientIntensity 0.2
      transparency 0.0000
      shininess 0.5
    }
  }
  geometry IndexedFaceSet {
    ccw TRUE
    solid FALSE
    coord DEF co Coordinate {
      point [
        -0.519217 1.988189 0.671293,
        -0.502086 1.988189 0.671415,
        -0.548682 1.988189 0.791192,
        -0.565261 1.988189 0.791074,
        -0.610153 1.988189 0.670648,
        -0.593022 1.988189 0.670770,
        -0.581005 1.988189 0.703707,
        -0.530994 1.988189 0.704061,
        -0.536002 1.988583 0.717596,
        -0.554316 1.988583 0.767388,
        -0.548682 1.988583 0.791192,
        -0.502086 1.988583 0.671415,
        -0.519217 1.988583 0.671293,
        -0.530994 1.988583 0.704061,
        -0.555381 1.988583 0.770965,
        -0.556341 1.988583 0.775786,
        -0.565261 1.988583 0.791074,
        -0.556709 1.988583 0.775783,
        -0.557644 1.988583 0.770696,
        -0.558522 1.988583 0.767358,
        -0.576312 1.988583 0.717310,
        -0.610153 1.988583 0.670648,
        -0.593022 1.988583 0.670770,
        -0.581005 1.988583 0.703707,
        -0.536002 1.988189 0.717596,
        -0.576312 1.988189 0.717310,
        -0.558522 1.988189 0.767358,
        -0.556709 1.988189 0.775783,
        -0.557644 1.988189 0.770696,
        -0.556341 1.988189 0.775786,
        -0.554316 1.988189 0.767388,
        -0.555381 1.988189 0.770965,
      ]
    }
    coordIndex [
      8, 9, 10, -1,
      11, 12, 13, -1,
      9, 14, 10, -1,
      10, 14, 15, -1,
      10, 15, 16, -1,
      16, 15, 17, -1,
      16, 17, 18, -1,
      18, 19, 16, -1,
      16, 19, 20, -1,
      16, 20, 21, -1,
      22, 21, 23, -1,
      23, 21, 20, -1,
      23, 20, 13, -1,
      13, 20, 8, -1,
      13, 8, 11, -1,
      11, 8, 10, -1,
      16, 21, 3, -1,
      3, 21, 4, -1,
      10, 16, 2, -1,
      2, 16, 3, -1,
      11, 10, 1, -1,
      1, 10, 2, -1,
      12, 11, 0, -1,
      0, 11, 1, -1,
      13, 12, 7, -1,
      7, 12, 0, -1,
      23, 13, 6, -1,
      6, 13, 7, -1,
      22, 23, 5, -1,
      5, 23, 6, -1,
      21, 22, 4, -1,
      4, 22, 5, -1,
      8, 20, 24, -1,
      24, 20, 25, -1,
      20, 19, 25, -1,
      25, 19, 26, -1,
      17, 27, 28, -1,
      17, 28, 18, -1,
      18, 28, 26, -1,
      18, 26, 19, -1,
      17, 15, 27, -1,
      27, 15, 29, -1,
      9, 30, 31, -1,
      9, 31, 14, -1,
      14, 31, 29, -1,
      14, 29, 15, -1,
      9, 8, 30, -1,
      30, 8, 24, -1,
    ]
  }
}

Shape {
  appearance Appearance {
    material Material {
      diffuseColor 0.5647 0.5647 0.5647
      specularColor 0.2824 0.2824 0.2824
      ambientIntensity 0.2
      transparency 0.0000
      shininess 0.5
    }
  }
  geometry IndexedFaceSet {
    ccw TRUE
    solid FALSE
    coord DEF co Coordinate {
      point [
        -0.536002 1.988189 0.717596,
        -0.576312 1.988189 0.717310,
        -0.558522 1.988189 0.767358,
        -0.556709 1.988189 0.775783,
        -0.557644 1.988189 0.770696,
        -0.556341 1.988189 0.775786,
        -0.554316 1.988189 0.767388,
        -0.555381 1.988189 0.770965,
      ]
    }
    coordIndex [
      3, 5, 4, -1,
      4, 5, 7, -1,
      4, 7, 2, -1,
      2, 7, 6, -1,
      2, 6, 1, -1,
      1, 6, 0, -1,
    ]
  }
}

Shape {
  appearance Appearance {
    material Material {
      diffuseColor 0.0000 0.0000 0.0000
      specularColor 0.0000 0.0000 0.0000
      ambientIntensity 0.2
      transparency 0.0000
      shininess 0.5
    }
  }
  geometry IndexedFaceSet {
    ccw TRUE
    solid FALSE
    coord DEF co Coordinate {
      point [
        0.133705 1.988189 0.848976,
        0.125782 1.988189 0.828739,
        0.465665 1.988189 0.791724,
        0.360976 1.988189 0.791724,
        0.356436 1.988189 0.794056,
        0.664039 1.988189 0.824743,
        0.663250 1.988189 0.828739,
        0.440805 1.988189 1.003577,
        0.440261 1.988189 1.003759,
        0.249144 1.988189 0.975209,
        0.245274 1.988189 0.971509,
        0.218470 1.988189 0.938194,
        0.203511 1.988189 0.907423,
        0.199279 1.988189 0.905966,
        0.329796 1.988189 1.016490,
        0.294467 1.988189 1.003759,
        0.287051 1.988189 1.001087,
        0.263658 1.988189 0.985117,
        0.364960 1.988189 1.020436,
        0.400922 1.988189 1.016948,
        0.470914 1.988189 0.985117,
        0.467665 1.988189 0.987860,
        0.623622 1.988189 0.912111,
        0.616507 1.988189 0.918670,
        0.588986 1.988189 0.937227,
        0.557159 1.988189 0.948874,
        0.525131 1.988189 0.952402,
        0.487854 1.988189 0.970818,
        0.515315 1.988189 0.951798,
        0.505504 1.988189 0.950555,
        0.657723 1.988189 0.856746,
        0.654778 1.988189 0.863080,
        0.643564 1.988189 0.887196,
        0.664446 1.988189 0.815050,
        0.662131 1.988189 0.794056,
        0.661874 1.988189 0.791724,
        0.290712 1.988189 0.726402,
        0.284836 1.988189 0.728675,
        0.274458 1.988189 0.777272,
        0.295989 1.988189 0.722718,
        0.278213 1.988189 0.729477,
        0.277382 1.988189 0.729411,
        0.274824 1.988189 0.728826,
        0.304872 1.988189 0.703194,
        0.304631 1.988189 0.706563,
        0.394453 1.988189 0.714931,
        0.302870 1.988189 0.713049,
        0.299545 1.988189 0.718852,
        0.604510 1.988189 0.699994,
        0.629242 1.988189 0.721720,
        0.649328 1.988189 0.751219,
        0.660932 1.988189 0.783184,
        0.285101 1.988189 0.677357,
        0.290733 1.988189 0.679620,
        0.400156 1.988189 0.676539,
        0.296244 1.988189 0.683597,
        0.298214 1.988189 0.685631,
        0.301898 1.988189 0.691022,
        0.304106 1.988189 0.696828,
        0.395030 1.988189 0.697589,
        0.394514 1.988189 0.706392,
        0.503965 1.988189 0.624985,
        0.523604 1.988189 0.633407,
        0.540215 1.988189 0.646121,
        0.552799 1.988189 0.661886,
        0.190357 1.988189 0.749454,
        0.180870 1.988189 0.762708,
        0.174880 1.988189 0.777887,
        0.282774 1.988189 0.791724,
        0.120207 1.988189 0.791724,
        0.123912 1.988189 0.764477,
        0.134838 1.988189 0.737524,
        0.151937 1.988189 0.714065,
        0.423653 1.988189 0.642885,
        0.440747 1.988189 0.631175,
        0.561220 1.988189 0.680248,
        0.574015 1.988189 0.684279,
        0.273095 1.988189 0.728587,
        0.234670 1.988189 0.728315,
        0.219373 1.988189 0.731126,
        0.175328 1.988189 0.694551,
        0.201474 1.988189 0.681991,
        0.229915 1.988189 0.676190,
        0.204250 1.988189 0.737988,
        0.191543 1.988189 0.748199,
        0.410377 1.988189 0.657568,
        0.280296 1.988189 0.676547,
        0.459845 1.988189 0.624000,
        0.480510 1.988189 0.621606,
        0.483827 1.988189 0.621692,
        0.173076 1.988189 0.791724,
        0.172772 1.988189 0.794056,
        0.284116 1.988189 0.794056,
        0.172716 1.988189 0.794483,
        0.607096 1.988189 0.794056,
        0.609722 1.988189 0.803289,
        0.300608 1.988189 0.822717,
        0.610637 1.988189 0.816376,
        0.609027 1.988189 0.828739,
        0.173074 1.988189 0.801904,
        0.176952 1.988189 0.818337,
        0.182452 1.988189 0.828739,
        0.448313 1.988189 0.787280,
        0.430265 1.988189 0.777436,
        0.415456 1.988189 0.763755,
        0.518586 1.988189 0.783807,
        0.499671 1.988189 0.790881,
        0.606434 1.988189 0.791724,
        0.492393 1.988189 0.791724,
        0.479293 1.988189 0.793242,
        0.468886 1.988189 0.792549,
        0.603765 1.988189 0.782339,
        0.550373 1.988189 0.755771,
        0.536136 1.988189 0.771807,
        0.593670 1.988189 0.764863,
        0.578468 1.988189 0.749031,
        0.559960 1.988189 0.737453,
        0.245680 1.988189 0.861609,
        0.600506 1.988189 0.856000,
        0.607950 1.988189 0.837005,
        0.238848 1.988189 0.861561,
        0.184776 1.988189 0.833135,
        0.194596 1.988189 0.844267,
        0.207776 1.988189 0.853606,
        0.222641 1.988189 0.859447,
        0.263673 1.988189 0.912961,
        0.282755 1.988189 0.936121,
        0.479474 1.988189 0.888032,
        0.284984 1.988189 0.938182,
        0.308861 1.988189 0.954995,
        0.466252 1.988189 0.914929,
        0.595506 1.988189 0.863080,
        0.485642 1.988189 0.891456,
        0.245991 1.988189 0.863080,
        0.250712 1.988189 0.885345,
        0.504743 1.988189 0.898566,
        0.524641 1.988189 0.901161,
        0.533450 1.988189 0.900770,
        0.446943 1.988189 0.937677,
        0.335568 1.988189 0.965438,
        0.423888 1.988189 0.954273,
        0.364470 1.988189 0.969195,
        0.395908 1.988189 0.965376,
        0.554570 1.988189 0.895943,
        0.573685 1.988189 0.885992,
        0.588554 1.988189 0.872926,
        0.123464 1.988189 0.822819,
        0.119767 1.988189 0.794962,
        0.119891 1.988189 0.794056,
        0.173962 1.988189 0.893163,
        0.150950 1.988189 0.873399,
        0.143664 1.988189 0.863080,
        0.552799 1.988583 0.661886,
        0.540215 1.988583 0.646121,
        0.559960 1.988583 0.737453,
        0.250712 1.988583 0.885345,
        0.245680 1.988583 0.861609,
        0.203511 1.988583 0.907423,
        0.274458 1.988583 0.777272,
        0.300608 1.988583 0.822717,
        0.415456 1.988583 0.763755,
        0.473038 1.988583 0.738539,
        0.465167 1.988583 0.735552,
        0.573685 1.988583 0.885992,
        0.554570 1.988583 0.895943,
        0.557159 1.988583 0.948874,
        0.525131 1.988583 0.952402,
        0.458392 1.988583 0.730792,
        0.453004 1.988583 0.724548,
        0.394453 1.988583 0.714931,
        0.578468 1.988583 0.749031,
        0.574015 1.988583 0.684279,
        0.561220 1.988583 0.680248,
        0.449428 1.988583 0.717469,
        0.447628 1.988583 0.709516,
        0.394514 1.988583 0.706392,
        0.447667 1.988583 0.702458,
        0.238848 1.988583 0.861561,
        0.222641 1.988583 0.859447,
        0.199279 1.988583 0.905966,
        0.207776 1.988583 0.853606,
        0.173962 1.988583 0.893163,
        0.150950 1.988583 0.873399,
        0.423888 1.988583 0.954273,
        0.467665 1.988583 0.987860,
        0.446943 1.988583 0.937677,
        0.487854 1.988583 0.970818,
        0.466252 1.988583 0.914929,
        0.505504 1.988583 0.950555,
        0.479474 1.988583 0.888032,
        0.533450 1.988583 0.900770,
        0.524641 1.988583 0.901161,
        0.515315 1.988583 0.951798,
        0.504743 1.988583 0.898566,
        0.485642 1.988583 0.891456,
        0.502124 1.988583 0.680626,
        0.495137 1.988583 0.676127,
        0.523604 1.988583 0.633407,
        0.487138 1.988583 0.673465,
        0.488121 1.988583 0.738624,
        0.499671 1.988583 0.790881,
        0.495651 1.988583 0.735919,
        0.518586 1.988583 0.783807,
        0.502456 1.988583 0.731393,
        0.536136 1.988583 0.771807,
        0.507987 1.988583 0.725333,
        0.550373 1.988583 0.755771,
        0.511938 1.988583 0.717911,
        0.513882 1.988583 0.709696,
        0.151937 1.988583 0.714065,
        0.191543 1.988583 0.748199,
        0.175328 1.988583 0.694551,
        0.204250 1.988583 0.737988,
        0.201474 1.988583 0.681991,
        0.219373 1.988583 0.731126,
        0.229915 1.988583 0.676190,
        0.234670 1.988583 0.728315,
        0.280296 1.988583 0.676547,
        0.273095 1.988583 0.728587,
        0.285101 1.988583 0.677357,
        0.607950 1.988583 0.837005,
        0.664039 1.988583 0.824743,
        0.610637 1.988583 0.816376,
        0.664446 1.988583 0.815050,
        0.609722 1.988583 0.803289,
        0.660932 1.988583 0.783184,
        0.603765 1.988583 0.782339,
        0.649328 1.988583 0.751219,
        0.593670 1.988583 0.764863,
        0.629242 1.988583 0.721720,
        0.604510 1.988583 0.699994,
        0.448313 1.988583 0.787280,
        0.468886 1.988583 0.792549,
        0.479293 1.988583 0.793242,
        0.194596 1.988583 0.844267,
        0.184776 1.988583 0.833135,
        0.133705 1.988583 0.848976,
        0.176952 1.988583 0.818337,
        0.123464 1.988583 0.822819,
        0.173074 1.988583 0.801904,
        0.119767 1.988583 0.794962,
        0.172716 1.988583 0.794483,
        0.123912 1.988583 0.764477,
        0.174880 1.988583 0.777887,
        0.134838 1.988583 0.737524,
        0.180870 1.988583 0.762708,
        0.190357 1.988583 0.749454,
        0.588986 1.988583 0.937227,
        0.616507 1.988583 0.918670,
        0.588554 1.988583 0.872926,
        0.623622 1.988583 0.912111,
        0.600506 1.988583 0.856000,
        0.643564 1.988583 0.887196,
        0.657723 1.988583 0.856746,
        0.507752 1.988583 0.686641,
        0.511617 1.988583 0.693571,
        0.513727 1.988583 0.701344,
        0.263673 1.988583 0.912961,
        0.218470 1.988583 0.938194,
        0.282755 1.988583 0.936121,
        0.245274 1.988583 0.971509,
        0.284984 1.988583 0.938182,
        0.249144 1.988583 0.975209,
        0.308861 1.988583 0.954995,
        0.287051 1.988583 1.001087,
        0.335568 1.988583 0.965438,
        0.329796 1.988583 1.016490,
        0.364470 1.988583 0.969195,
        0.364960 1.988583 1.020436,
        0.395908 1.988583 0.965376,
        0.400922 1.988583 1.016948,
        0.440805 1.988583 1.003577,
        0.480528 1.988583 0.739452,
        0.430265 1.988583 0.777436,
        0.277382 1.988583 0.729411,
        0.298214 1.988583 0.685631,
        0.296244 1.988583 0.683597,
        0.274824 1.988583 0.728826,
        0.290733 1.988583 0.679620,
        0.503965 1.988583 0.624985,
        0.483827 1.988583 0.621692,
        0.481001 1.988583 0.672847,
        0.480510 1.988583 0.621606,
        0.473342 1.988583 0.673671,
        0.459845 1.988583 0.624000,
        0.465843 1.988583 0.676364,
        0.440747 1.988583 0.631175,
        0.459211 1.988583 0.680775,
        0.423653 1.988583 0.642885,
        0.453628 1.988583 0.686884,
        0.410377 1.988583 0.657568,
        0.449673 1.988583 0.694252,
        0.400156 1.988583 0.676539,
        0.395030 1.988583 0.697589,
        0.304872 1.988583 0.703194,
        0.304106 1.988583 0.696828,
        0.301898 1.988583 0.691022,
        0.284836 1.988583 0.728675,
        0.290712 1.988583 0.726402,
        0.304631 1.988583 0.706563,
        0.295989 1.988583 0.722718,
        0.299545 1.988583 0.718852,
        0.302870 1.988583 0.713049,
        0.278213 1.988583 0.729477,
        0.480528 1.988189 0.739452,
        0.473038 1.988189 0.738539,
        0.465167 1.988189 0.735552,
        0.458392 1.988189 0.730792,
        0.453004 1.988189 0.724548,
        0.449428 1.988189 0.717469,
        0.447628 1.988189 0.709516,
        0.447667 1.988189 0.702458,
        0.449673 1.988189 0.694252,
        0.453628 1.988189 0.686884,
        0.459211 1.988189 0.680775,
        0.465843 1.988189 0.676364,
        0.473342 1.988189 0.673671,
        0.481001 1.988189 0.672847,
        0.487138 1.988189 0.673465,
        0.495137 1.988189 0.676127,
        0.502124 1.988189 0.680626,
        0.507752 1.988189 0.686641,
        0.511617 1.988189 0.693571,
        0.513727 1.988189 0.701344,
        0.513882 1.988189 0.709696,
        0.511938 1.988189 0.717911,
        0.507987 1.988189 0.725333,
        0.502456 1.988189 0.731393,
        0.495651 1.988189 0.735919,
        0.488121 1.988189 0.738624,
      ]
    }
    coordIndex [
      152, 153, 154, -1,
      155, 156, 157, -1,
      158, 159, 160, -1,
      161, 162, 158, -1,
      163, 164, 165, -1,
      165, 164, 166, -1,
      162, 167, 158, -1,
      158, 167, 168, -1,
      158, 168, 169, -1,
      170, 171, 154, -1,
      154, 171, 172, -1,
      154, 172, 152, -1,
      168, 173, 169, -1,
      169, 173, 174, -1,
      169, 174, 175, -1,
      175, 174, 176, -1,
      156, 177, 157, -1,
      157, 177, 178, -1,
      157, 178, 179, -1,
      179, 178, 180, -1,
      179, 180, 181, -1,
      181, 180, 182, -1,
      183, 184, 185, -1,
      185, 184, 186, -1,
      185, 186, 187, -1,
      187, 186, 188, -1,
      187, 188, 189, -1,
      164, 190, 166, -1,
      166, 190, 191, -1,
      166, 191, 192, -1,
      192, 191, 193, -1,
      192, 193, 188, -1,
      188, 193, 194, -1,
      188, 194, 189, -1,
      195, 153, 196, -1,
      196, 153, 197, -1,
      196, 197, 198, -1,
      199, 200, 201, -1,
      201, 200, 202, -1,
      201, 202, 203, -1,
      203, 202, 204, -1,
      203, 204, 205, -1,
      205, 204, 206, -1,
      205, 206, 207, -1,
      207, 206, 154, -1,
      207, 154, 208, -1,
      209, 210, 211, -1,
      211, 210, 212, -1,
      211, 212, 213, -1,
      213, 212, 214, -1,
      213, 214, 215, -1,
      215, 214, 216, -1,
      215, 216, 217, -1,
      217, 216, 218, -1,
      217, 218, 219, -1,
      220, 221, 222, -1,
      222, 221, 223, -1,
      222, 223, 224, -1,
      224, 223, 225, -1,
      224, 225, 226, -1,
      226, 225, 227, -1,
      226, 227, 228, -1,
      228, 227, 229, -1,
      228, 229, 170, -1,
      170, 229, 230, -1,
      170, 230, 171, -1,
      231, 232, 199, -1,
      199, 232, 233, -1,
      199, 233, 200, -1,
      180, 234, 182, -1,
      182, 234, 235, -1,
      182, 235, 236, -1,
      236, 235, 237, -1,
      236, 237, 238, -1,
      238, 237, 239, -1,
      238, 239, 240, -1,
      240, 239, 241, -1,
      240, 241, 242, -1,
      242, 241, 243, -1,
      242, 243, 244, -1,
      244, 243, 245, -1,
      244, 245, 209, -1,
      209, 245, 246, -1,
      209, 246, 210, -1,
      165, 247, 163, -1,
      163, 247, 248, -1,
      163, 248, 249, -1,
      249, 248, 250, -1,
      249, 250, 251, -1,
      251, 250, 252, -1,
      251, 252, 220, -1,
      220, 252, 253, -1,
      220, 253, 221, -1,
      195, 254, 153, -1,
      153, 254, 255, -1,
      153, 255, 154, -1,
      154, 255, 256, -1,
      154, 256, 208, -1,
      155, 157, 257, -1,
      257, 157, 258, -1,
      257, 258, 259, -1,
      259, 258, 260, -1,
      259, 260, 261, -1,
      261, 260, 262, -1,
      261, 262, 263, -1,
      263, 262, 264, -1,
      263, 264, 265, -1,
      265, 264, 266, -1,
      265, 266, 267, -1,
      267, 266, 268, -1,
      267, 268, 269, -1,
      269, 268, 270, -1,
      269, 270, 183, -1,
      183, 270, 271, -1,
      183, 271, 184, -1,
      161, 158, 272, -1,
      272, 158, 160, -1,
      272, 160, 199, -1,
      199, 160, 273, -1,
      199, 273, 231, -1,
      274, 275, 276, -1,
      218, 277, 219, -1,
      219, 277, 274, -1,
      219, 274, 278, -1,
      278, 274, 276, -1,
      197, 279, 198, -1,
      198, 279, 280, -1,
      198, 280, 281, -1,
      281, 280, 282, -1,
      281, 282, 283, -1,
      283, 282, 284, -1,
      283, 284, 285, -1,
      285, 284, 286, -1,
      285, 286, 287, -1,
      287, 286, 288, -1,
      287, 288, 289, -1,
      289, 288, 290, -1,
      289, 290, 291, -1,
      291, 290, 292, -1,
      291, 292, 176, -1,
      176, 292, 293, -1,
      176, 293, 175, -1,
      294, 295, 274, -1,
      274, 295, 296, -1,
      274, 296, 275, -1,
      297, 298, 299, -1,
      298, 300, 299, -1,
      299, 300, 301, -1,
      299, 301, 302, -1,
      294, 274, 299, -1,
      299, 274, 303, -1,
      299, 303, 297, -1,
      240, 147, 146, -1,
      151, 182, 236, -1,
      240, 146, 238, -1,
      238, 146, 1, -1,
      238, 1, 236, -1,
      236, 1, 0, -1,
      236, 0, 151, -1,
      151, 150, 182, -1,
      182, 150, 149, -1,
      182, 149, 181, -1,
      181, 149, 13, -1,
      181, 13, 179, -1,
      179, 13, 12, -1,
      179, 12, 157, -1,
      157, 12, 11, -1,
      157, 11, 258, -1,
      258, 11, 10, -1,
      258, 10, 260, -1,
      260, 10, 9, -1,
      260, 9, 262, -1,
      18, 268, 266, -1,
      262, 9, 17, -1,
      262, 17, 264, -1,
      17, 16, 264, -1,
      264, 16, 15, -1,
      264, 15, 266, -1,
      266, 15, 14, -1,
      266, 14, 18, -1,
      268, 18, 19, -1,
      8, 271, 19, -1,
      19, 271, 270, -1,
      19, 270, 268, -1,
      8, 7, 271, -1,
      271, 7, 21, -1,
      271, 21, 184, -1,
      29, 188, 186, -1,
      184, 21, 20, -1,
      184, 20, 186, -1,
      186, 20, 27, -1,
      186, 27, 29, -1,
      188, 29, 28, -1,
      188, 28, 192, -1,
      192, 28, 26, -1,
      192, 26, 166, -1,
      166, 26, 25, -1,
      166, 25, 165, -1,
      165, 25, 24, -1,
      165, 24, 247, -1,
      247, 24, 23, -1,
      247, 23, 248, -1,
      248, 23, 22, -1,
      248, 22, 250, -1,
      33, 223, 221, -1,
      250, 22, 32, -1,
      250, 32, 252, -1,
      252, 32, 31, -1,
      252, 31, 253, -1,
      31, 30, 253, -1,
      253, 30, 6, -1,
      253, 6, 221, -1,
      221, 6, 5, -1,
      221, 5, 33, -1,
      35, 225, 34, -1,
      34, 225, 223, -1,
      34, 223, 33, -1,
      35, 51, 225, -1,
      225, 51, 50, -1,
      225, 50, 227, -1,
      227, 50, 49, -1,
      227, 49, 229, -1,
      229, 49, 48, -1,
      229, 48, 230, -1,
      230, 48, 76, -1,
      230, 76, 171, -1,
      171, 76, 75, -1,
      171, 75, 172, -1,
      172, 75, 64, -1,
      172, 64, 152, -1,
      152, 64, 63, -1,
      152, 63, 153, -1,
      153, 63, 62, -1,
      153, 62, 197, -1,
      197, 62, 61, -1,
      197, 61, 279, -1,
      279, 61, 89, -1,
      279, 89, 280, -1,
      280, 89, 88, -1,
      280, 88, 282, -1,
      282, 88, 87, -1,
      282, 87, 284, -1,
      284, 87, 74, -1,
      284, 74, 286, -1,
      286, 74, 73, -1,
      286, 73, 288, -1,
      288, 73, 85, -1,
      288, 85, 290, -1,
      290, 85, 54, -1,
      290, 54, 292, -1,
      292, 54, 59, -1,
      292, 59, 293, -1,
      293, 59, 60, -1,
      293, 60, 175, -1,
      169, 175, 45, -1,
      45, 175, 60, -1,
      158, 169, 38, -1,
      38, 169, 45, -1,
      38, 68, 158, -1,
      158, 68, 92, -1,
      158, 92, 159, -1,
      159, 92, 96, -1,
      3, 104, 160, -1,
      3, 160, 4, -1,
      4, 160, 159, -1,
      4, 159, 96, -1,
      109, 233, 232, -1,
      160, 104, 103, -1,
      160, 103, 273, -1,
      273, 103, 102, -1,
      273, 102, 231, -1,
      231, 102, 2, -1,
      231, 2, 232, -1,
      232, 2, 110, -1,
      232, 110, 109, -1,
      200, 233, 108, -1,
      108, 233, 109, -1,
      108, 106, 200, -1,
      200, 106, 105, -1,
      200, 105, 202, -1,
      202, 105, 113, -1,
      202, 113, 204, -1,
      204, 113, 112, -1,
      204, 112, 206, -1,
      206, 112, 116, -1,
      206, 116, 154, -1,
      94, 224, 107, -1,
      107, 224, 226, -1,
      107, 226, 111, -1,
      111, 226, 228, -1,
      111, 228, 114, -1,
      114, 228, 170, -1,
      114, 170, 115, -1,
      115, 170, 154, -1,
      115, 154, 116, -1,
      94, 95, 224, -1,
      224, 95, 97, -1,
      224, 97, 222, -1,
      220, 222, 98, -1,
      98, 222, 97, -1,
      98, 119, 220, -1,
      220, 119, 118, -1,
      220, 118, 251, -1,
      251, 118, 131, -1,
      251, 131, 249, -1,
      131, 145, 249, -1,
      249, 145, 144, -1,
      249, 144, 163, -1,
      163, 144, 143, -1,
      163, 143, 164, -1,
      164, 143, 137, -1,
      164, 137, 190, -1,
      190, 137, 136, -1,
      190, 136, 191, -1,
      191, 136, 135, -1,
      191, 135, 193, -1,
      193, 135, 132, -1,
      193, 132, 194, -1,
      194, 132, 127, -1,
      194, 127, 189, -1,
      189, 127, 130, -1,
      189, 130, 187, -1,
      187, 130, 138, -1,
      187, 138, 185, -1,
      185, 138, 140, -1,
      185, 140, 183, -1,
      183, 140, 142, -1,
      183, 142, 269, -1,
      269, 142, 141, -1,
      269, 141, 267, -1,
      117, 156, 133, -1,
      133, 156, 155, -1,
      133, 155, 134, -1,
      134, 155, 257, -1,
      134, 257, 125, -1,
      125, 257, 259, -1,
      125, 259, 126, -1,
      126, 259, 261, -1,
      126, 261, 128, -1,
      128, 261, 263, -1,
      128, 263, 129, -1,
      129, 263, 265, -1,
      129, 265, 139, -1,
      139, 265, 267, -1,
      139, 267, 141, -1,
      177, 156, 120, -1,
      120, 156, 117, -1,
      177, 120, 124, -1,
      177, 124, 178, -1,
      178, 124, 123, -1,
      178, 123, 180, -1,
      180, 123, 122, -1,
      180, 122, 234, -1,
      234, 122, 121, -1,
      234, 121, 235, -1,
      235, 121, 101, -1,
      235, 101, 237, -1,
      101, 100, 237, -1,
      237, 100, 99, -1,
      237, 99, 239, -1,
      239, 99, 93, -1,
      239, 93, 241, -1,
      93, 91, 241, -1,
      241, 91, 90, -1,
      241, 90, 243, -1,
      90, 67, 243, -1,
      243, 67, 66, -1,
      243, 66, 245, -1,
      245, 66, 65, -1,
      245, 65, 246, -1,
      246, 65, 84, -1,
      246, 84, 210, -1,
      210, 84, 83, -1,
      210, 83, 212, -1,
      212, 83, 79, -1,
      212, 79, 214, -1,
      214, 79, 78, -1,
      214, 78, 216, -1,
      218, 216, 77, -1,
      77, 216, 78, -1,
      218, 77, 42, -1,
      218, 42, 277, -1,
      277, 42, 41, -1,
      277, 41, 274, -1,
      274, 41, 40, -1,
      274, 40, 303, -1,
      303, 40, 37, -1,
      303, 37, 297, -1,
      297, 37, 36, -1,
      297, 36, 298, -1,
      298, 36, 39, -1,
      298, 39, 300, -1,
      300, 39, 47, -1,
      300, 47, 301, -1,
      301, 47, 46, -1,
      301, 46, 302, -1,
      302, 46, 44, -1,
      302, 44, 299, -1,
      299, 44, 43, -1,
      299, 43, 294, -1,
      294, 43, 58, -1,
      294, 58, 295, -1,
      295, 58, 57, -1,
      295, 57, 296, -1,
      296, 57, 56, -1,
      296, 56, 275, -1,
      275, 56, 55, -1,
      275, 55, 276, -1,
      276, 55, 53, -1,
      276, 53, 278, -1,
      278, 53, 52, -1,
      278, 52, 219, -1,
      219, 52, 86, -1,
      219, 86, 217, -1,
      215, 217, 82, -1,
      82, 217, 86, -1,
      215, 82, 81, -1,
      215, 81, 213, -1,
      213, 81, 80, -1,
      213, 80, 211, -1,
      211, 80, 72, -1,
      211, 72, 209, -1,
      209, 72, 71, -1,
      209, 71, 244, -1,
      244, 71, 70, -1,
      244, 70, 242, -1,
      242, 70, 69, -1,
      242, 69, 240, -1,
      240, 69, 148, -1,
      240, 148, 147, -1,
      272, 304, 305, -1,
      272, 305, 161, -1,
      161, 305, 306, -1,
      161, 306, 162, -1,
      162, 306, 307, -1,
      162, 307, 167, -1,
      167, 307, 308, -1,
      167, 308, 168, -1,
      168, 308, 309, -1,
      168, 309, 173, -1,
      173, 309, 310, -1,
      173, 310, 174, -1,
      174, 310, 311, -1,
      174, 311, 176, -1,
      176, 311, 312, -1,
      176, 312, 291, -1,
      291, 312, 313, -1,
      291, 313, 289, -1,
      289, 313, 314, -1,
      289, 314, 287, -1,
      287, 314, 315, -1,
      287, 315, 285, -1,
      285, 315, 316, -1,
      285, 316, 283, -1,
      283, 316, 317, -1,
      283, 317, 281, -1,
      281, 317, 318, -1,
      281, 318, 198, -1,
      198, 318, 319, -1,
      198, 319, 196, -1,
      196, 319, 320, -1,
      196, 320, 195, -1,
      195, 320, 321, -1,
      195, 321, 254, -1,
      254, 321, 322, -1,
      254, 322, 255, -1,
      255, 322, 323, -1,
      255, 323, 256, -1,
      256, 323, 324, -1,
      256, 324, 208, -1,
      208, 324, 325, -1,
      208, 325, 207, -1,
      207, 325, 326, -1,
      207, 326, 205, -1,
      205, 326, 327, -1,
      205, 327, 203, -1,
      203, 327, 328, -1,
      203, 328, 201, -1,
      201, 328, 329, -1,
      201, 329, 199, -1,
      199, 329, 304, -1,
      199, 304, 272, -1,
    ]
  }
}

Shape {
  appearance Appearance {
    material Material {
      diffuseColor 0.5647 0.5647 0.5647
      specularColor 0.2824 0.2824 0.2824
      ambientIntensity 0.2
      transparency 0.0000
      shininess 0.5
    }
  }
  geometry IndexedFaceSet {
    ccw TRUE
    solid FALSE
    coord DEF co Coordinate {
      point [
        0.480528 1.988189 0.739452,
        0.473038 1.988189 0.738539,
        0.465167 1.988189 0.735552,
        0.458392 1.988189 0.730792,
        0.453004 1.988189 0.724548,
        0.449428 1.988189 0.717469,
        0.447628 1.988189 0.709516,
        0.447667 1.988189 0.702458,
        0.449673 1.988189 0.694252,
        0.453628 1.988189 0.686884,
        0.459211 1.988189 0.680775,
        0.465843 1.988189 0.676364,
        0.473342 1.988189 0.673671,
        0.481001 1.988189 0.672847,
        0.487138 1.988189 0.673465,
        0.495137 1.988189 0.676127,
        0.502124 1.988189 0.680626,
        0.507752 1.988189 0.686641,
        0.511617 1.988189 0.693571,
        0.513727 1.988189 0.701344,
        0.513882 1.988189 0.709696,
        0.511938 1.988189 0.717911,
        0.507987 1.988189 0.725333,
        0.502456 1.988189 0.731393,
        0.495651 1.988189 0.735919,
        0.488121 1.988189 0.738624,
      ]
    }
    coordIndex [
      14, 13, 0, -1,
      6, 13, 7, -1,
      7, 13, 12, -1,
      7, 12, 11, -1,
      6, 5, 13, -1,
      13, 5, 4, -1,
      13, 4, 3, -1,
      3, 2, 13, -1,
      13, 2, 1, -1,
      13, 1, 0, -1,
      0, 25, 14, -1,
      14, 25, 24, -1,
      14, 24, 15, -1,
      15, 24, 16, -1,
      11, 10, 7, -1,
      7, 10, 9, -1,
      7, 9, 8, -1,
      21, 20, 22, -1,
      22, 20, 19, -1,
      22, 19, 23, -1,
      23, 19, 18, -1,
      23, 18, 24, -1,
      24, 18, 17, -1,
      24, 17, 16, -1,
    ]
  }
}
