ISO-10303-21;
HEADER;
FILE_DESCRIPTION(('Open CASCADE Model'),'2;1');
FILE_NAME('Open CASCADE Shape Model','2026-10-02T06:12:35',('Author'),(
    'Open CASCADE'),'Open CASCADE STEP processor 8.0','Open CASCADE 8.0'
  ,'Unknown');
FILE_SCHEMA(('AUTOMOTIVE_DESIGN { 1 0 10303 214 1 1 1 1 }'));
ENDSEC;
DATA;
#1 = APPLICATION_PROTOCOL_DEFINITION('international standard',
  'automotive_design',2000,#2);
#2 = APPLICATION_CONTEXT(
  'core data for automotive mechanical design processes');
#3 = SHAPE_DEFINITION_REPRESENTATION(#4,#10);
#4 = PRODUCT_DEFINITION_SHAPE('','',#5);
#5 = PRODUCT_DEFINITION('design','',#6,#9);
#6 = PRODUCT_DEFINITION_FORMATION('','',#7);
#7 = PRODUCT('Contact_1','Contact_1','',(#8));
#8 = PRODUCT_CONTEXT('',#2,'mechanical');
#9 = PRODUCT_DEFINITION_CONTEXT('part definition',#2,'design');
#10 = ADVANCED_BREP_SHAPE_REPRESENTATION('',(#11,#15),#501);
#11 = AXIS2_PLACEMENT_3D('',#12,#13,#14);
#12 = CARTESIAN_POINT('',(0.,0.,0.));
#13 = DIRECTION('',(0.,0.,1.));
#14 = DIRECTION('',(1.,0.,-0.));
#15 = MANIFOLD_SOLID_BREP('',#16);
#16 = CLOSED_SHELL('',(#17,#137,#269,#340,#433,#480,#487,#494));
#17 = ADVANCED_FACE('',(#18),#32,.T.);
#18 = FACE_BOUND('',#19,.T.);
#19 = EDGE_LOOP('',(#20,#55,#83,#111));
#20 = ORIENTED_EDGE('',*,*,#21,.F.);
#21 = EDGE_CURVE('',#22,#24,#26,.T.);
#22 = VERTEX_POINT('',#23);
#23 = CARTESIAN_POINT('',(-2.9,6.75,-1.05));
#24 = VERTEX_POINT('',#25);
#25 = CARTESIAN_POINT('',(-2.9,6.75,8.2));
#26 = SURFACE_CURVE('',#27,(#31,#43),.PCURVE_S1.);
#27 = LINE('',#28,#29);
#28 = CARTESIAN_POINT('',(-2.9,6.75,-15.08113883008));
#29 = VECTOR('',#30,1.);
#30 = DIRECTION('',(0.,0.,1.));
#31 = PCURVE('',#32,#37);
#32 = PLANE('',#33);
#33 = AXIS2_PLACEMENT_3D('',#34,#35,#36);
#34 = CARTESIAN_POINT('',(-3.4,6.75,-15.08113883008));
#35 = DIRECTION('',(0.,1.,0.));
#36 = DIRECTION('',(-1.,0.,0.));
#37 = DEFINITIONAL_REPRESENTATION('',(#38),#42);
#38 = LINE('',#39,#40);
#39 = CARTESIAN_POINT('',(-0.5,0.));
#40 = VECTOR('',#41,1.);
#41 = DIRECTION('',(0.,1.));
#42 = ( GEOMETRIC_REPRESENTATION_CONTEXT(2) 
PARAMETRIC_REPRESENTATION_CONTEXT() REPRESENTATION_CONTEXT('2D SPACE',''
  ) );
#43 = PCURVE('',#44,#49);
#44 = PLANE('',#45);
#45 = AXIS2_PLACEMENT_3D('',#46,#47,#48);
#46 = CARTESIAN_POINT('',(-2.9,6.75,-15.08113883008));
#47 = DIRECTION('',(1.,0.,0.));
#48 = DIRECTION('',(0.,1.,0.));
#49 = DEFINITIONAL_REPRESENTATION('',(#50),#54);
#50 = LINE('',#51,#52);
#51 = CARTESIAN_POINT('',(0.,0.));
#52 = VECTOR('',#53,1.);
#53 = DIRECTION('',(0.,1.));
#54 = ( GEOMETRIC_REPRESENTATION_CONTEXT(2) 
PARAMETRIC_REPRESENTATION_CONTEXT() REPRESENTATION_CONTEXT('2D SPACE',''
  ) );
#55 = ORIENTED_EDGE('',*,*,#56,.T.);
#56 = EDGE_CURVE('',#22,#57,#59,.T.);
#57 = VERTEX_POINT('',#58);
#58 = CARTESIAN_POINT('',(-3.4,6.75,-1.05));
#59 = SURFACE_CURVE('',#60,(#64,#71),.PCURVE_S1.);
#60 = LINE('',#61,#62);
#61 = CARTESIAN_POINT('',(-3.4,6.75,-1.05));
#62 = VECTOR('',#63,1.);
#63 = DIRECTION('',(-1.,0.,0.));
#64 = PCURVE('',#32,#65);
#65 = DEFINITIONAL_REPRESENTATION('',(#66),#70);
#66 = LINE('',#67,#68);
#67 = CARTESIAN_POINT('',(0.,14.031138830084));
#68 = VECTOR('',#69,1.);
#69 = DIRECTION('',(1.,0.));
#70 = ( GEOMETRIC_REPRESENTATION_CONTEXT(2) 
PARAMETRIC_REPRESENTATION_CONTEXT() REPRESENTATION_CONTEXT('2D SPACE',''
  ) );
#71 = PCURVE('',#72,#77);
#72 = PLANE('',#73);
#73 = AXIS2_PLACEMENT_3D('',#74,#75,#76);
#74 = CARTESIAN_POINT('',(10.438960762841,6.485509528937,-2.55));
#75 = DIRECTION('',(0.,0.984807753012,-0.173648177667));
#76 = DIRECTION('',(-1.,0.,0.));
#77 = DEFINITIONAL_REPRESENTATION('',(#78),#82);
#78 = LINE('',#79,#80);
#79 = CARTESIAN_POINT('',(13.838960762841,1.523139917829));
#80 = VECTOR('',#81,1.);
#81 = DIRECTION('',(1.,0.));
#82 = ( GEOMETRIC_REPRESENTATION_CONTEXT(2) 
PARAMETRIC_REPRESENTATION_CONTEXT() REPRESENTATION_CONTEXT('2D SPACE',''
  ) );
#83 = ORIENTED_EDGE('',*,*,#84,.T.);
#84 = EDGE_CURVE('',#57,#85,#87,.T.);
#85 = VERTEX_POINT('',#86);
#86 = CARTESIAN_POINT('',(-3.4,6.75,8.2));
#87 = SURFACE_CURVE('',#88,(#92,#99),.PCURVE_S1.);
#88 = LINE('',#89,#90);
#89 = CARTESIAN_POINT('',(-3.4,6.75,-15.08113883008));
#90 = VECTOR('',#91,1.);
#91 = DIRECTION('',(0.,0.,1.));
#92 = PCURVE('',#32,#93);
#93 = DEFINITIONAL_REPRESENTATION('',(#94),#98);
#94 = LINE('',#95,#96);
#95 = CARTESIAN_POINT('',(0.,0.));
#96 = VECTOR('',#97,1.);
#97 = DIRECTION('',(0.,1.));
#98 = ( GEOMETRIC_REPRESENTATION_CONTEXT(2) 
PARAMETRIC_REPRESENTATION_CONTEXT() REPRESENTATION_CONTEXT('2D SPACE',''
  ) );
#99 = PCURVE('',#100,#105);
#100 = PLANE('',#101);
#101 = AXIS2_PLACEMENT_3D('',#102,#103,#104);
#102 = CARTESIAN_POINT('',(-3.4,5.25,-15.08113883008));
#103 = DIRECTION('',(-1.,0.,0.));
#104 = DIRECTION('',(0.,-1.,0.));
#105 = DEFINITIONAL_REPRESENTATION('',(#106),#110);
#106 = LINE('',#107,#108);
#107 = CARTESIAN_POINT('',(-1.5,0.));
#108 = VECTOR('',#109,1.);
#109 = DIRECTION('',(0.,1.));
#110 = ( GEOMETRIC_REPRESENTATION_CONTEXT(2) 
PARAMETRIC_REPRESENTATION_CONTEXT() REPRESENTATION_CONTEXT('2D SPACE',''
  ) );
#111 = ORIENTED_EDGE('',*,*,#112,.F.);
#112 = EDGE_CURVE('',#24,#85,#113,.T.);
#113 = SURFACE_CURVE('',#114,(#118,#125),.PCURVE_S1.);
#114 = LINE('',#115,#116);
#115 = CARTESIAN_POINT('',(-2.9,6.75,8.2));
#116 = VECTOR('',#117,1.);
#117 = DIRECTION('',(-1.,0.,0.));
#118 = PCURVE('',#32,#119);
#119 = DEFINITIONAL_REPRESENTATION('',(#120),#124);
#120 = LINE('',#121,#122);
#121 = CARTESIAN_POINT('',(-0.5,23.281138830084));
#122 = VECTOR('',#123,1.);
#123 = DIRECTION('',(1.,0.));
#124 = ( GEOMETRIC_REPRESENTATION_CONTEXT(2) 
PARAMETRIC_REPRESENTATION_CONTEXT() REPRESENTATION_CONTEXT('2D SPACE',''
  ) );
#125 = PCURVE('',#126,#131);
#126 = PLANE('',#127);
#127 = AXIS2_PLACEMENT_3D('',#128,#129,#130);
#128 = CARTESIAN_POINT('',(3.6,15.35,8.2));
#129 = DIRECTION('',(0.,0.,1.));
#130 = DIRECTION('',(0.,1.,0.));
#131 = DEFINITIONAL_REPRESENTATION('',(#132),#136);
#132 = LINE('',#133,#134);
#133 = CARTESIAN_POINT('',(-8.6,6.5));
#134 = VECTOR('',#135,1.);
#135 = DIRECTION('',(0.,1.));
#136 = ( GEOMETRIC_REPRESENTATION_CONTEXT(2) 
PARAMETRIC_REPRESENTATION_CONTEXT() REPRESENTATION_CONTEXT('2D SPACE',''
  ) );
#137 = ADVANCED_FACE('',(#138),#44,.T.);
#138 = FACE_BOUND('',#139,.T.);
#139 = EDGE_LOOP('',(#140,#170,#198,#226,#247,#248));
#140 = ORIENTED_EDGE('',*,*,#141,.F.);
#141 = EDGE_CURVE('',#142,#144,#146,.T.);
#142 = VERTEX_POINT('',#143);
#143 = CARTESIAN_POINT('',(-2.9,5.25,-1.05));
#144 = VERTEX_POINT('',#145);
#145 = CARTESIAN_POINT('',(-2.9,5.25,8.2));
#146 = SURFACE_CURVE('',#147,(#151,#158),.PCURVE_S1.);
#147 = LINE('',#148,#149);
#148 = CARTESIAN_POINT('',(-2.9,5.25,-15.08113883008));
#149 = VECTOR('',#150,1.);
#150 = DIRECTION('',(0.,0.,1.));
#151 = PCURVE('',#44,#152);
#152 = DEFINITIONAL_REPRESENTATION('',(#153),#157);
#153 = LINE('',#154,#155);
#154 = CARTESIAN_POINT('',(-1.5,0.));
#155 = VECTOR('',#156,1.);
#156 = DIRECTION('',(0.,1.));
#157 = ( GEOMETRIC_REPRESENTATION_CONTEXT(2) 
PARAMETRIC_REPRESENTATION_CONTEXT() REPRESENTATION_CONTEXT('2D SPACE',''
  ) );
#158 = PCURVE('',#159,#164);
#159 = PLANE('',#160);
#160 = AXIS2_PLACEMENT_3D('',#161,#162,#163);
#161 = CARTESIAN_POINT('',(-2.9,5.25,-15.08113883008));
#162 = DIRECTION('',(0.,-1.,0.));
#163 = DIRECTION('',(1.,0.,0.));
#164 = DEFINITIONAL_REPRESENTATION('',(#165),#169);
#165 = LINE('',#166,#167);
#166 = CARTESIAN_POINT('',(0.,0.));
#167 = VECTOR('',#168,1.);
#168 = DIRECTION('',(0.,1.));
#169 = ( GEOMETRIC_REPRESENTATION_CONTEXT(2) 
PARAMETRIC_REPRESENTATION_CONTEXT() REPRESENTATION_CONTEXT('2D SPACE',''
  ) );
#170 = ORIENTED_EDGE('',*,*,#171,.T.);
#171 = EDGE_CURVE('',#142,#172,#174,.T.);
#172 = VERTEX_POINT('',#173);
#173 = CARTESIAN_POINT('',(-2.9,5.514490471062,-2.55));
#174 = SURFACE_CURVE('',#175,(#179,#186),.PCURVE_S1.);
#175 = LINE('',#176,#177);
#176 = CARTESIAN_POINT('',(-2.9,7.694696591254,-14.91456333246));
#177 = VECTOR('',#178,1.);
#178 = DIRECTION('',(0.,0.173648177667,-0.984807753012));
#179 = PCURVE('',#44,#180);
#180 = DEFINITIONAL_REPRESENTATION('',(#181),#185);
#181 = LINE('',#182,#183);
#182 = CARTESIAN_POINT('',(0.944696591254,0.166575497621));
#183 = VECTOR('',#184,1.);
#184 = DIRECTION('',(0.173648177667,-0.984807753012));
#185 = ( GEOMETRIC_REPRESENTATION_CONTEXT(2) 
PARAMETRIC_REPRESENTATION_CONTEXT() REPRESENTATION_CONTEXT('2D SPACE',''
  ) );
#186 = PCURVE('',#187,#192);
#187 = PLANE('',#188);
#188 = AXIS2_PLACEMENT_3D('',#189,#190,#191);
#189 = CARTESIAN_POINT('',(10.438960762841,5.514490471062,-2.55));
#190 = DIRECTION('',(0.,-0.984807753012,-0.173648177667));
#191 = DIRECTION('',(1.,0.,0.));
#192 = DEFINITIONAL_REPRESENTATION('',(#193),#197);
#193 = LINE('',#194,#195);
#194 = CARTESIAN_POINT('',(-13.33896076284,-12.55530665212));
#195 = VECTOR('',#196,1.);
#196 = DIRECTION('',(0.,-1.));
#197 = ( GEOMETRIC_REPRESENTATION_CONTEXT(2) 
PARAMETRIC_REPRESENTATION_CONTEXT() REPRESENTATION_CONTEXT('2D SPACE',''
  ) );
#198 = ORIENTED_EDGE('',*,*,#199,.F.);
#199 = EDGE_CURVE('',#200,#172,#202,.T.);
#200 = VERTEX_POINT('',#201);
#201 = CARTESIAN_POINT('',(-2.9,6.485509528937,-2.55));
#202 = SURFACE_CURVE('',#203,(#207,#214),.PCURVE_S1.);
#203 = LINE('',#204,#205);
#204 = CARTESIAN_POINT('',(-2.9,6.75,-2.55));
#205 = VECTOR('',#206,1.);
#206 = DIRECTION('',(0.,-1.,0.));
#207 = PCURVE('',#44,#208);
#208 = DEFINITIONAL_REPRESENTATION('',(#209),#213);
#209 = LINE('',#210,#211);
#210 = CARTESIAN_POINT('',(0.,12.531138830084));
#211 = VECTOR('',#212,1.);
#212 = DIRECTION('',(-1.,0.));
#213 = ( GEOMETRIC_REPRESENTATION_CONTEXT(2) 
PARAMETRIC_REPRESENTATION_CONTEXT() REPRESENTATION_CONTEXT('2D SPACE',''
  ) );
#214 = PCURVE('',#215,#220);
#215 = PLANE('',#216);
#216 = AXIS2_PLACEMENT_3D('',#217,#218,#219);
#217 = CARTESIAN_POINT('',(10.438960762841,-0.256213597756,-2.55));
#218 = DIRECTION('',(0.,0.,1.));
#219 = DIRECTION('',(0.,1.,0.));
#220 = DEFINITIONAL_REPRESENTATION('',(#221),#225);
#221 = LINE('',#222,#223);
#222 = CARTESIAN_POINT('',(7.006213597756,13.338960762841));
#223 = VECTOR('',#224,1.);
#224 = DIRECTION('',(-1.,0.));
#225 = ( GEOMETRIC_REPRESENTATION_CONTEXT(2) 
PARAMETRIC_REPRESENTATION_CONTEXT() REPRESENTATION_CONTEXT('2D SPACE',''
  ) );
#226 = ORIENTED_EDGE('',*,*,#227,.T.);
#227 = EDGE_CURVE('',#200,#22,#228,.T.);
#228 = SURFACE_CURVE('',#229,(#233,#240),.PCURVE_S1.);
#229 = LINE('',#230,#231);
#230 = CARTESIAN_POINT('',(-2.9,4.350533943156,-14.65804822496));
#231 = VECTOR('',#232,1.);
#232 = DIRECTION('',(0.,0.173648177667,0.984807753012));
#233 = PCURVE('',#44,#234);
#234 = DEFINITIONAL_REPRESENTATION('',(#235),#239);
#235 = LINE('',#236,#237);
#236 = CARTESIAN_POINT('',(-2.399466056844,0.423090605116));
#237 = VECTOR('',#238,1.);
#238 = DIRECTION('',(0.173648177667,0.984807753012));
#239 = ( GEOMETRIC_REPRESENTATION_CONTEXT(2) 
PARAMETRIC_REPRESENTATION_CONTEXT() REPRESENTATION_CONTEXT('2D SPACE',''
  ) );
#240 = PCURVE('',#72,#241);
#241 = DEFINITIONAL_REPRESENTATION('',(#242),#246);
#242 = LINE('',#243,#244);
#243 = CARTESIAN_POINT('',(13.338960762841,-12.29483438562));
#244 = VECTOR('',#245,1.);
#245 = DIRECTION('',(0.,1.));
#246 = ( GEOMETRIC_REPRESENTATION_CONTEXT(2) 
PARAMETRIC_REPRESENTATION_CONTEXT() REPRESENTATION_CONTEXT('2D SPACE',''
  ) );
#247 = ORIENTED_EDGE('',*,*,#21,.T.);
#248 = ORIENTED_EDGE('',*,*,#249,.F.);
#249 = EDGE_CURVE('',#144,#24,#250,.T.);
#250 = SURFACE_CURVE('',#251,(#255,#262),.PCURVE_S1.);
#251 = LINE('',#252,#253);
#252 = CARTESIAN_POINT('',(-2.9,5.25,8.2));
#253 = VECTOR('',#254,1.);
#254 = DIRECTION('',(0.,1.,0.));
#255 = PCURVE('',#44,#256);
#256 = DEFINITIONAL_REPRESENTATION('',(#257),#261);
#257 = LINE('',#258,#259);
#258 = CARTESIAN_POINT('',(-1.5,23.281138830084));
#259 = VECTOR('',#260,1.);
#260 = DIRECTION('',(1.,0.));
#261 = ( GEOMETRIC_REPRESENTATION_CONTEXT(2) 
PARAMETRIC_REPRESENTATION_CONTEXT() REPRESENTATION_CONTEXT('2D SPACE',''
  ) );
#262 = PCURVE('',#126,#263);
#263 = DEFINITIONAL_REPRESENTATION('',(#264),#268);
#264 = LINE('',#265,#266);
#265 = CARTESIAN_POINT('',(-10.1,6.5));
#266 = VECTOR('',#267,1.);
#267 = DIRECTION('',(1.,0.));
#268 = ( GEOMETRIC_REPRESENTATION_CONTEXT(2) 
PARAMETRIC_REPRESENTATION_CONTEXT() REPRESENTATION_CONTEXT('2D SPACE',''
  ) );
#269 = ADVANCED_FACE('',(#270),#159,.T.);
#270 = FACE_BOUND('',#271,.T.);
#271 = EDGE_LOOP('',(#272,#297,#318,#319));
#272 = ORIENTED_EDGE('',*,*,#273,.F.);
#273 = EDGE_CURVE('',#274,#276,#278,.T.);
#274 = VERTEX_POINT('',#275);
#275 = CARTESIAN_POINT('',(-3.4,5.25,-1.05));
#276 = VERTEX_POINT('',#277);
#277 = CARTESIAN_POINT('',(-3.4,5.25,8.2));
#278 = SURFACE_CURVE('',#279,(#283,#290),.PCURVE_S1.);
#279 = LINE('',#280,#281);
#280 = CARTESIAN_POINT('',(-3.4,5.25,-15.08113883008));
#281 = VECTOR('',#282,1.);
#282 = DIRECTION('',(0.,0.,1.));
#283 = PCURVE('',#159,#284);
#284 = DEFINITIONAL_REPRESENTATION('',(#285),#289);
#285 = LINE('',#286,#287);
#286 = CARTESIAN_POINT('',(-0.5,0.));
#287 = VECTOR('',#288,1.);
#288 = DIRECTION('',(0.,1.));
#289 = ( GEOMETRIC_REPRESENTATION_CONTEXT(2) 
PARAMETRIC_REPRESENTATION_CONTEXT() REPRESENTATION_CONTEXT('2D SPACE',''
  ) );
#290 = PCURVE('',#100,#291);
#291 = DEFINITIONAL_REPRESENTATION('',(#292),#296);
#292 = LINE('',#293,#294);
#293 = CARTESIAN_POINT('',(0.,0.));
#294 = VECTOR('',#295,1.);
#295 = DIRECTION('',(0.,1.));
#296 = ( GEOMETRIC_REPRESENTATION_CONTEXT(2) 
PARAMETRIC_REPRESENTATION_CONTEXT() REPRESENTATION_CONTEXT('2D SPACE',''
  ) );
#297 = ORIENTED_EDGE('',*,*,#298,.T.);
#298 = EDGE_CURVE('',#274,#142,#299,.T.);
#299 = SURFACE_CURVE('',#300,(#304,#311),.PCURVE_S1.);
#300 = LINE('',#301,#302);
#301 = CARTESIAN_POINT('',(-2.9,5.25,-1.05));
#302 = VECTOR('',#303,1.);
#303 = DIRECTION('',(1.,0.,0.));
#304 = PCURVE('',#159,#305);
#305 = DEFINITIONAL_REPRESENTATION('',(#306),#310);
#306 = LINE('',#307,#308);
#307 = CARTESIAN_POINT('',(0.,14.031138830084));
#308 = VECTOR('',#309,1.);
#309 = DIRECTION('',(1.,0.));
#310 = ( GEOMETRIC_REPRESENTATION_CONTEXT(2) 
PARAMETRIC_REPRESENTATION_CONTEXT() REPRESENTATION_CONTEXT('2D SPACE',''
  ) );
#311 = PCURVE('',#187,#312);
#312 = DEFINITIONAL_REPRESENTATION('',(#313),#317);
#313 = LINE('',#314,#315);
#314 = CARTESIAN_POINT('',(-13.33896076284,1.523139917829));
#315 = VECTOR('',#316,1.);
#316 = DIRECTION('',(1.,0.));
#317 = ( GEOMETRIC_REPRESENTATION_CONTEXT(2) 
PARAMETRIC_REPRESENTATION_CONTEXT() REPRESENTATION_CONTEXT('2D SPACE',''
  ) );
#318 = ORIENTED_EDGE('',*,*,#141,.T.);
#319 = ORIENTED_EDGE('',*,*,#320,.F.);
#320 = EDGE_CURVE('',#276,#144,#321,.T.);
#321 = SURFACE_CURVE('',#322,(#326,#333),.PCURVE_S1.);
#322 = LINE('',#323,#324);
#323 = CARTESIAN_POINT('',(-3.4,5.25,8.2));
#324 = VECTOR('',#325,1.);
#325 = DIRECTION('',(1.,0.,0.));
#326 = PCURVE('',#159,#327);
#327 = DEFINITIONAL_REPRESENTATION('',(#328),#332);
#328 = LINE('',#329,#330);
#329 = CARTESIAN_POINT('',(-0.5,23.281138830084));
#330 = VECTOR('',#331,1.);
#331 = DIRECTION('',(1.,0.));
#332 = ( GEOMETRIC_REPRESENTATION_CONTEXT(2) 
PARAMETRIC_REPRESENTATION_CONTEXT() REPRESENTATION_CONTEXT('2D SPACE',''
  ) );
#333 = PCURVE('',#126,#334);
#334 = DEFINITIONAL_REPRESENTATION('',(#335),#339);
#335 = LINE('',#336,#337);
#336 = CARTESIAN_POINT('',(-10.1,7.));
#337 = VECTOR('',#338,1.);
#338 = DIRECTION('',(0.,-1.));
#339 = ( GEOMETRIC_REPRESENTATION_CONTEXT(2) 
PARAMETRIC_REPRESENTATION_CONTEXT() REPRESENTATION_CONTEXT('2D SPACE',''
  ) );
#340 = ADVANCED_FACE('',(#341),#100,.T.);
#341 = FACE_BOUND('',#342,.T.);
#342 = EDGE_LOOP('',(#343,#368,#389,#390,#411,#412));
#343 = ORIENTED_EDGE('',*,*,#344,.F.);
#344 = EDGE_CURVE('',#345,#347,#349,.T.);
#345 = VERTEX_POINT('',#346);
#346 = CARTESIAN_POINT('',(-3.4,5.514490471062,-2.55));
#347 = VERTEX_POINT('',#348);
#348 = CARTESIAN_POINT('',(-3.4,6.485509528937,-2.55));
#349 = SURFACE_CURVE('',#350,(#354,#361),.PCURVE_S1.);
#350 = LINE('',#351,#352);
#351 = CARTESIAN_POINT('',(-3.4,5.25,-2.55));
#352 = VECTOR('',#353,1.);
#353 = DIRECTION('',(0.,1.,0.));
#354 = PCURVE('',#100,#355);
#355 = DEFINITIONAL_REPRESENTATION('',(#356),#360);
#356 = LINE('',#357,#358);
#357 = CARTESIAN_POINT('',(0.,12.531138830084));
#358 = VECTOR('',#359,1.);
#359 = DIRECTION('',(-1.,0.));
#360 = ( GEOMETRIC_REPRESENTATION_CONTEXT(2) 
PARAMETRIC_REPRESENTATION_CONTEXT() REPRESENTATION_CONTEXT('2D SPACE',''
  ) );
#361 = PCURVE('',#215,#362);
#362 = DEFINITIONAL_REPRESENTATION('',(#363),#367);
#363 = LINE('',#364,#365);
#364 = CARTESIAN_POINT('',(5.506213597756,13.838960762841));
#365 = VECTOR('',#366,1.);
#366 = DIRECTION('',(1.,0.));
#367 = ( GEOMETRIC_REPRESENTATION_CONTEXT(2) 
PARAMETRIC_REPRESENTATION_CONTEXT() REPRESENTATION_CONTEXT('2D SPACE',''
  ) );
#368 = ORIENTED_EDGE('',*,*,#369,.T.);
#369 = EDGE_CURVE('',#345,#274,#370,.T.);
#370 = SURFACE_CURVE('',#371,(#375,#382),.PCURVE_S1.);
#371 = LINE('',#372,#373);
#372 = CARTESIAN_POINT('',(-3.4,7.649466056844,-14.65804822496));
#373 = VECTOR('',#374,1.);
#374 = DIRECTION('',(0.,-0.173648177667,0.984807753012));
#375 = PCURVE('',#100,#376);
#376 = DEFINITIONAL_REPRESENTATION('',(#377),#381);
#377 = LINE('',#378,#379);
#378 = CARTESIAN_POINT('',(-2.399466056844,0.423090605116));
#379 = VECTOR('',#380,1.);
#380 = DIRECTION('',(0.173648177667,0.984807753012));
#381 = ( GEOMETRIC_REPRESENTATION_CONTEXT(2) 
PARAMETRIC_REPRESENTATION_CONTEXT() REPRESENTATION_CONTEXT('2D SPACE',''
  ) );
#382 = PCURVE('',#187,#383);
#383 = DEFINITIONAL_REPRESENTATION('',(#384),#388);
#384 = LINE('',#385,#386);
#385 = CARTESIAN_POINT('',(-13.83896076284,-12.29483438562));
#386 = VECTOR('',#387,1.);
#387 = DIRECTION('',(0.,1.));
#388 = ( GEOMETRIC_REPRESENTATION_CONTEXT(2) 
PARAMETRIC_REPRESENTATION_CONTEXT() REPRESENTATION_CONTEXT('2D SPACE',''
  ) );
#389 = ORIENTED_EDGE('',*,*,#273,.T.);
#390 = ORIENTED_EDGE('',*,*,#391,.F.);
#391 = EDGE_CURVE('',#85,#276,#392,.T.);
#392 = SURFACE_CURVE('',#393,(#397,#404),.PCURVE_S1.);
#393 = LINE('',#394,#395);
#394 = CARTESIAN_POINT('',(-3.4,6.75,8.2));
#395 = VECTOR('',#396,1.);
#396 = DIRECTION('',(0.,-1.,0.));
#397 = PCURVE('',#100,#398);
#398 = DEFINITIONAL_REPRESENTATION('',(#399),#403);
#399 = LINE('',#400,#401);
#400 = CARTESIAN_POINT('',(-1.5,23.281138830084));
#401 = VECTOR('',#402,1.);
#402 = DIRECTION('',(1.,0.));
#403 = ( GEOMETRIC_REPRESENTATION_CONTEXT(2) 
PARAMETRIC_REPRESENTATION_CONTEXT() REPRESENTATION_CONTEXT('2D SPACE',''
  ) );
#404 = PCURVE('',#126,#405);
#405 = DEFINITIONAL_REPRESENTATION('',(#406),#410);
#406 = LINE('',#407,#408);
#407 = CARTESIAN_POINT('',(-8.6,7.));
#408 = VECTOR('',#409,1.);
#409 = DIRECTION('',(-1.,0.));
#410 = ( GEOMETRIC_REPRESENTATION_CONTEXT(2) 
PARAMETRIC_REPRESENTATION_CONTEXT() REPRESENTATION_CONTEXT('2D SPACE',''
  ) );
#411 = ORIENTED_EDGE('',*,*,#84,.F.);
#412 = ORIENTED_EDGE('',*,*,#413,.T.);
#413 = EDGE_CURVE('',#57,#347,#414,.T.);
#414 = SURFACE_CURVE('',#415,(#419,#426),.PCURVE_S1.);
#415 = LINE('',#416,#417);
#416 = CARTESIAN_POINT('',(-3.4,4.305303408745,-14.91456333246));
#417 = VECTOR('',#418,1.);
#418 = DIRECTION('',(-0.,-0.173648177667,-0.984807753012));
#419 = PCURVE('',#100,#420);
#420 = DEFINITIONAL_REPRESENTATION('',(#421),#425);
#421 = LINE('',#422,#423);
#422 = CARTESIAN_POINT('',(0.944696591254,0.166575497621));
#423 = VECTOR('',#424,1.);
#424 = DIRECTION('',(0.173648177667,-0.984807753012));
#425 = ( GEOMETRIC_REPRESENTATION_CONTEXT(2) 
PARAMETRIC_REPRESENTATION_CONTEXT() REPRESENTATION_CONTEXT('2D SPACE',''
  ) );
#426 = PCURVE('',#72,#427);
#427 = DEFINITIONAL_REPRESENTATION('',(#428),#432);
#428 = LINE('',#429,#430);
#429 = CARTESIAN_POINT('',(13.838960762841,-12.55530665212));
#430 = VECTOR('',#431,1.);
#431 = DIRECTION('',(0.,-1.));
#432 = ( GEOMETRIC_REPRESENTATION_CONTEXT(2) 
PARAMETRIC_REPRESENTATION_CONTEXT() REPRESENTATION_CONTEXT('2D SPACE',''
  ) );
#433 = ADVANCED_FACE('',(#434),#215,.F.);
#434 = FACE_BOUND('',#435,.T.);
#435 = EDGE_LOOP('',(#436,#437,#458,#459));
#436 = ORIENTED_EDGE('',*,*,#199,.T.);
#437 = ORIENTED_EDGE('',*,*,#438,.T.);
#438 = EDGE_CURVE('',#172,#345,#439,.T.);
#439 = SURFACE_CURVE('',#440,(#444,#451),.PCURVE_S1.);
#440 = LINE('',#441,#442);
#441 = CARTESIAN_POINT('',(-3.4,5.514490471062,-2.55));
#442 = VECTOR('',#443,1.);
#443 = DIRECTION('',(-1.,0.,0.));
#444 = PCURVE('',#215,#445);
#445 = DEFINITIONAL_REPRESENTATION('',(#446),#450);
#446 = LINE('',#447,#448);
#447 = CARTESIAN_POINT('',(5.770704068819,13.838960762841));
#448 = VECTOR('',#449,1.);
#449 = DIRECTION('',(0.,1.));
#450 = ( GEOMETRIC_REPRESENTATION_CONTEXT(2) 
PARAMETRIC_REPRESENTATION_CONTEXT() REPRESENTATION_CONTEXT('2D SPACE',''
  ) );
#451 = PCURVE('',#187,#452);
#452 = DEFINITIONAL_REPRESENTATION('',(#453),#457);
#453 = LINE('',#454,#455);
#454 = CARTESIAN_POINT('',(-13.83896076284,0.));
#455 = VECTOR('',#456,1.);
#456 = DIRECTION('',(-1.,0.));
#457 = ( GEOMETRIC_REPRESENTATION_CONTEXT(2) 
PARAMETRIC_REPRESENTATION_CONTEXT() REPRESENTATION_CONTEXT('2D SPACE',''
  ) );
#458 = ORIENTED_EDGE('',*,*,#344,.T.);
#459 = ORIENTED_EDGE('',*,*,#460,.T.);
#460 = EDGE_CURVE('',#347,#200,#461,.T.);
#461 = SURFACE_CURVE('',#462,(#466,#473),.PCURVE_S1.);
#462 = LINE('',#463,#464);
#463 = CARTESIAN_POINT('',(-2.9,6.485509528937,-2.55));
#464 = VECTOR('',#465,1.);
#465 = DIRECTION('',(1.,0.,0.));
#466 = PCURVE('',#215,#467);
#467 = DEFINITIONAL_REPRESENTATION('',(#468),#472);
#468 = LINE('',#469,#470);
#469 = CARTESIAN_POINT('',(6.741723126694,13.338960762841));
#470 = VECTOR('',#471,1.);
#471 = DIRECTION('',(0.,-1.));
#472 = ( GEOMETRIC_REPRESENTATION_CONTEXT(2) 
PARAMETRIC_REPRESENTATION_CONTEXT() REPRESENTATION_CONTEXT('2D SPACE',''
  ) );
#473 = PCURVE('',#72,#474);
#474 = DEFINITIONAL_REPRESENTATION('',(#475),#479);
#475 = LINE('',#476,#477);
#476 = CARTESIAN_POINT('',(13.338960762841,0.));
#477 = VECTOR('',#478,1.);
#478 = DIRECTION('',(-1.,0.));
#479 = ( GEOMETRIC_REPRESENTATION_CONTEXT(2) 
PARAMETRIC_REPRESENTATION_CONTEXT() REPRESENTATION_CONTEXT('2D SPACE',''
  ) );
#480 = ADVANCED_FACE('',(#481),#126,.T.);
#481 = FACE_BOUND('',#482,.T.);
#482 = EDGE_LOOP('',(#483,#484,#485,#486));
#483 = ORIENTED_EDGE('',*,*,#249,.T.);
#484 = ORIENTED_EDGE('',*,*,#112,.T.);
#485 = ORIENTED_EDGE('',*,*,#391,.T.);
#486 = ORIENTED_EDGE('',*,*,#320,.T.);
#487 = ADVANCED_FACE('',(#488),#187,.T.);
#488 = FACE_BOUND('',#489,.T.);
#489 = EDGE_LOOP('',(#490,#491,#492,#493));
#490 = ORIENTED_EDGE('',*,*,#171,.F.);
#491 = ORIENTED_EDGE('',*,*,#298,.F.);
#492 = ORIENTED_EDGE('',*,*,#369,.F.);
#493 = ORIENTED_EDGE('',*,*,#438,.F.);
#494 = ADVANCED_FACE('',(#495),#72,.T.);
#495 = FACE_BOUND('',#496,.T.);
#496 = EDGE_LOOP('',(#497,#498,#499,#500));
#497 = ORIENTED_EDGE('',*,*,#413,.F.);
#498 = ORIENTED_EDGE('',*,*,#56,.F.);
#499 = ORIENTED_EDGE('',*,*,#227,.F.);
#500 = ORIENTED_EDGE('',*,*,#460,.F.);
#501 = ( GEOMETRIC_REPRESENTATION_CONTEXT(3) 
GLOBAL_UNCERTAINTY_ASSIGNED_CONTEXT((#505)) GLOBAL_UNIT_ASSIGNED_CONTEXT
((#502,#503,#504)) REPRESENTATION_CONTEXT('Context #1',
  '3D Context with UNIT and UNCERTAINTY') );
#502 = ( LENGTH_UNIT() NAMED_UNIT(*) SI_UNIT(.MILLI.,.METRE.) );
#503 = ( NAMED_UNIT(*) PLANE_ANGLE_UNIT() SI_UNIT($,.RADIAN.) );
#504 = ( NAMED_UNIT(*) SI_UNIT($,.STERADIAN.) SOLID_ANGLE_UNIT() );
#505 = UNCERTAINTY_MEASURE_WITH_UNIT(LENGTH_MEASURE(1.E-07),#502,
  'distance_accuracy_value','confusion accuracy');
#506 = PRODUCT_RELATED_PRODUCT_CATEGORY('part',$,(#7));
#507 = SHAPE_DEFINITION_REPRESENTATION(#508,#514);
#508 = PRODUCT_DEFINITION_SHAPE('','',#509);
#509 = PRODUCT_DEFINITION('design','',#510,#513);
#510 = PRODUCT_DEFINITION_FORMATION('','',#511);
#511 = PRODUCT('Contact_2','Contact_2','',(#512));
#512 = PRODUCT_CONTEXT('',#2,'mechanical');
#513 = PRODUCT_DEFINITION_CONTEXT('part definition',#2,'design');
#514 = ADVANCED_BREP_SHAPE_REPRESENTATION('',(#11,#515),#1001);
#515 = MANIFOLD_SOLID_BREP('',#516);
#516 = CLOSED_SHELL('',(#517,#693,#769,#886,#933,#980,#987,#994));
#517 = ADVANCED_FACE('',(#518),#532,.T.);
#518 = FACE_BOUND('',#519,.T.);
#519 = EDGE_LOOP('',(#520,#555,#583,#611,#639,#667));
#520 = ORIENTED_EDGE('',*,*,#521,.F.);
#521 = EDGE_CURVE('',#522,#524,#526,.T.);
#522 = VERTEX_POINT('',#523);
#523 = CARTESIAN_POINT('',(10.1,5.514490471062,-2.55));
#524 = VERTEX_POINT('',#525);
#525 = CARTESIAN_POINT('',(10.1,6.485509528937,-2.55));
#526 = SURFACE_CURVE('',#527,(#531,#543),.PCURVE_S1.);
#527 = LINE('',#528,#529);
#528 = CARTESIAN_POINT('',(10.1,6.75,-2.55));
#529 = VECTOR('',#530,1.);
#530 = DIRECTION('',(0.,1.,0.));
#531 = PCURVE('',#532,#537);
#532 = PLANE('',#533);
#533 = AXIS2_PLACEMENT_3D('',#534,#535,#536);
#534 = CARTESIAN_POINT('',(10.1,6.75,-15.08113883008));
#535 = DIRECTION('',(-1.,0.,0.));
#536 = DIRECTION('',(0.,-1.,0.));
#537 = DEFINITIONAL_REPRESENTATION('',(#538),#542);
#538 = LINE('',#539,#540);
#539 = CARTESIAN_POINT('',(0.,12.531138830084));
#540 = VECTOR('',#541,1.);
#541 = DIRECTION('',(-1.,0.));
#542 = ( GEOMETRIC_REPRESENTATION_CONTEXT(2) 
PARAMETRIC_REPRESENTATION_CONTEXT() REPRESENTATION_CONTEXT('2D SPACE',''
  ) );
#543 = PCURVE('',#544,#549);
#544 = PLANE('',#545);
#545 = AXIS2_PLACEMENT_3D('',#546,#547,#548);
#546 = CARTESIAN_POINT('',(10.438960762841,-0.256213597756,-2.55));
#547 = DIRECTION('',(0.,0.,1.));
#548 = DIRECTION('',(0.,1.,0.));
#549 = DEFINITIONAL_REPRESENTATION('',(#550),#554);
#550 = LINE('',#551,#552);
#551 = CARTESIAN_POINT('',(7.006213597756,0.338960762841));
#552 = VECTOR('',#553,1.);
#553 = DIRECTION('',(1.,0.));
#554 = ( GEOMETRIC_REPRESENTATION_CONTEXT(2) 
PARAMETRIC_REPRESENTATION_CONTEXT() REPRESENTATION_CONTEXT('2D SPACE',''
  ) );
#555 = ORIENTED_EDGE('',*,*,#556,.T.);
#556 = EDGE_CURVE('',#522,#557,#559,.T.);
#557 = VERTEX_POINT('',#558);
#558 = CARTESIAN_POINT('',(10.1,5.25,-1.05));
#559 = SURFACE_CURVE('',#560,(#564,#571),.PCURVE_S1.);
#560 = LINE('',#561,#562);
#561 = CARTESIAN_POINT('',(10.1,7.694696591254,-14.91456333246));
#562 = VECTOR('',#563,1.);
#563 = DIRECTION('',(0.,-0.173648177667,0.984807753012));
#564 = PCURVE('',#532,#565);
#565 = DEFINITIONAL_REPRESENTATION('',(#566),#570);
#566 = LINE('',#567,#568);
#567 = CARTESIAN_POINT('',(-0.944696591254,0.166575497621));
#568 = VECTOR('',#569,1.);
#569 = DIRECTION('',(0.173648177667,0.984807753012));
#570 = ( GEOMETRIC_REPRESENTATION_CONTEXT(2) 
PARAMETRIC_REPRESENTATION_CONTEXT() REPRESENTATION_CONTEXT('2D SPACE',''
  ) );
#571 = PCURVE('',#572,#577);
#572 = PLANE('',#573);
#573 = AXIS2_PLACEMENT_3D('',#574,#575,#576);
#574 = CARTESIAN_POINT('',(10.438960762841,5.514490471062,-2.55));
#575 = DIRECTION('',(0.,-0.984807753012,-0.173648177667));
#576 = DIRECTION('',(1.,0.,0.));
#577 = DEFINITIONAL_REPRESENTATION('',(#578),#582);
#578 = LINE('',#579,#580);
#579 = CARTESIAN_POINT('',(-0.338960762841,-12.55530665212));
#580 = VECTOR('',#581,1.);
#581 = DIRECTION('',(0.,1.));
#582 = ( GEOMETRIC_REPRESENTATION_CONTEXT(2) 
PARAMETRIC_REPRESENTATION_CONTEXT() REPRESENTATION_CONTEXT('2D SPACE',''
  ) );
#583 = ORIENTED_EDGE('',*,*,#584,.T.);
#584 = EDGE_CURVE('',#557,#585,#587,.T.);
#585 = VERTEX_POINT('',#586);
#586 = CARTESIAN_POINT('',(10.1,5.25,8.2));
#587 = SURFACE_CURVE('',#588,(#592,#599),.PCURVE_S1.);
#588 = LINE('',#589,#590);
#589 = CARTESIAN_POINT('',(10.1,5.25,-15.08113883008));
#590 = VECTOR('',#591,1.);
#591 = DIRECTION('',(0.,0.,1.));
#592 = PCURVE('',#532,#593);
#593 = DEFINITIONAL_REPRESENTATION('',(#594),#598);
#594 = LINE('',#595,#596);
#595 = CARTESIAN_POINT('',(1.5,0.));
#596 = VECTOR('',#597,1.);
#597 = DIRECTION('',(0.,1.));
#598 = ( GEOMETRIC_REPRESENTATION_CONTEXT(2) 
PARAMETRIC_REPRESENTATION_CONTEXT() REPRESENTATION_CONTEXT('2D SPACE',''
  ) );
#599 = PCURVE('',#600,#605);
#600 = PLANE('',#601);
#601 = AXIS2_PLACEMENT_3D('',#602,#603,#604);
#602 = CARTESIAN_POINT('',(10.1,5.25,-15.08113883008));
#603 = DIRECTION('',(0.,-1.,0.));
#604 = DIRECTION('',(1.,0.,0.));
#605 = DEFINITIONAL_REPRESENTATION('',(#606),#610);
#606 = LINE('',#607,#608);
#607 = CARTESIAN_POINT('',(0.,0.));
#608 = VECTOR('',#609,1.);
#609 = DIRECTION('',(0.,1.));
#610 = ( GEOMETRIC_REPRESENTATION_CONTEXT(2) 
PARAMETRIC_REPRESENTATION_CONTEXT() REPRESENTATION_CONTEXT('2D SPACE',''
  ) );
#611 = ORIENTED_EDGE('',*,*,#612,.F.);
#612 = EDGE_CURVE('',#613,#585,#615,.T.);
#613 = VERTEX_POINT('',#614);
#614 = CARTESIAN_POINT('',(10.1,6.75,8.2));
#615 = SURFACE_CURVE('',#616,(#620,#627),.PCURVE_S1.);
#616 = LINE('',#617,#618);
#617 = CARTESIAN_POINT('',(10.1,6.75,8.2));
#618 = VECTOR('',#619,1.);
#619 = DIRECTION('',(0.,-1.,0.));
#620 = PCURVE('',#532,#621);
#621 = DEFINITIONAL_REPRESENTATION('',(#622),#626);
#622 = LINE('',#623,#624);
#623 = CARTESIAN_POINT('',(0.,23.281138830084));
#624 = VECTOR('',#625,1.);
#625 = DIRECTION('',(1.,0.));
#626 = ( GEOMETRIC_REPRESENTATION_CONTEXT(2) 
PARAMETRIC_REPRESENTATION_CONTEXT() REPRESENTATION_CONTEXT('2D SPACE',''
  ) );
#627 = PCURVE('',#628,#633);
#628 = PLANE('',#629);
#629 = AXIS2_PLACEMENT_3D('',#630,#631,#632);
#630 = CARTESIAN_POINT('',(3.6,15.35,8.2));
#631 = DIRECTION('',(0.,0.,1.));
#632 = DIRECTION('',(0.,1.,0.));
#633 = DEFINITIONAL_REPRESENTATION('',(#634),#638);
#634 = LINE('',#635,#636);
#635 = CARTESIAN_POINT('',(-8.6,-6.5));
#636 = VECTOR('',#637,1.);
#637 = DIRECTION('',(-1.,0.));
#638 = ( GEOMETRIC_REPRESENTATION_CONTEXT(2) 
PARAMETRIC_REPRESENTATION_CONTEXT() REPRESENTATION_CONTEXT('2D SPACE',''
  ) );
#639 = ORIENTED_EDGE('',*,*,#640,.F.);
#640 = EDGE_CURVE('',#641,#613,#643,.T.);
#641 = VERTEX_POINT('',#642);
#642 = CARTESIAN_POINT('',(10.1,6.75,-1.05));
#643 = SURFACE_CURVE('',#644,(#648,#655),.PCURVE_S1.);
#644 = LINE('',#645,#646);
#645 = CARTESIAN_POINT('',(10.1,6.75,-15.08113883008));
#646 = VECTOR('',#647,1.);
#647 = DIRECTION('',(0.,0.,1.));
#648 = PCURVE('',#532,#649);
#649 = DEFINITIONAL_REPRESENTATION('',(#650),#654);
#650 = LINE('',#651,#652);
#651 = CARTESIAN_POINT('',(0.,0.));
#652 = VECTOR('',#653,1.);
#653 = DIRECTION('',(0.,1.));
#654 = ( GEOMETRIC_REPRESENTATION_CONTEXT(2) 
PARAMETRIC_REPRESENTATION_CONTEXT() REPRESENTATION_CONTEXT('2D SPACE',''
  ) );
#655 = PCURVE('',#656,#661);
#656 = PLANE('',#657);
#657 = AXIS2_PLACEMENT_3D('',#658,#659,#660);
#658 = CARTESIAN_POINT('',(10.6,6.75,-15.08113883008));
#659 = DIRECTION('',(0.,1.,0.));
#660 = DIRECTION('',(-1.,0.,0.));
#661 = DEFINITIONAL_REPRESENTATION('',(#662),#666);
#662 = LINE('',#663,#664);
#663 = CARTESIAN_POINT('',(0.5,0.));
#664 = VECTOR('',#665,1.);
#665 = DIRECTION('',(0.,1.));
#666 = ( GEOMETRIC_REPRESENTATION_CONTEXT(2) 
PARAMETRIC_REPRESENTATION_CONTEXT() REPRESENTATION_CONTEXT('2D SPACE',''
  ) );
#667 = ORIENTED_EDGE('',*,*,#668,.T.);
#668 = EDGE_CURVE('',#641,#524,#669,.T.);
#669 = SURFACE_CURVE('',#670,(#674,#681),.PCURVE_S1.);
#670 = LINE('',#671,#672);
#671 = CARTESIAN_POINT('',(10.1,4.350533943156,-14.65804822496));
#672 = VECTOR('',#673,1.);
#673 = DIRECTION('',(-0.,-0.173648177667,-0.984807753012));
#674 = PCURVE('',#532,#675);
#675 = DEFINITIONAL_REPRESENTATION('',(#676),#680);
#676 = LINE('',#677,#678);
#677 = CARTESIAN_POINT('',(2.399466056844,0.423090605116));
#678 = VECTOR('',#679,1.);
#679 = DIRECTION('',(0.173648177667,-0.984807753012));
#680 = ( GEOMETRIC_REPRESENTATION_CONTEXT(2) 
PARAMETRIC_REPRESENTATION_CONTEXT() REPRESENTATION_CONTEXT('2D SPACE',''
  ) );
#681 = PCURVE('',#682,#687);
#682 = PLANE('',#683);
#683 = AXIS2_PLACEMENT_3D('',#684,#685,#686);
#684 = CARTESIAN_POINT('',(10.438960762841,6.485509528937,-2.55));
#685 = DIRECTION('',(0.,0.984807753012,-0.173648177667));
#686 = DIRECTION('',(-1.,0.,0.));
#687 = DEFINITIONAL_REPRESENTATION('',(#688),#692);
#688 = LINE('',#689,#690);
#689 = CARTESIAN_POINT('',(0.338960762841,-12.29483438562));
#690 = VECTOR('',#691,1.);
#691 = DIRECTION('',(0.,-1.));
#692 = ( GEOMETRIC_REPRESENTATION_CONTEXT(2) 
PARAMETRIC_REPRESENTATION_CONTEXT() REPRESENTATION_CONTEXT('2D SPACE',''
  ) );
#693 = ADVANCED_FACE('',(#694),#656,.T.);
#694 = FACE_BOUND('',#695,.T.);
#695 = EDGE_LOOP('',(#696,#726,#747,#748));
#696 = ORIENTED_EDGE('',*,*,#697,.F.);
#697 = EDGE_CURVE('',#698,#700,#702,.T.);
#698 = VERTEX_POINT('',#699);
#699 = CARTESIAN_POINT('',(10.6,6.75,-1.05));
#700 = VERTEX_POINT('',#701);
#701 = CARTESIAN_POINT('',(10.6,6.75,8.2));
#702 = SURFACE_CURVE('',#703,(#707,#714),.PCURVE_S1.);
#703 = LINE('',#704,#705);
#704 = CARTESIAN_POINT('',(10.6,6.75,-15.08113883008));
#705 = VECTOR('',#706,1.);
#706 = DIRECTION('',(0.,0.,1.));
#707 = PCURVE('',#656,#708);
#708 = DEFINITIONAL_REPRESENTATION('',(#709),#713);
#709 = LINE('',#710,#711);
#710 = CARTESIAN_POINT('',(0.,0.));
#711 = VECTOR('',#712,1.);
#712 = DIRECTION('',(0.,1.));
#713 = ( GEOMETRIC_REPRESENTATION_CONTEXT(2) 
PARAMETRIC_REPRESENTATION_CONTEXT() REPRESENTATION_CONTEXT('2D SPACE',''
  ) );
#714 = PCURVE('',#715,#720);
#715 = PLANE('',#716);
#716 = AXIS2_PLACEMENT_3D('',#717,#718,#719);
#717 = CARTESIAN_POINT('',(10.6,5.25,-15.08113883008));
#718 = DIRECTION('',(1.,0.,0.));
#719 = DIRECTION('',(0.,1.,0.));
#720 = DEFINITIONAL_REPRESENTATION('',(#721),#725);
#721 = LINE('',#722,#723);
#722 = CARTESIAN_POINT('',(1.5,0.));
#723 = VECTOR('',#724,1.);
#724 = DIRECTION('',(0.,1.));
#725 = ( GEOMETRIC_REPRESENTATION_CONTEXT(2) 
PARAMETRIC_REPRESENTATION_CONTEXT() REPRESENTATION_CONTEXT('2D SPACE',''
  ) );
#726 = ORIENTED_EDGE('',*,*,#727,.T.);
#727 = EDGE_CURVE('',#698,#641,#728,.T.);
#728 = SURFACE_CURVE('',#729,(#733,#740),.PCURVE_S1.);
#729 = LINE('',#730,#731);
#730 = CARTESIAN_POINT('',(10.1,6.75,-1.05));
#731 = VECTOR('',#732,1.);
#732 = DIRECTION('',(-1.,0.,0.));
#733 = PCURVE('',#656,#734);
#734 = DEFINITIONAL_REPRESENTATION('',(#735),#739);
#735 = LINE('',#736,#737);
#736 = CARTESIAN_POINT('',(0.5,14.031138830084));
#737 = VECTOR('',#738,1.);
#738 = DIRECTION('',(1.,0.));
#739 = ( GEOMETRIC_REPRESENTATION_CONTEXT(2) 
PARAMETRIC_REPRESENTATION_CONTEXT() REPRESENTATION_CONTEXT('2D SPACE',''
  ) );
#740 = PCURVE('',#682,#741);
#741 = DEFINITIONAL_REPRESENTATION('',(#742),#746);
#742 = LINE('',#743,#744);
#743 = CARTESIAN_POINT('',(0.338960762841,1.523139917829));
#744 = VECTOR('',#745,1.);
#745 = DIRECTION('',(1.,0.));
#746 = ( GEOMETRIC_REPRESENTATION_CONTEXT(2) 
PARAMETRIC_REPRESENTATION_CONTEXT() REPRESENTATION_CONTEXT('2D SPACE',''
  ) );
#747 = ORIENTED_EDGE('',*,*,#640,.T.);
#748 = ORIENTED_EDGE('',*,*,#749,.F.);
#749 = EDGE_CURVE('',#700,#613,#750,.T.);
#750 = SURFACE_CURVE('',#751,(#755,#762),.PCURVE_S1.);
#751 = LINE('',#752,#753);
#752 = CARTESIAN_POINT('',(10.6,6.75,8.2));
#753 = VECTOR('',#754,1.);
#754 = DIRECTION('',(-1.,0.,0.));
#755 = PCURVE('',#656,#756);
#756 = DEFINITIONAL_REPRESENTATION('',(#757),#761);
#757 = LINE('',#758,#759);
#758 = CARTESIAN_POINT('',(0.,23.281138830084));
#759 = VECTOR('',#760,1.);
#760 = DIRECTION('',(1.,0.));
#761 = ( GEOMETRIC_REPRESENTATION_CONTEXT(2) 
PARAMETRIC_REPRESENTATION_CONTEXT() REPRESENTATION_CONTEXT('2D SPACE',''
  ) );
#762 = PCURVE('',#628,#763);
#763 = DEFINITIONAL_REPRESENTATION('',(#764),#768);
#764 = LINE('',#765,#766);
#765 = CARTESIAN_POINT('',(-8.6,-7.));
#766 = VECTOR('',#767,1.);
#767 = DIRECTION('',(0.,1.));
#768 = ( GEOMETRIC_REPRESENTATION_CONTEXT(2) 
PARAMETRIC_REPRESENTATION_CONTEXT() REPRESENTATION_CONTEXT('2D SPACE',''
  ) );
#769 = ADVANCED_FACE('',(#770),#715,.T.);
#770 = FACE_BOUND('',#771,.T.);
#771 = EDGE_LOOP('',(#772,#797,#820,#843,#864,#865));
#772 = ORIENTED_EDGE('',*,*,#773,.F.);
#773 = EDGE_CURVE('',#774,#776,#778,.T.);
#774 = VERTEX_POINT('',#775);
#775 = CARTESIAN_POINT('',(10.6,5.25,-1.05));
#776 = VERTEX_POINT('',#777);
#777 = CARTESIAN_POINT('',(10.6,5.25,8.2));
#778 = SURFACE_CURVE('',#779,(#783,#790),.PCURVE_S1.);
#779 = LINE('',#780,#781);
#780 = CARTESIAN_POINT('',(10.6,5.25,-15.08113883008));
#781 = VECTOR('',#782,1.);
#782 = DIRECTION('',(0.,0.,1.));
#783 = PCURVE('',#715,#784);
#784 = DEFINITIONAL_REPRESENTATION('',(#785),#789);
#785 = LINE('',#786,#787);
#786 = CARTESIAN_POINT('',(0.,0.));
#787 = VECTOR('',#788,1.);
#788 = DIRECTION('',(0.,1.));
#789 = ( GEOMETRIC_REPRESENTATION_CONTEXT(2) 
PARAMETRIC_REPRESENTATION_CONTEXT() REPRESENTATION_CONTEXT('2D SPACE',''
  ) );
#790 = PCURVE('',#600,#791);
#791 = DEFINITIONAL_REPRESENTATION('',(#792),#796);
#792 = LINE('',#793,#794);
#793 = CARTESIAN_POINT('',(0.5,0.));
#794 = VECTOR('',#795,1.);
#795 = DIRECTION('',(0.,1.));
#796 = ( GEOMETRIC_REPRESENTATION_CONTEXT(2) 
PARAMETRIC_REPRESENTATION_CONTEXT() REPRESENTATION_CONTEXT('2D SPACE',''
  ) );
#797 = ORIENTED_EDGE('',*,*,#798,.T.);
#798 = EDGE_CURVE('',#774,#799,#801,.T.);
#799 = VERTEX_POINT('',#800);
#800 = CARTESIAN_POINT('',(10.6,5.514490471062,-2.55));
#801 = SURFACE_CURVE('',#802,(#806,#813),.PCURVE_S1.);
#802 = LINE('',#803,#804);
#803 = CARTESIAN_POINT('',(10.6,7.649466056844,-14.65804822496));
#804 = VECTOR('',#805,1.);
#805 = DIRECTION('',(0.,0.173648177667,-0.984807753012));
#806 = PCURVE('',#715,#807);
#807 = DEFINITIONAL_REPRESENTATION('',(#808),#812);
#808 = LINE('',#809,#810);
#809 = CARTESIAN_POINT('',(2.399466056844,0.423090605116));
#810 = VECTOR('',#811,1.);
#811 = DIRECTION('',(0.173648177667,-0.984807753012));
#812 = ( GEOMETRIC_REPRESENTATION_CONTEXT(2) 
PARAMETRIC_REPRESENTATION_CONTEXT() REPRESENTATION_CONTEXT('2D SPACE',''
  ) );
#813 = PCURVE('',#572,#814);
#814 = DEFINITIONAL_REPRESENTATION('',(#815),#819);
#815 = LINE('',#816,#817);
#816 = CARTESIAN_POINT('',(0.161039237159,-12.29483438562));
#817 = VECTOR('',#818,1.);
#818 = DIRECTION('',(0.,-1.));
#819 = ( GEOMETRIC_REPRESENTATION_CONTEXT(2) 
PARAMETRIC_REPRESENTATION_CONTEXT() REPRESENTATION_CONTEXT('2D SPACE',''
  ) );
#820 = ORIENTED_EDGE('',*,*,#821,.F.);
#821 = EDGE_CURVE('',#822,#799,#824,.T.);
#822 = VERTEX_POINT('',#823);
#823 = CARTESIAN_POINT('',(10.6,6.485509528937,-2.55));
#824 = SURFACE_CURVE('',#825,(#829,#836),.PCURVE_S1.);
#825 = LINE('',#826,#827);
#826 = CARTESIAN_POINT('',(10.6,5.25,-2.55));
#827 = VECTOR('',#828,1.);
#828 = DIRECTION('',(0.,-1.,0.));
#829 = PCURVE('',#715,#830);
#830 = DEFINITIONAL_REPRESENTATION('',(#831),#835);
#831 = LINE('',#832,#833);
#832 = CARTESIAN_POINT('',(0.,12.531138830084));
#833 = VECTOR('',#834,1.);
#834 = DIRECTION('',(-1.,0.));
#835 = ( GEOMETRIC_REPRESENTATION_CONTEXT(2) 
PARAMETRIC_REPRESENTATION_CONTEXT() REPRESENTATION_CONTEXT('2D SPACE',''
  ) );
#836 = PCURVE('',#544,#837);
#837 = DEFINITIONAL_REPRESENTATION('',(#838),#842);
#838 = LINE('',#839,#840);
#839 = CARTESIAN_POINT('',(5.506213597756,-0.161039237159));
#840 = VECTOR('',#841,1.);
#841 = DIRECTION('',(-1.,0.));
#842 = ( GEOMETRIC_REPRESENTATION_CONTEXT(2) 
PARAMETRIC_REPRESENTATION_CONTEXT() REPRESENTATION_CONTEXT('2D SPACE',''
  ) );
#843 = ORIENTED_EDGE('',*,*,#844,.T.);
#844 = EDGE_CURVE('',#822,#698,#845,.T.);
#845 = SURFACE_CURVE('',#846,(#850,#857),.PCURVE_S1.);
#846 = LINE('',#847,#848);
#847 = CARTESIAN_POINT('',(10.6,4.305303408745,-14.91456333246));
#848 = VECTOR('',#849,1.);
#849 = DIRECTION('',(0.,0.173648177667,0.984807753012));
#850 = PCURVE('',#715,#851);
#851 = DEFINITIONAL_REPRESENTATION('',(#852),#856);
#852 = LINE('',#853,#854);
#853 = CARTESIAN_POINT('',(-0.944696591254,0.166575497621));
#854 = VECTOR('',#855,1.);
#855 = DIRECTION('',(0.173648177667,0.984807753012));
#856 = ( GEOMETRIC_REPRESENTATION_CONTEXT(2) 
PARAMETRIC_REPRESENTATION_CONTEXT() REPRESENTATION_CONTEXT('2D SPACE',''
  ) );
#857 = PCURVE('',#682,#858);
#858 = DEFINITIONAL_REPRESENTATION('',(#859),#863);
#859 = LINE('',#860,#861);
#860 = CARTESIAN_POINT('',(-0.161039237159,-12.55530665212));
#861 = VECTOR('',#862,1.);
#862 = DIRECTION('',(0.,1.));
#863 = ( GEOMETRIC_REPRESENTATION_CONTEXT(2) 
PARAMETRIC_REPRESENTATION_CONTEXT() REPRESENTATION_CONTEXT('2D SPACE',''
  ) );
#864 = ORIENTED_EDGE('',*,*,#697,.T.);
#865 = ORIENTED_EDGE('',*,*,#866,.F.);
#866 = EDGE_CURVE('',#776,#700,#867,.T.);
#867 = SURFACE_CURVE('',#868,(#872,#879),.PCURVE_S1.);
#868 = LINE('',#869,#870);
#869 = CARTESIAN_POINT('',(10.6,5.25,8.2));
#870 = VECTOR('',#871,1.);
#871 = DIRECTION('',(0.,1.,0.));
#872 = PCURVE('',#715,#873);
#873 = DEFINITIONAL_REPRESENTATION('',(#874),#878);
#874 = LINE('',#875,#876);
#875 = CARTESIAN_POINT('',(0.,23.281138830084));
#876 = VECTOR('',#877,1.);
#877 = DIRECTION('',(1.,0.));
#878 = ( GEOMETRIC_REPRESENTATION_CONTEXT(2) 
PARAMETRIC_REPRESENTATION_CONTEXT() REPRESENTATION_CONTEXT('2D SPACE',''
  ) );
#879 = PCURVE('',#628,#880);
#880 = DEFINITIONAL_REPRESENTATION('',(#881),#885);
#881 = LINE('',#882,#883);
#882 = CARTESIAN_POINT('',(-10.1,-7.));
#883 = VECTOR('',#884,1.);
#884 = DIRECTION('',(1.,0.));
#885 = ( GEOMETRIC_REPRESENTATION_CONTEXT(2) 
PARAMETRIC_REPRESENTATION_CONTEXT() REPRESENTATION_CONTEXT('2D SPACE',''
  ) );
#886 = ADVANCED_FACE('',(#887),#600,.T.);
#887 = FACE_BOUND('',#888,.T.);
#888 = EDGE_LOOP('',(#889,#890,#911,#912));
#889 = ORIENTED_EDGE('',*,*,#584,.F.);
#890 = ORIENTED_EDGE('',*,*,#891,.T.);
#891 = EDGE_CURVE('',#557,#774,#892,.T.);
#892 = SURFACE_CURVE('',#893,(#897,#904),.PCURVE_S1.);
#893 = LINE('',#894,#895);
#894 = CARTESIAN_POINT('',(10.6,5.25,-1.05));
#895 = VECTOR('',#896,1.);
#896 = DIRECTION('',(1.,0.,0.));
#897 = PCURVE('',#600,#898);
#898 = DEFINITIONAL_REPRESENTATION('',(#899),#903);
#899 = LINE('',#900,#901);
#900 = CARTESIAN_POINT('',(0.5,14.031138830084));
#901 = VECTOR('',#902,1.);
#902 = DIRECTION('',(1.,0.));
#903 = ( GEOMETRIC_REPRESENTATION_CONTEXT(2) 
PARAMETRIC_REPRESENTATION_CONTEXT() REPRESENTATION_CONTEXT('2D SPACE',''
  ) );
#904 = PCURVE('',#572,#905);
#905 = DEFINITIONAL_REPRESENTATION('',(#906),#910);
#906 = LINE('',#907,#908);
#907 = CARTESIAN_POINT('',(0.161039237159,1.523139917829));
#908 = VECTOR('',#909,1.);
#909 = DIRECTION('',(1.,0.));
#910 = ( GEOMETRIC_REPRESENTATION_CONTEXT(2) 
PARAMETRIC_REPRESENTATION_CONTEXT() REPRESENTATION_CONTEXT('2D SPACE',''
  ) );
#911 = ORIENTED_EDGE('',*,*,#773,.T.);
#912 = ORIENTED_EDGE('',*,*,#913,.F.);
#913 = EDGE_CURVE('',#585,#776,#914,.T.);
#914 = SURFACE_CURVE('',#915,(#919,#926),.PCURVE_S1.);
#915 = LINE('',#916,#917);
#916 = CARTESIAN_POINT('',(10.1,5.25,8.2));
#917 = VECTOR('',#918,1.);
#918 = DIRECTION('',(1.,0.,0.));
#919 = PCURVE('',#600,#920);
#920 = DEFINITIONAL_REPRESENTATION('',(#921),#925);
#921 = LINE('',#922,#923);
#922 = CARTESIAN_POINT('',(0.,23.281138830084));
#923 = VECTOR('',#924,1.);
#924 = DIRECTION('',(1.,0.));
#925 = ( GEOMETRIC_REPRESENTATION_CONTEXT(2) 
PARAMETRIC_REPRESENTATION_CONTEXT() REPRESENTATION_CONTEXT('2D SPACE',''
  ) );
#926 = PCURVE('',#628,#927);
#927 = DEFINITIONAL_REPRESENTATION('',(#928),#932);
#928 = LINE('',#929,#930);
#929 = CARTESIAN_POINT('',(-10.1,-6.5));
#930 = VECTOR('',#931,1.);
#931 = DIRECTION('',(0.,-1.));
#932 = ( GEOMETRIC_REPRESENTATION_CONTEXT(2) 
PARAMETRIC_REPRESENTATION_CONTEXT() REPRESENTATION_CONTEXT('2D SPACE',''
  ) );
#933 = ADVANCED_FACE('',(#934),#544,.F.);
#934 = FACE_BOUND('',#935,.T.);
#935 = EDGE_LOOP('',(#936,#937,#958,#959));
#936 = ORIENTED_EDGE('',*,*,#821,.T.);
#937 = ORIENTED_EDGE('',*,*,#938,.T.);
#938 = EDGE_CURVE('',#799,#522,#939,.T.);
#939 = SURFACE_CURVE('',#940,(#944,#951),.PCURVE_S1.);
#940 = LINE('',#941,#942);
#941 = CARTESIAN_POINT('',(10.1,5.514490471062,-2.55));
#942 = VECTOR('',#943,1.);
#943 = DIRECTION('',(-1.,0.,0.));
#944 = PCURVE('',#544,#945);
#945 = DEFINITIONAL_REPRESENTATION('',(#946),#950);
#946 = LINE('',#947,#948);
#947 = CARTESIAN_POINT('',(5.770704068819,0.338960762841));
#948 = VECTOR('',#949,1.);
#949 = DIRECTION('',(0.,1.));
#950 = ( GEOMETRIC_REPRESENTATION_CONTEXT(2) 
PARAMETRIC_REPRESENTATION_CONTEXT() REPRESENTATION_CONTEXT('2D SPACE',''
  ) );
#951 = PCURVE('',#572,#952);
#952 = DEFINITIONAL_REPRESENTATION('',(#953),#957);
#953 = LINE('',#954,#955);
#954 = CARTESIAN_POINT('',(-0.338960762841,0.));
#955 = VECTOR('',#956,1.);
#956 = DIRECTION('',(-1.,0.));
#957 = ( GEOMETRIC_REPRESENTATION_CONTEXT(2) 
PARAMETRIC_REPRESENTATION_CONTEXT() REPRESENTATION_CONTEXT('2D SPACE',''
  ) );
#958 = ORIENTED_EDGE('',*,*,#521,.T.);
#959 = ORIENTED_EDGE('',*,*,#960,.T.);
#960 = EDGE_CURVE('',#524,#822,#961,.T.);
#961 = SURFACE_CURVE('',#962,(#966,#973),.PCURVE_S1.);
#962 = LINE('',#963,#964);
#963 = CARTESIAN_POINT('',(10.6,6.485509528937,-2.55));
#964 = VECTOR('',#965,1.);
#965 = DIRECTION('',(1.,0.,0.));
#966 = PCURVE('',#544,#967);
#967 = DEFINITIONAL_REPRESENTATION('',(#968),#972);
#968 = LINE('',#969,#970);
#969 = CARTESIAN_POINT('',(6.741723126694,-0.161039237159));
#970 = VECTOR('',#971,1.);
#971 = DIRECTION('',(0.,-1.));
#972 = ( GEOMETRIC_REPRESENTATION_CONTEXT(2) 
PARAMETRIC_REPRESENTATION_CONTEXT() REPRESENTATION_CONTEXT('2D SPACE',''
  ) );
#973 = PCURVE('',#682,#974);
#974 = DEFINITIONAL_REPRESENTATION('',(#975),#979);
#975 = LINE('',#976,#977);
#976 = CARTESIAN_POINT('',(-0.161039237159,0.));
#977 = VECTOR('',#978,1.);
#978 = DIRECTION('',(-1.,0.));
#979 = ( GEOMETRIC_REPRESENTATION_CONTEXT(2) 
PARAMETRIC_REPRESENTATION_CONTEXT() REPRESENTATION_CONTEXT('2D SPACE',''
  ) );
#980 = ADVANCED_FACE('',(#981),#628,.T.);
#981 = FACE_BOUND('',#982,.T.);
#982 = EDGE_LOOP('',(#983,#984,#985,#986));
#983 = ORIENTED_EDGE('',*,*,#749,.T.);
#984 = ORIENTED_EDGE('',*,*,#612,.T.);
#985 = ORIENTED_EDGE('',*,*,#913,.T.);
#986 = ORIENTED_EDGE('',*,*,#866,.T.);
#987 = ADVANCED_FACE('',(#988),#572,.T.);
#988 = FACE_BOUND('',#989,.T.);
#989 = EDGE_LOOP('',(#990,#991,#992,#993));
#990 = ORIENTED_EDGE('',*,*,#798,.F.);
#991 = ORIENTED_EDGE('',*,*,#891,.F.);
#992 = ORIENTED_EDGE('',*,*,#556,.F.);
#993 = ORIENTED_EDGE('',*,*,#938,.F.);
#994 = ADVANCED_FACE('',(#995),#682,.T.);
#995 = FACE_BOUND('',#996,.T.);
#996 = EDGE_LOOP('',(#997,#998,#999,#1000));
#997 = ORIENTED_EDGE('',*,*,#668,.F.);
#998 = ORIENTED_EDGE('',*,*,#727,.F.);
#999 = ORIENTED_EDGE('',*,*,#844,.F.);
#1000 = ORIENTED_EDGE('',*,*,#960,.F.);
#1001 = ( GEOMETRIC_REPRESENTATION_CONTEXT(3) 
GLOBAL_UNCERTAINTY_ASSIGNED_CONTEXT((#1005)) 
GLOBAL_UNIT_ASSIGNED_CONTEXT((#1002,#1003,#1004)) REPRESENTATION_CONTEXT
('Context #1','3D Context with UNIT and UNCERTAINTY') );
#1002 = ( LENGTH_UNIT() NAMED_UNIT(*) SI_UNIT(.MILLI.,.METRE.) );
#1003 = ( NAMED_UNIT(*) PLANE_ANGLE_UNIT() SI_UNIT($,.RADIAN.) );
#1004 = ( NAMED_UNIT(*) SI_UNIT($,.STERADIAN.) SOLID_ANGLE_UNIT() );
#1005 = UNCERTAINTY_MEASURE_WITH_UNIT(LENGTH_MEASURE(1.E-07),#1002,
  'distance_accuracy_value','confusion accuracy');
#1006 = PRODUCT_RELATED_PRODUCT_CATEGORY('part',$,(#511));
#1007 = SHAPE_DEFINITION_REPRESENTATION(#1008,#1014);
#1008 = PRODUCT_DEFINITION_SHAPE('','',#1009);
#1009 = PRODUCT_DEFINITION('design','',#1010,#1013);
#1010 = PRODUCT_DEFINITION_FORMATION('','',#1011);
#1011 = PRODUCT('Contact_3','Contact_3','',(#1012));
#1012 = PRODUCT_CONTEXT('',#2,'mechanical');
#1013 = PRODUCT_DEFINITION_CONTEXT('part definition',#2,'design');
#1014 = ADVANCED_BREP_SHAPE_REPRESENTATION('',(#11,#1015),#1319);
#1015 = MANIFOLD_SOLID_BREP('',#1016);
#1016 = CLOSED_SHELL('',(#1017,#1138,#1224,#1277,#1307,#1312));
#1017 = ADVANCED_FACE('',(#1018),#1033,.T.);
#1018 = FACE_BOUND('',#1019,.T.);
#1019 = EDGE_LOOP('',(#1020,#1060,#1088,#1117));
#1020 = ORIENTED_EDGE('',*,*,#1021,.F.);
#1021 = EDGE_CURVE('',#1022,#1024,#1026,.T.);
#1022 = VERTEX_POINT('',#1023);
#1023 = CARTESIAN_POINT('',(7.2,-0.95,-2.5));
#1024 = VERTEX_POINT('',#1025);
#1025 = CARTESIAN_POINT('',(7.2,0.95,-2.5));
#1026 = SURFACE_CURVE('',#1027,(#1032,#1044),.PCURVE_S1.);
#1027 = CIRCLE('',#1028,0.95);
#1028 = AXIS2_PLACEMENT_3D('',#1029,#1030,#1031);
#1029 = CARTESIAN_POINT('',(7.2,0.,-2.5));
#1030 = DIRECTION('',(0.,0.,-1.));
#1031 = DIRECTION('',(0.,1.,0.));
#1032 = PCURVE('',#1033,#1038);
#1033 = CONICAL_SURFACE('',#1034,1.25,0.785398163397);
#1034 = AXIS2_PLACEMENT_3D('',#1035,#1036,#1037);
#1035 = CARTESIAN_POINT('',(7.2,0.,-2.2));
#1036 = DIRECTION('',(0.,0.,1.));
#1037 = DIRECTION('',(0.,1.,0.));
#1038 = DEFINITIONAL_REPRESENTATION('',(#1039),#1043);
#1039 = LINE('',#1040,#1041);
#1040 = CARTESIAN_POINT('',(6.28318530718,-0.3));
#1041 = VECTOR('',#1042,1.);
#1042 = DIRECTION('',(-1.,-2.748767735019E-16));
#1043 = ( GEOMETRIC_REPRESENTATION_CONTEXT(2) 
PARAMETRIC_REPRESENTATION_CONTEXT() REPRESENTATION_CONTEXT('2D SPACE',''
  ) );
#1044 = PCURVE('',#1045,#1050);
#1045 = PLANE('',#1046);
#1046 = AXIS2_PLACEMENT_3D('',#1047,#1048,#1049);
#1047 = CARTESIAN_POINT('',(10.438960762841,-0.256213597756,-2.5));
#1048 = DIRECTION('',(0.,0.,1.));
#1049 = DIRECTION('',(0.,1.,0.));
#1050 = DEFINITIONAL_REPRESENTATION('',(#1051),#1059);
#1051 = ( BOUNDED_CURVE() B_SPLINE_CURVE(2,(#1052,#1053,#1054,#1055,
#1056,#1057,#1058),.UNSPECIFIED.,.T.,.F.) B_SPLINE_CURVE_WITH_KNOTS((1,2
    ,2,2,2,1),(-2.094395102393,0.,2.094395102393,4.188790204786,
6.28318530718,8.377580409573),.UNSPECIFIED.) CURVE() 
GEOMETRIC_REPRESENTATION_ITEM() RATIONAL_B_SPLINE_CURVE((1.,0.5,1.,0.5,
1.,0.5,1.)) REPRESENTATION_ITEM('') );
#1052 = CARTESIAN_POINT('',(1.206213597756,3.238960762841));
#1053 = CARTESIAN_POINT('',(1.206213597756,1.59351249565));
#1054 = CARTESIAN_POINT('',(-0.218786402244,2.416236629246));
#1055 = CARTESIAN_POINT('',(-1.643786402244,3.238960762841));
#1056 = CARTESIAN_POINT('',(-0.218786402244,4.061684896436));
#1057 = CARTESIAN_POINT('',(1.206213597756,4.884409030031));
#1058 = CARTESIAN_POINT('',(1.206213597756,3.238960762841));
#1059 = ( GEOMETRIC_REPRESENTATION_CONTEXT(2) 
PARAMETRIC_REPRESENTATION_CONTEXT() REPRESENTATION_CONTEXT('2D SPACE',''
  ) );
#1060 = ORIENTED_EDGE('',*,*,#1061,.T.);
#1061 = EDGE_CURVE('',#1022,#1062,#1064,.T.);
#1062 = VERTEX_POINT('',#1063);
#1063 = CARTESIAN_POINT('',(7.2,-1.25,-2.2));
#1064 = SURFACE_CURVE('',#1065,(#1069,#1076),.PCURVE_S1.);
#1065 = LINE('',#1066,#1067);
#1066 = CARTESIAN_POINT('',(7.2,-1.25,-2.2));
#1067 = VECTOR('',#1068,1.);
#1068 = DIRECTION('',(-8.659560562355E-17,-0.707106781187,0.707106781187
    ));
#1069 = PCURVE('',#1033,#1070);
#1070 = DEFINITIONAL_REPRESENTATION('',(#1071),#1075);
#1071 = LINE('',#1072,#1073);
#1072 = CARTESIAN_POINT('',(3.14159265359,2.119624819223E-15));
#1073 = VECTOR('',#1074,1.);
#1074 = DIRECTION('',(0.,1.));
#1075 = ( GEOMETRIC_REPRESENTATION_CONTEXT(2) 
PARAMETRIC_REPRESENTATION_CONTEXT() REPRESENTATION_CONTEXT('2D SPACE',''
  ) );
#1076 = PCURVE('',#1077,#1082);
#1077 = CONICAL_SURFACE('',#1078,1.25,0.785398163397);
#1078 = AXIS2_PLACEMENT_3D('',#1079,#1080,#1081);
#1079 = CARTESIAN_POINT('',(7.2,0.,-2.2));
#1080 = DIRECTION('',(0.,0.,1.));
#1081 = DIRECTION('',(0.,1.,0.));
#1082 = DEFINITIONAL_REPRESENTATION('',(#1083),#1087);
#1083 = LINE('',#1084,#1085);
#1084 = CARTESIAN_POINT('',(3.14159265359,2.119624819223E-15));
#1085 = VECTOR('',#1086,1.);
#1086 = DIRECTION('',(0.,1.));
#1087 = ( GEOMETRIC_REPRESENTATION_CONTEXT(2) 
PARAMETRIC_REPRESENTATION_CONTEXT() REPRESENTATION_CONTEXT('2D SPACE',''
  ) );
#1088 = ORIENTED_EDGE('',*,*,#1089,.F.);
#1089 = EDGE_CURVE('',#1090,#1062,#1092,.T.);
#1090 = VERTEX_POINT('',#1091);
#1091 = CARTESIAN_POINT('',(7.2,1.25,-2.2));
#1092 = SURFACE_CURVE('',#1093,(#1098,#1105),.PCURVE_S1.);
#1093 = CIRCLE('',#1094,1.25);
#1094 = AXIS2_PLACEMENT_3D('',#1095,#1096,#1097);
#1095 = CARTESIAN_POINT('',(7.2,0.,-2.2));
#1096 = DIRECTION('',(0.,-0.,1.));
#1097 = DIRECTION('',(0.,1.,0.));
#1098 = PCURVE('',#1033,#1099);
#1099 = DEFINITIONAL_REPRESENTATION('',(#1100),#1104);
#1100 = LINE('',#1101,#1102);
#1101 = CARTESIAN_POINT('',(0.,3.330669073875E-16));
#1102 = VECTOR('',#1103,1.);
#1103 = DIRECTION('',(1.,-2.827159716856E-16));
#1104 = ( GEOMETRIC_REPRESENTATION_CONTEXT(2) 
PARAMETRIC_REPRESENTATION_CONTEXT() REPRESENTATION_CONTEXT('2D SPACE',''
  ) );
#1105 = PCURVE('',#1106,#1111);
#1106 = CYLINDRICAL_SURFACE('',#1107,1.25);
#1107 = AXIS2_PLACEMENT_3D('',#1108,#1109,#1110);
#1108 = CARTESIAN_POINT('',(7.2,0.,-16.93553390593));
#1109 = DIRECTION('',(0.,0.,1.));
#1110 = DIRECTION('',(0.,1.,0.));
#1111 = DEFINITIONAL_REPRESENTATION('',(#1112),#1116);
#1112 = LINE('',#1113,#1114);
#1113 = CARTESIAN_POINT('',(0.,14.735533905933));
#1114 = VECTOR('',#1115,1.);
#1115 = DIRECTION('',(1.,0.));
#1116 = ( GEOMETRIC_REPRESENTATION_CONTEXT(2) 
PARAMETRIC_REPRESENTATION_CONTEXT() REPRESENTATION_CONTEXT('2D SPACE',''
  ) );
#1117 = ORIENTED_EDGE('',*,*,#1118,.F.);
#1118 = EDGE_CURVE('',#1024,#1090,#1119,.T.);
#1119 = SURFACE_CURVE('',#1120,(#1124,#1131),.PCURVE_S1.);
#1120 = LINE('',#1121,#1122);
#1121 = CARTESIAN_POINT('',(7.2,1.25,-2.2));
#1122 = VECTOR('',#1123,1.);
#1123 = DIRECTION('',(0.,0.707106781187,0.707106781187));
#1124 = PCURVE('',#1033,#1125);
#1125 = DEFINITIONAL_REPRESENTATION('',(#1126),#1130);
#1126 = LINE('',#1127,#1128);
#1127 = CARTESIAN_POINT('',(0.,3.532708032039E-16));
#1128 = VECTOR('',#1129,1.);
#1129 = DIRECTION('',(0.,1.));
#1130 = ( GEOMETRIC_REPRESENTATION_CONTEXT(2) 
PARAMETRIC_REPRESENTATION_CONTEXT() REPRESENTATION_CONTEXT('2D SPACE',''
  ) );
#1131 = PCURVE('',#1077,#1132);
#1132 = DEFINITIONAL_REPRESENTATION('',(#1133),#1137);
#1133 = LINE('',#1134,#1135);
#1134 = CARTESIAN_POINT('',(6.28318530718,3.532708032039E-16));
#1135 = VECTOR('',#1136,1.);
#1136 = DIRECTION('',(0.,1.));
#1137 = ( GEOMETRIC_REPRESENTATION_CONTEXT(2) 
PARAMETRIC_REPRESENTATION_CONTEXT() REPRESENTATION_CONTEXT('2D SPACE',''
  ) );
#1138 = ADVANCED_FACE('',(#1139),#1106,.T.);
#1139 = FACE_BOUND('',#1140,.T.);
#1140 = EDGE_LOOP('',(#1141,#1142,#1170,#1203));
#1141 = ORIENTED_EDGE('',*,*,#1089,.T.);
#1142 = ORIENTED_EDGE('',*,*,#1143,.T.);
#1143 = EDGE_CURVE('',#1062,#1144,#1146,.T.);
#1144 = VERTEX_POINT('',#1145);
#1145 = CARTESIAN_POINT('',(7.2,-1.25,0.6));
#1146 = SURFACE_CURVE('',#1147,(#1151,#1158),.PCURVE_S1.);
#1147 = LINE('',#1148,#1149);
#1148 = CARTESIAN_POINT('',(7.2,-1.25,-16.93553390593));
#1149 = VECTOR('',#1150,1.);
#1150 = DIRECTION('',(0.,0.,1.));
#1151 = PCURVE('',#1106,#1152);
#1152 = DEFINITIONAL_REPRESENTATION('',(#1153),#1157);
#1153 = LINE('',#1154,#1155);
#1154 = CARTESIAN_POINT('',(3.14159265359,0.));
#1155 = VECTOR('',#1156,1.);
#1156 = DIRECTION('',(0.,1.));
#1157 = ( GEOMETRIC_REPRESENTATION_CONTEXT(2) 
PARAMETRIC_REPRESENTATION_CONTEXT() REPRESENTATION_CONTEXT('2D SPACE',''
  ) );
#1158 = PCURVE('',#1159,#1164);
#1159 = CYLINDRICAL_SURFACE('',#1160,1.25);
#1160 = AXIS2_PLACEMENT_3D('',#1161,#1162,#1163);
#1161 = CARTESIAN_POINT('',(7.2,0.,-16.93553390593));
#1162 = DIRECTION('',(0.,0.,1.));
#1163 = DIRECTION('',(0.,1.,0.));
#1164 = DEFINITIONAL_REPRESENTATION('',(#1165),#1169);
#1165 = LINE('',#1166,#1167);
#1166 = CARTESIAN_POINT('',(3.14159265359,0.));
#1167 = VECTOR('',#1168,1.);
#1168 = DIRECTION('',(0.,1.));
#1169 = ( GEOMETRIC_REPRESENTATION_CONTEXT(2) 
PARAMETRIC_REPRESENTATION_CONTEXT() REPRESENTATION_CONTEXT('2D SPACE',''
  ) );
#1170 = ORIENTED_EDGE('',*,*,#1171,.F.);
#1171 = EDGE_CURVE('',#1172,#1144,#1174,.T.);
#1172 = VERTEX_POINT('',#1173);
#1173 = CARTESIAN_POINT('',(7.2,1.25,0.6));
#1174 = SURFACE_CURVE('',#1175,(#1180,#1187),.PCURVE_S1.);
#1175 = CIRCLE('',#1176,1.25);
#1176 = AXIS2_PLACEMENT_3D('',#1177,#1178,#1179);
#1177 = CARTESIAN_POINT('',(7.2,0.,0.6));
#1178 = DIRECTION('',(0.,0.,1.));
#1179 = DIRECTION('',(0.,-1.,0.));
#1180 = PCURVE('',#1106,#1181);
#1181 = DEFINITIONAL_REPRESENTATION('',(#1182),#1186);
#1182 = LINE('',#1183,#1184);
#1183 = CARTESIAN_POINT('',(-3.14159265359,17.535533905933));
#1184 = VECTOR('',#1185,1.);
#1185 = DIRECTION('',(1.,0.));
#1186 = ( GEOMETRIC_REPRESENTATION_CONTEXT(2) 
PARAMETRIC_REPRESENTATION_CONTEXT() REPRESENTATION_CONTEXT('2D SPACE',''
  ) );
#1187 = PCURVE('',#1188,#1193);
#1188 = PLANE('',#1189);
#1189 = AXIS2_PLACEMENT_3D('',#1190,#1191,#1192);
#1190 = CARTESIAN_POINT('',(7.2,0.,0.6));
#1191 = DIRECTION('',(0.,0.,-1.));
#1192 = DIRECTION('',(-0.,-1.,0.));
#1193 = DEFINITIONAL_REPRESENTATION('',(#1194),#1202);
#1194 = ( BOUNDED_CURVE() B_SPLINE_CURVE(2,(#1195,#1196,#1197,#1198,
#1199,#1200,#1201),.UNSPECIFIED.,.T.,.F.) B_SPLINE_CURVE_WITH_KNOTS((1,2
    ,2,2,2,1),(-2.094395102393,0.,2.094395102393,4.188790204786,
6.28318530718,8.377580409573),.UNSPECIFIED.) CURVE() 
GEOMETRIC_REPRESENTATION_ITEM() RATIONAL_B_SPLINE_CURVE((1.,0.5,1.,0.5,
1.,0.5,1.)) REPRESENTATION_ITEM('') );
#1195 = CARTESIAN_POINT('',(1.25,0.));
#1196 = CARTESIAN_POINT('',(1.25,-2.165063509461));
#1197 = CARTESIAN_POINT('',(-0.625,-1.082531754731));
#1198 = CARTESIAN_POINT('',(-2.5,-3.061616997868E-16));
#1199 = CARTESIAN_POINT('',(-0.625,1.082531754731));
#1200 = CARTESIAN_POINT('',(1.25,2.165063509461));
#1201 = CARTESIAN_POINT('',(1.25,0.));
#1202 = ( GEOMETRIC_REPRESENTATION_CONTEXT(2) 
PARAMETRIC_REPRESENTATION_CONTEXT() REPRESENTATION_CONTEXT('2D SPACE',''
  ) );
#1203 = ORIENTED_EDGE('',*,*,#1204,.F.);
#1204 = EDGE_CURVE('',#1090,#1172,#1205,.T.);
#1205 = SURFACE_CURVE('',#1206,(#1210,#1217),.PCURVE_S1.);
#1206 = LINE('',#1207,#1208);
#1207 = CARTESIAN_POINT('',(7.2,1.25,-16.93553390593));
#1208 = VECTOR('',#1209,1.);
#1209 = DIRECTION('',(0.,0.,1.));
#1210 = PCURVE('',#1106,#1211);
#1211 = DEFINITIONAL_REPRESENTATION('',(#1212),#1216);
#1212 = LINE('',#1213,#1214);
#1213 = CARTESIAN_POINT('',(0.,0.));
#1214 = VECTOR('',#1215,1.);
#1215 = DIRECTION('',(0.,1.));
#1216 = ( GEOMETRIC_REPRESENTATION_CONTEXT(2) 
PARAMETRIC_REPRESENTATION_CONTEXT() REPRESENTATION_CONTEXT('2D SPACE',''
  ) );
#1217 = PCURVE('',#1159,#1218);
#1218 = DEFINITIONAL_REPRESENTATION('',(#1219),#1223);
#1219 = LINE('',#1220,#1221);
#1220 = CARTESIAN_POINT('',(6.28318530718,0.));
#1221 = VECTOR('',#1222,1.);
#1222 = DIRECTION('',(0.,1.));
#1223 = ( GEOMETRIC_REPRESENTATION_CONTEXT(2) 
PARAMETRIC_REPRESENTATION_CONTEXT() REPRESENTATION_CONTEXT('2D SPACE',''
  ) );
#1224 = ADVANCED_FACE('',(#1225),#1159,.T.);
#1225 = FACE_BOUND('',#1226,.T.);
#1226 = EDGE_LOOP('',(#1227,#1228,#1250,#1251));
#1227 = ORIENTED_EDGE('',*,*,#1143,.F.);
#1228 = ORIENTED_EDGE('',*,*,#1229,.T.);
#1229 = EDGE_CURVE('',#1062,#1090,#1230,.T.);
#1230 = SURFACE_CURVE('',#1231,(#1236,#1243),.PCURVE_S1.);
#1231 = CIRCLE('',#1232,1.25);
#1232 = AXIS2_PLACEMENT_3D('',#1233,#1234,#1235);
#1233 = CARTESIAN_POINT('',(7.2,0.,-2.2));
#1234 = DIRECTION('',(0.,-0.,1.));
#1235 = DIRECTION('',(0.,1.,0.));
#1236 = PCURVE('',#1159,#1237);
#1237 = DEFINITIONAL_REPRESENTATION('',(#1238),#1242);
#1238 = LINE('',#1239,#1240);
#1239 = CARTESIAN_POINT('',(0.,14.735533905933));
#1240 = VECTOR('',#1241,1.);
#1241 = DIRECTION('',(1.,0.));
#1242 = ( GEOMETRIC_REPRESENTATION_CONTEXT(2) 
PARAMETRIC_REPRESENTATION_CONTEXT() REPRESENTATION_CONTEXT('2D SPACE',''
  ) );
#1243 = PCURVE('',#1077,#1244);
#1244 = DEFINITIONAL_REPRESENTATION('',(#1245),#1249);
#1245 = LINE('',#1246,#1247);
#1246 = CARTESIAN_POINT('',(0.,-1.443289932013E-15));
#1247 = VECTOR('',#1248,1.);
#1248 = DIRECTION('',(1.,2.827159716856E-16));
#1249 = ( GEOMETRIC_REPRESENTATION_CONTEXT(2) 
PARAMETRIC_REPRESENTATION_CONTEXT() REPRESENTATION_CONTEXT('2D SPACE',''
  ) );
#1250 = ORIENTED_EDGE('',*,*,#1204,.T.);
#1251 = ORIENTED_EDGE('',*,*,#1252,.F.);
#1252 = EDGE_CURVE('',#1144,#1172,#1253,.T.);
#1253 = SURFACE_CURVE('',#1254,(#1259,#1266),.PCURVE_S1.);
#1254 = CIRCLE('',#1255,1.25);
#1255 = AXIS2_PLACEMENT_3D('',#1256,#1257,#1258);
#1256 = CARTESIAN_POINT('',(7.2,0.,0.6));
#1257 = DIRECTION('',(0.,0.,1.));
#1258 = DIRECTION('',(0.,-1.,0.));
#1259 = PCURVE('',#1159,#1260);
#1260 = DEFINITIONAL_REPRESENTATION('',(#1261),#1265);
#1261 = LINE('',#1262,#1263);
#1262 = CARTESIAN_POINT('',(3.14159265359,17.535533905933));
#1263 = VECTOR('',#1264,1.);
#1264 = DIRECTION('',(1.,0.));
#1265 = ( GEOMETRIC_REPRESENTATION_CONTEXT(2) 
PARAMETRIC_REPRESENTATION_CONTEXT() REPRESENTATION_CONTEXT('2D SPACE',''
  ) );
#1266 = PCURVE('',#1188,#1267);
#1267 = DEFINITIONAL_REPRESENTATION('',(#1268),#1276);
#1268 = ( BOUNDED_CURVE() B_SPLINE_CURVE(2,(#1269,#1270,#1271,#1272,
#1273,#1274,#1275),.UNSPECIFIED.,.T.,.F.) B_SPLINE_CURVE_WITH_KNOTS((1,2
    ,2,2,2,1),(-2.094395102393,0.,2.094395102393,4.188790204786,
6.28318530718,8.377580409573),.UNSPECIFIED.) CURVE() 
GEOMETRIC_REPRESENTATION_ITEM() RATIONAL_B_SPLINE_CURVE((1.,0.5,1.,0.5,
1.,0.5,1.)) REPRESENTATION_ITEM('') );
#1269 = CARTESIAN_POINT('',(1.25,0.));
#1270 = CARTESIAN_POINT('',(1.25,-2.165063509461));
#1271 = CARTESIAN_POINT('',(-0.625,-1.082531754731));
#1272 = CARTESIAN_POINT('',(-2.5,-3.061616997868E-16));
#1273 = CARTESIAN_POINT('',(-0.625,1.082531754731));
#1274 = CARTESIAN_POINT('',(1.25,2.165063509461));
#1275 = CARTESIAN_POINT('',(1.25,0.));
#1276 = ( GEOMETRIC_REPRESENTATION_CONTEXT(2) 
PARAMETRIC_REPRESENTATION_CONTEXT() REPRESENTATION_CONTEXT('2D SPACE',''
  ) );
#1277 = ADVANCED_FACE('',(#1278),#1045,.F.);
#1278 = FACE_BOUND('',#1279,.T.);
#1279 = EDGE_LOOP('',(#1280,#1306));
#1280 = ORIENTED_EDGE('',*,*,#1281,.T.);
#1281 = EDGE_CURVE('',#1024,#1022,#1282,.T.);
#1282 = SURFACE_CURVE('',#1283,(#1288,#1299),.PCURVE_S1.);
#1283 = CIRCLE('',#1284,0.95);
#1284 = AXIS2_PLACEMENT_3D('',#1285,#1286,#1287);
#1285 = CARTESIAN_POINT('',(7.2,0.,-2.5));
#1286 = DIRECTION('',(0.,0.,-1.));
#1287 = DIRECTION('',(0.,1.,0.));
#1288 = PCURVE('',#1045,#1289);
#1289 = DEFINITIONAL_REPRESENTATION('',(#1290),#1298);
#1290 = ( BOUNDED_CURVE() B_SPLINE_CURVE(2,(#1291,#1292,#1293,#1294,
#1295,#1296,#1297),.UNSPECIFIED.,.T.,.F.) B_SPLINE_CURVE_WITH_KNOTS((1,2
    ,2,2,2,1),(-2.094395102393,0.,2.094395102393,4.188790204786,
6.28318530718,8.377580409573),.UNSPECIFIED.) CURVE() 
GEOMETRIC_REPRESENTATION_ITEM() RATIONAL_B_SPLINE_CURVE((1.,0.5,1.,0.5,
1.,0.5,1.)) REPRESENTATION_ITEM('') );
#1291 = CARTESIAN_POINT('',(1.206213597756,3.238960762841));
#1292 = CARTESIAN_POINT('',(1.206213597756,1.59351249565));
#1293 = CARTESIAN_POINT('',(-0.218786402244,2.416236629246));
#1294 = CARTESIAN_POINT('',(-1.643786402244,3.238960762841));
#1295 = CARTESIAN_POINT('',(-0.218786402244,4.061684896436));
#1296 = CARTESIAN_POINT('',(1.206213597756,4.884409030031));
#1297 = CARTESIAN_POINT('',(1.206213597756,3.238960762841));
#1298 = ( GEOMETRIC_REPRESENTATION_CONTEXT(2) 
PARAMETRIC_REPRESENTATION_CONTEXT() REPRESENTATION_CONTEXT('2D SPACE',''
  ) );
#1299 = PCURVE('',#1077,#1300);
#1300 = DEFINITIONAL_REPRESENTATION('',(#1301),#1305);
#1301 = LINE('',#1302,#1303);
#1302 = CARTESIAN_POINT('',(6.28318530718,-0.3));
#1303 = VECTOR('',#1304,1.);
#1304 = DIRECTION('',(-1.,2.748767735019E-16));
#1305 = ( GEOMETRIC_REPRESENTATION_CONTEXT(2) 
PARAMETRIC_REPRESENTATION_CONTEXT() REPRESENTATION_CONTEXT('2D SPACE',''
  ) );
#1306 = ORIENTED_EDGE('',*,*,#1021,.T.);
#1307 = ADVANCED_FACE('',(#1308),#1188,.F.);
#1308 = FACE_BOUND('',#1309,.T.);
#1309 = EDGE_LOOP('',(#1310,#1311));
#1310 = ORIENTED_EDGE('',*,*,#1171,.T.);
#1311 = ORIENTED_EDGE('',*,*,#1252,.T.);
#1312 = ADVANCED_FACE('',(#1313),#1077,.T.);
#1313 = FACE_BOUND('',#1314,.T.);
#1314 = EDGE_LOOP('',(#1315,#1316,#1317,#1318));
#1315 = ORIENTED_EDGE('',*,*,#1061,.F.);
#1316 = ORIENTED_EDGE('',*,*,#1281,.F.);
#1317 = ORIENTED_EDGE('',*,*,#1118,.T.);
#1318 = ORIENTED_EDGE('',*,*,#1229,.F.);
#1319 = ( GEOMETRIC_REPRESENTATION_CONTEXT(3) 
GLOBAL_UNCERTAINTY_ASSIGNED_CONTEXT((#1323)) 
GLOBAL_UNIT_ASSIGNED_CONTEXT((#1320,#1321,#1322)) REPRESENTATION_CONTEXT
('Context #1','3D Context with UNIT and UNCERTAINTY') );
#1320 = ( LENGTH_UNIT() NAMED_UNIT(*) SI_UNIT(.MILLI.,.METRE.) );
#1321 = ( NAMED_UNIT(*) PLANE_ANGLE_UNIT() SI_UNIT($,.RADIAN.) );
#1322 = ( NAMED_UNIT(*) SI_UNIT($,.STERADIAN.) SOLID_ANGLE_UNIT() );
#1323 = UNCERTAINTY_MEASURE_WITH_UNIT(LENGTH_MEASURE(1.E-07),#1320,
  'distance_accuracy_value','confusion accuracy');
#1324 = PRODUCT_RELATED_PRODUCT_CATEGORY('part',$,(#1011));
#1325 = SHAPE_DEFINITION_REPRESENTATION(#1326,#1332);
#1326 = PRODUCT_DEFINITION_SHAPE('','',#1327);
#1327 = PRODUCT_DEFINITION('design','',#1328,#1331);
#1328 = PRODUCT_DEFINITION_FORMATION('','',#1329);
#1329 = PRODUCT('Contact_4','Contact_4','',(#1330));
#1330 = PRODUCT_CONTEXT('',#2,'mechanical');
#1331 = PRODUCT_DEFINITION_CONTEXT('part definition',#2,'design');
#1332 = ADVANCED_BREP_SHAPE_REPRESENTATION('',(#11,#1333),#1621);
#1333 = MANIFOLD_SOLID_BREP('',#1334);
#1334 = CLOSED_SHELL('',(#1335,#1452,#1534,#1583,#1609,#1614));
#1335 = ADVANCED_FACE('',(#1336),#1351,.T.);
#1336 = FACE_BOUND('',#1337,.T.);
#1337 = EDGE_LOOP('',(#1338,#1374,#1402,#1431));
#1338 = ORIENTED_EDGE('',*,*,#1339,.T.);
#1339 = EDGE_CURVE('',#1340,#1342,#1344,.T.);
#1340 = VERTEX_POINT('',#1341);
#1341 = CARTESIAN_POINT('',(0.,0.95,-2.5));
#1342 = VERTEX_POINT('',#1343);
#1343 = CARTESIAN_POINT('',(0.,-0.95,-2.5));
#1344 = SURFACE_CURVE('',#1345,(#1350,#1362),.PCURVE_S1.);
#1345 = CIRCLE('',#1346,0.95);
#1346 = AXIS2_PLACEMENT_3D('',#1347,#1348,#1349);
#1347 = CARTESIAN_POINT('',(0.,0.,-2.5));
#1348 = DIRECTION('',(0.,-0.,1.));
#1349 = DIRECTION('',(0.,1.,0.));
#1350 = PCURVE('',#1351,#1356);
#1351 = CONICAL_SURFACE('',#1352,1.25,0.785398163397);
#1352 = AXIS2_PLACEMENT_3D('',#1353,#1354,#1355);
#1353 = CARTESIAN_POINT('',(0.,0.,-2.2));
#1354 = DIRECTION('',(0.,0.,1.));
#1355 = DIRECTION('',(0.,1.,0.));
#1356 = DEFINITIONAL_REPRESENTATION('',(#1357),#1361);
#1357 = LINE('',#1358,#1359);
#1358 = CARTESIAN_POINT('',(0.,-0.3));
#1359 = VECTOR('',#1360,1.);
#1360 = DIRECTION('',(1.,2.748767735019E-16));
#1361 = ( GEOMETRIC_REPRESENTATION_CONTEXT(2) 
PARAMETRIC_REPRESENTATION_CONTEXT() REPRESENTATION_CONTEXT('2D SPACE',''
  ) );
#1362 = PCURVE('',#1363,#1368);
#1363 = PLANE('',#1364);
#1364 = AXIS2_PLACEMENT_3D('',#1365,#1366,#1367);
#1365 = CARTESIAN_POINT('',(-3.238960762841,-0.256213597756,-2.5));
#1366 = DIRECTION('',(0.,0.,1.));
#1367 = DIRECTION('',(0.,1.,0.));
#1368 = DEFINITIONAL_REPRESENTATION('',(#1369),#1373);
#1369 = CIRCLE('',#1370,0.95);
#1370 = AXIS2_PLACEMENT_2D('',#1371,#1372);
#1371 = CARTESIAN_POINT('',(0.256213597756,-3.238960762841));
#1372 = DIRECTION('',(1.,0.));
#1373 = ( GEOMETRIC_REPRESENTATION_CONTEXT(2) 
PARAMETRIC_REPRESENTATION_CONTEXT() REPRESENTATION_CONTEXT('2D SPACE',''
  ) );
#1374 = ORIENTED_EDGE('',*,*,#1375,.T.);
#1375 = EDGE_CURVE('',#1342,#1376,#1378,.T.);
#1376 = VERTEX_POINT('',#1377);
#1377 = CARTESIAN_POINT('',(0.,-1.25,-2.2));
#1378 = SURFACE_CURVE('',#1379,(#1383,#1390),.PCURVE_S1.);
#1379 = LINE('',#1380,#1381);
#1380 = CARTESIAN_POINT('',(0.,-1.25,-2.2));
#1381 = VECTOR('',#1382,1.);
#1382 = DIRECTION('',(-8.659560562355E-17,-0.707106781187,0.707106781187
    ));
#1383 = PCURVE('',#1351,#1384);
#1384 = DEFINITIONAL_REPRESENTATION('',(#1385),#1389);
#1385 = LINE('',#1386,#1387);
#1386 = CARTESIAN_POINT('',(3.14159265359,2.119624819223E-15));
#1387 = VECTOR('',#1388,1.);
#1388 = DIRECTION('',(0.,1.));
#1389 = ( GEOMETRIC_REPRESENTATION_CONTEXT(2) 
PARAMETRIC_REPRESENTATION_CONTEXT() REPRESENTATION_CONTEXT('2D SPACE',''
  ) );
#1390 = PCURVE('',#1391,#1396);
#1391 = CONICAL_SURFACE('',#1392,1.25,0.785398163397);
#1392 = AXIS2_PLACEMENT_3D('',#1393,#1394,#1395);
#1393 = CARTESIAN_POINT('',(0.,0.,-2.2));
#1394 = DIRECTION('',(0.,0.,1.));
#1395 = DIRECTION('',(0.,1.,0.));
#1396 = DEFINITIONAL_REPRESENTATION('',(#1397),#1401);
#1397 = LINE('',#1398,#1399);
#1398 = CARTESIAN_POINT('',(3.14159265359,2.119624819223E-15));
#1399 = VECTOR('',#1400,1.);
#1400 = DIRECTION('',(0.,1.));
#1401 = ( GEOMETRIC_REPRESENTATION_CONTEXT(2) 
PARAMETRIC_REPRESENTATION_CONTEXT() REPRESENTATION_CONTEXT('2D SPACE',''
  ) );
#1402 = ORIENTED_EDGE('',*,*,#1403,.T.);
#1403 = EDGE_CURVE('',#1376,#1404,#1406,.T.);
#1404 = VERTEX_POINT('',#1405);
#1405 = CARTESIAN_POINT('',(0.,1.25,-2.2));
#1406 = SURFACE_CURVE('',#1407,(#1412,#1419),.PCURVE_S1.);
#1407 = CIRCLE('',#1408,1.25);
#1408 = AXIS2_PLACEMENT_3D('',#1409,#1410,#1411);
#1409 = CARTESIAN_POINT('',(0.,0.,-2.2));
#1410 = DIRECTION('',(0.,0.,-1.));
#1411 = DIRECTION('',(0.,1.,0.));
#1412 = PCURVE('',#1351,#1413);
#1413 = DEFINITIONAL_REPRESENTATION('',(#1414),#1418);
#1414 = LINE('',#1415,#1416);
#1415 = CARTESIAN_POINT('',(6.28318530718,-1.443289932013E-15));
#1416 = VECTOR('',#1417,1.);
#1417 = DIRECTION('',(-1.,2.827159716856E-16));
#1418 = ( GEOMETRIC_REPRESENTATION_CONTEXT(2) 
PARAMETRIC_REPRESENTATION_CONTEXT() REPRESENTATION_CONTEXT('2D SPACE',''
  ) );
#1419 = PCURVE('',#1420,#1425);
#1420 = CYLINDRICAL_SURFACE('',#1421,1.25);
#1421 = AXIS2_PLACEMENT_3D('',#1422,#1423,#1424);
#1422 = CARTESIAN_POINT('',(0.,0.,-16.93553390593));
#1423 = DIRECTION('',(0.,0.,1.));
#1424 = DIRECTION('',(0.,1.,0.));
#1425 = DEFINITIONAL_REPRESENTATION('',(#1426),#1430);
#1426 = LINE('',#1427,#1428);
#1427 = CARTESIAN_POINT('',(6.28318530718,14.735533905933));
#1428 = VECTOR('',#1429,1.);
#1429 = DIRECTION('',(-1.,0.));
#1430 = ( GEOMETRIC_REPRESENTATION_CONTEXT(2) 
PARAMETRIC_REPRESENTATION_CONTEXT() REPRESENTATION_CONTEXT('2D SPACE',''
  ) );
#1431 = ORIENTED_EDGE('',*,*,#1432,.F.);
#1432 = EDGE_CURVE('',#1340,#1404,#1433,.T.);
#1433 = SURFACE_CURVE('',#1434,(#1438,#1445),.PCURVE_S1.);
#1434 = LINE('',#1435,#1436);
#1435 = CARTESIAN_POINT('',(0.,1.25,-2.2));
#1436 = VECTOR('',#1437,1.);
#1437 = DIRECTION('',(0.,0.707106781187,0.707106781187));
#1438 = PCURVE('',#1351,#1439);
#1439 = DEFINITIONAL_REPRESENTATION('',(#1440),#1444);
#1440 = LINE('',#1441,#1442);
#1441 = CARTESIAN_POINT('',(0.,3.532708032039E-16));
#1442 = VECTOR('',#1443,1.);
#1443 = DIRECTION('',(0.,1.));
#1444 = ( GEOMETRIC_REPRESENTATION_CONTEXT(2) 
PARAMETRIC_REPRESENTATION_CONTEXT() REPRESENTATION_CONTEXT('2D SPACE',''
  ) );
#1445 = PCURVE('',#1391,#1446);
#1446 = DEFINITIONAL_REPRESENTATION('',(#1447),#1451);
#1447 = LINE('',#1448,#1449);
#1448 = CARTESIAN_POINT('',(6.28318530718,3.532708032039E-16));
#1449 = VECTOR('',#1450,1.);
#1450 = DIRECTION('',(0.,1.));
#1451 = ( GEOMETRIC_REPRESENTATION_CONTEXT(2) 
PARAMETRIC_REPRESENTATION_CONTEXT() REPRESENTATION_CONTEXT('2D SPACE',''
  ) );
#1452 = ADVANCED_FACE('',(#1453),#1420,.T.);
#1453 = FACE_BOUND('',#1454,.T.);
#1454 = EDGE_LOOP('',(#1455,#1456,#1484,#1513));
#1455 = ORIENTED_EDGE('',*,*,#1403,.F.);
#1456 = ORIENTED_EDGE('',*,*,#1457,.T.);
#1457 = EDGE_CURVE('',#1376,#1458,#1460,.T.);
#1458 = VERTEX_POINT('',#1459);
#1459 = CARTESIAN_POINT('',(0.,-1.25,0.6));
#1460 = SURFACE_CURVE('',#1461,(#1465,#1472),.PCURVE_S1.);
#1461 = LINE('',#1462,#1463);
#1462 = CARTESIAN_POINT('',(0.,-1.25,-16.93553390593));
#1463 = VECTOR('',#1464,1.);
#1464 = DIRECTION('',(0.,0.,1.));
#1465 = PCURVE('',#1420,#1466);
#1466 = DEFINITIONAL_REPRESENTATION('',(#1467),#1471);
#1467 = LINE('',#1468,#1469);
#1468 = CARTESIAN_POINT('',(3.14159265359,0.));
#1469 = VECTOR('',#1470,1.);
#1470 = DIRECTION('',(0.,1.));
#1471 = ( GEOMETRIC_REPRESENTATION_CONTEXT(2) 
PARAMETRIC_REPRESENTATION_CONTEXT() REPRESENTATION_CONTEXT('2D SPACE',''
  ) );
#1472 = PCURVE('',#1473,#1478);
#1473 = CYLINDRICAL_SURFACE('',#1474,1.25);
#1474 = AXIS2_PLACEMENT_3D('',#1475,#1476,#1477);
#1475 = CARTESIAN_POINT('',(0.,0.,-16.93553390593));
#1476 = DIRECTION('',(0.,0.,1.));
#1477 = DIRECTION('',(0.,1.,0.));
#1478 = DEFINITIONAL_REPRESENTATION('',(#1479),#1483);
#1479 = LINE('',#1480,#1481);
#1480 = CARTESIAN_POINT('',(3.14159265359,0.));
#1481 = VECTOR('',#1482,1.);
#1482 = DIRECTION('',(0.,1.));
#1483 = ( GEOMETRIC_REPRESENTATION_CONTEXT(2) 
PARAMETRIC_REPRESENTATION_CONTEXT() REPRESENTATION_CONTEXT('2D SPACE',''
  ) );
#1484 = ORIENTED_EDGE('',*,*,#1485,.T.);
#1485 = EDGE_CURVE('',#1458,#1486,#1488,.T.);
#1486 = VERTEX_POINT('',#1487);
#1487 = CARTESIAN_POINT('',(0.,1.25,0.6));
#1488 = SURFACE_CURVE('',#1489,(#1494,#1501),.PCURVE_S1.);
#1489 = CIRCLE('',#1490,1.25);
#1490 = AXIS2_PLACEMENT_3D('',#1491,#1492,#1493);
#1491 = CARTESIAN_POINT('',(0.,0.,0.6));
#1492 = DIRECTION('',(-0.,-0.,-1.));
#1493 = DIRECTION('',(0.,-1.,0.));
#1494 = PCURVE('',#1420,#1495);
#1495 = DEFINITIONAL_REPRESENTATION('',(#1496),#1500);
#1496 = LINE('',#1497,#1498);
#1497 = CARTESIAN_POINT('',(3.14159265359,17.535533905933));
#1498 = VECTOR('',#1499,1.);
#1499 = DIRECTION('',(-1.,0.));
#1500 = ( GEOMETRIC_REPRESENTATION_CONTEXT(2) 
PARAMETRIC_REPRESENTATION_CONTEXT() REPRESENTATION_CONTEXT('2D SPACE',''
  ) );
#1501 = PCURVE('',#1502,#1507);
#1502 = PLANE('',#1503);
#1503 = AXIS2_PLACEMENT_3D('',#1504,#1505,#1506);
#1504 = CARTESIAN_POINT('',(0.,0.,0.6));
#1505 = DIRECTION('',(-0.,0.,-1.));
#1506 = DIRECTION('',(0.,-1.,0.));
#1507 = DEFINITIONAL_REPRESENTATION('',(#1508),#1512);
#1508 = CIRCLE('',#1509,1.25);
#1509 = AXIS2_PLACEMENT_2D('',#1510,#1511);
#1510 = CARTESIAN_POINT('',(0.,0.));
#1511 = DIRECTION('',(1.,0.));
#1512 = ( GEOMETRIC_REPRESENTATION_CONTEXT(2) 
PARAMETRIC_REPRESENTATION_CONTEXT() REPRESENTATION_CONTEXT('2D SPACE',''
  ) );
#1513 = ORIENTED_EDGE('',*,*,#1514,.F.);
#1514 = EDGE_CURVE('',#1404,#1486,#1515,.T.);
#1515 = SURFACE_CURVE('',#1516,(#1520,#1527),.PCURVE_S1.);
#1516 = LINE('',#1517,#1518);
#1517 = CARTESIAN_POINT('',(0.,1.25,-16.93553390593));
#1518 = VECTOR('',#1519,1.);
#1519 = DIRECTION('',(0.,0.,1.));
#1520 = PCURVE('',#1420,#1521);
#1521 = DEFINITIONAL_REPRESENTATION('',(#1522),#1526);
#1522 = LINE('',#1523,#1524);
#1523 = CARTESIAN_POINT('',(0.,0.));
#1524 = VECTOR('',#1525,1.);
#1525 = DIRECTION('',(0.,1.));
#1526 = ( GEOMETRIC_REPRESENTATION_CONTEXT(2) 
PARAMETRIC_REPRESENTATION_CONTEXT() REPRESENTATION_CONTEXT('2D SPACE',''
  ) );
#1527 = PCURVE('',#1473,#1528);
#1528 = DEFINITIONAL_REPRESENTATION('',(#1529),#1533);
#1529 = LINE('',#1530,#1531);
#1530 = CARTESIAN_POINT('',(6.28318530718,0.));
#1531 = VECTOR('',#1532,1.);
#1532 = DIRECTION('',(0.,1.));
#1533 = ( GEOMETRIC_REPRESENTATION_CONTEXT(2) 
PARAMETRIC_REPRESENTATION_CONTEXT() REPRESENTATION_CONTEXT('2D SPACE',''
  ) );
#1534 = ADVANCED_FACE('',(#1535),#1473,.T.);
#1535 = FACE_BOUND('',#1536,.T.);
#1536 = EDGE_LOOP('',(#1537,#1538,#1560,#1561));
#1537 = ORIENTED_EDGE('',*,*,#1457,.F.);
#1538 = ORIENTED_EDGE('',*,*,#1539,.F.);
#1539 = EDGE_CURVE('',#1404,#1376,#1540,.T.);
#1540 = SURFACE_CURVE('',#1541,(#1546,#1553),.PCURVE_S1.);
#1541 = CIRCLE('',#1542,1.25);
#1542 = AXIS2_PLACEMENT_3D('',#1543,#1544,#1545);
#1543 = CARTESIAN_POINT('',(0.,0.,-2.2));
#1544 = DIRECTION('',(0.,0.,-1.));
#1545 = DIRECTION('',(0.,1.,0.));
#1546 = PCURVE('',#1473,#1547);
#1547 = DEFINITIONAL_REPRESENTATION('',(#1548),#1552);
#1548 = LINE('',#1549,#1550);
#1549 = CARTESIAN_POINT('',(6.28318530718,14.735533905933));
#1550 = VECTOR('',#1551,1.);
#1551 = DIRECTION('',(-1.,0.));
#1552 = ( GEOMETRIC_REPRESENTATION_CONTEXT(2) 
PARAMETRIC_REPRESENTATION_CONTEXT() REPRESENTATION_CONTEXT('2D SPACE',''
  ) );
#1553 = PCURVE('',#1391,#1554);
#1554 = DEFINITIONAL_REPRESENTATION('',(#1555),#1559);
#1555 = LINE('',#1556,#1557);
#1556 = CARTESIAN_POINT('',(6.28318530718,3.330669073875E-16));
#1557 = VECTOR('',#1558,1.);
#1558 = DIRECTION('',(-1.,-2.827159716856E-16));
#1559 = ( GEOMETRIC_REPRESENTATION_CONTEXT(2) 
PARAMETRIC_REPRESENTATION_CONTEXT() REPRESENTATION_CONTEXT('2D SPACE',''
  ) );
#1560 = ORIENTED_EDGE('',*,*,#1514,.T.);
#1561 = ORIENTED_EDGE('',*,*,#1562,.T.);
#1562 = EDGE_CURVE('',#1486,#1458,#1563,.T.);
#1563 = SURFACE_CURVE('',#1564,(#1569,#1576),.PCURVE_S1.);
#1564 = CIRCLE('',#1565,1.25);
#1565 = AXIS2_PLACEMENT_3D('',#1566,#1567,#1568);
#1566 = CARTESIAN_POINT('',(0.,0.,0.6));
#1567 = DIRECTION('',(-0.,-0.,-1.));
#1568 = DIRECTION('',(0.,-1.,0.));
#1569 = PCURVE('',#1473,#1570);
#1570 = DEFINITIONAL_REPRESENTATION('',(#1571),#1575);
#1571 = LINE('',#1572,#1573);
#1572 = CARTESIAN_POINT('',(9.424777960769,17.535533905933));
#1573 = VECTOR('',#1574,1.);
#1574 = DIRECTION('',(-1.,0.));
#1575 = ( GEOMETRIC_REPRESENTATION_CONTEXT(2) 
PARAMETRIC_REPRESENTATION_CONTEXT() REPRESENTATION_CONTEXT('2D SPACE',''
  ) );
#1576 = PCURVE('',#1502,#1577);
#1577 = DEFINITIONAL_REPRESENTATION('',(#1578),#1582);
#1578 = CIRCLE('',#1579,1.25);
#1579 = AXIS2_PLACEMENT_2D('',#1580,#1581);
#1580 = CARTESIAN_POINT('',(0.,0.));
#1581 = DIRECTION('',(1.,0.));
#1582 = ( GEOMETRIC_REPRESENTATION_CONTEXT(2) 
PARAMETRIC_REPRESENTATION_CONTEXT() REPRESENTATION_CONTEXT('2D SPACE',''
  ) );
#1583 = ADVANCED_FACE('',(#1584),#1363,.F.);
#1584 = FACE_BOUND('',#1585,.T.);
#1585 = EDGE_LOOP('',(#1586,#1587));
#1586 = ORIENTED_EDGE('',*,*,#1339,.F.);
#1587 = ORIENTED_EDGE('',*,*,#1588,.F.);
#1588 = EDGE_CURVE('',#1342,#1340,#1589,.T.);
#1589 = SURFACE_CURVE('',#1590,(#1595,#1602),.PCURVE_S1.);
#1590 = CIRCLE('',#1591,0.95);
#1591 = AXIS2_PLACEMENT_3D('',#1592,#1593,#1594);
#1592 = CARTESIAN_POINT('',(0.,0.,-2.5));
#1593 = DIRECTION('',(0.,-0.,1.));
#1594 = DIRECTION('',(0.,1.,0.));
#1595 = PCURVE('',#1363,#1596);
#1596 = DEFINITIONAL_REPRESENTATION('',(#1597),#1601);
#1597 = CIRCLE('',#1598,0.95);
#1598 = AXIS2_PLACEMENT_2D('',#1599,#1600);
#1599 = CARTESIAN_POINT('',(0.256213597756,-3.238960762841));
#1600 = DIRECTION('',(1.,0.));
#1601 = ( GEOMETRIC_REPRESENTATION_CONTEXT(2) 
PARAMETRIC_REPRESENTATION_CONTEXT() REPRESENTATION_CONTEXT('2D SPACE',''
  ) );
#1602 = PCURVE('',#1391,#1603);
#1603 = DEFINITIONAL_REPRESENTATION('',(#1604),#1608);
#1604 = LINE('',#1605,#1606);
#1605 = CARTESIAN_POINT('',(0.,-0.3));
#1606 = VECTOR('',#1607,1.);
#1607 = DIRECTION('',(1.,-2.748767735019E-16));
#1608 = ( GEOMETRIC_REPRESENTATION_CONTEXT(2) 
PARAMETRIC_REPRESENTATION_CONTEXT() REPRESENTATION_CONTEXT('2D SPACE',''
  ) );
#1609 = ADVANCED_FACE('',(#1610),#1502,.F.);
#1610 = FACE_BOUND('',#1611,.T.);
#1611 = EDGE_LOOP('',(#1612,#1613));
#1612 = ORIENTED_EDGE('',*,*,#1562,.F.);
#1613 = ORIENTED_EDGE('',*,*,#1485,.F.);
#1614 = ADVANCED_FACE('',(#1615),#1391,.T.);
#1615 = FACE_BOUND('',#1616,.T.);
#1616 = EDGE_LOOP('',(#1617,#1618,#1619,#1620));
#1617 = ORIENTED_EDGE('',*,*,#1375,.F.);
#1618 = ORIENTED_EDGE('',*,*,#1588,.T.);
#1619 = ORIENTED_EDGE('',*,*,#1432,.T.);
#1620 = ORIENTED_EDGE('',*,*,#1539,.T.);
#1621 = ( GEOMETRIC_REPRESENTATION_CONTEXT(3) 
GLOBAL_UNCERTAINTY_ASSIGNED_CONTEXT((#1625)) 
GLOBAL_UNIT_ASSIGNED_CONTEXT((#1622,#1623,#1624)) REPRESENTATION_CONTEXT
('Context #1','3D Context with UNIT and UNCERTAINTY') );
#1622 = ( LENGTH_UNIT() NAMED_UNIT(*) SI_UNIT(.MILLI.,.METRE.) );
#1623 = ( NAMED_UNIT(*) PLANE_ANGLE_UNIT() SI_UNIT($,.RADIAN.) );
#1624 = ( NAMED_UNIT(*) SI_UNIT($,.STERADIAN.) SOLID_ANGLE_UNIT() );
#1625 = UNCERTAINTY_MEASURE_WITH_UNIT(LENGTH_MEASURE(1.E-07),#1622,
  'distance_accuracy_value','confusion accuracy');
#1626 = PRODUCT_RELATED_PRODUCT_CATEGORY('part',$,(#1329));
#1627 = SHAPE_DEFINITION_REPRESENTATION(#1628,#1634);
#1628 = PRODUCT_DEFINITION_SHAPE('','',#1629);
#1629 = PRODUCT_DEFINITION('design','',#1630,#1633);
#1630 = PRODUCT_DEFINITION_FORMATION('','',#1631);
#1631 = PRODUCT('Contact_5','Contact_5','',(#1632));
#1632 = PRODUCT_CONTEXT('',#2,'mechanical');
#1633 = PRODUCT_DEFINITION_CONTEXT('part definition',#2,'design');
#1634 = ADVANCED_BREP_SHAPE_REPRESENTATION('',(#11,#1635),#3843);
#1635 = MANIFOLD_SOLID_BREP('',#1636);
#1636 = CLOSED_SHELL('',(#1637,#1990,#2330,#2459,#2536,#2631,#2733,#2861
    ,#2916,#3019,#3115,#3166,#3334,#3487,#3591,#3638,#3646,#3654,#3701,
    #3709,#3717,#3764,#3772,#3780,#3827,#3835));
#1637 = ADVANCED_FACE('',(#1638),#1652,.F.);
#1638 = FACE_BOUND('',#1639,.F.);
#1639 = EDGE_LOOP('',(#1640,#1675,#1708,#1736,#1765,#1793,#1826,#1854,
    #1883,#1911,#1940,#1963));
#1640 = ORIENTED_EDGE('',*,*,#1641,.F.);
#1641 = EDGE_CURVE('',#1642,#1644,#1646,.T.);
#1642 = VERTEX_POINT('',#1643);
#1643 = CARTESIAN_POINT('',(6.574318740551,7.85,3.936450774907));
#1644 = VERTEX_POINT('',#1645);
#1645 = CARTESIAN_POINT('',(6.574318740551,15.65,3.936450774907));
#1646 = SURFACE_CURVE('',#1647,(#1651,#1663),.PCURVE_S1.);
#1647 = LINE('',#1648,#1649);
#1648 = CARTESIAN_POINT('',(6.574318740551,7.85,3.936450774907));
#1649 = VECTOR('',#1650,1.);
#1650 = DIRECTION('',(0.,1.,0.));
#1651 = PCURVE('',#1652,#1657);
#1652 = CYLINDRICAL_SURFACE('',#1653,0.75);
#1653 = AXIS2_PLACEMENT_3D('',#1654,#1655,#1656);
#1654 = CARTESIAN_POINT('',(7.2,15.65,4.35));
#1655 = DIRECTION('',(0.,-1.,-0.));
#1656 = DIRECTION('',(1.,0.,0.));
#1657 = DEFINITIONAL_REPRESENTATION('',(#1658),#1662);
#1658 = LINE('',#1659,#1660);
#1659 = CARTESIAN_POINT('',(3.725632896197,7.8));
#1660 = VECTOR('',#1661,1.);
#1661 = DIRECTION('',(0.,-1.));
#1662 = ( GEOMETRIC_REPRESENTATION_CONTEXT(2) 
PARAMETRIC_REPRESENTATION_CONTEXT() REPRESENTATION_CONTEXT('2D SPACE',''
  ) );
#1663 = PCURVE('',#1664,#1669);
#1664 = PLANE('',#1665);
#1665 = AXIS2_PLACEMENT_3D('',#1666,#1667,#1668);
#1666 = CARTESIAN_POINT('',(5.50440029116,7.85,2.866532325516));
#1667 = DIRECTION('',(-0.707106781187,0.,0.707106781187));
#1668 = DIRECTION('',(0.707106781187,0.,0.707106781187));
#1669 = DEFINITIONAL_REPRESENTATION('',(#1670),#1674);
#1670 = LINE('',#1671,#1672);
#1671 = CARTESIAN_POINT('',(1.513093181762,0.));
#1672 = VECTOR('',#1673,1.);
#1673 = DIRECTION('',(0.,1.));
#1674 = ( GEOMETRIC_REPRESENTATION_CONTEXT(2) 
PARAMETRIC_REPRESENTATION_CONTEXT() REPRESENTATION_CONTEXT('2D SPACE',''
  ) );
#1675 = ORIENTED_EDGE('',*,*,#1676,.T.);
#1676 = EDGE_CURVE('',#1642,#1677,#1679,.T.);
#1677 = VERTEX_POINT('',#1678);
#1678 = CARTESIAN_POINT('',(6.786450774907,7.85,3.724318740551));
#1679 = SURFACE_CURVE('',#1680,(#1685,#1692),.PCURVE_S1.);
#1680 = CIRCLE('',#1681,0.75);
#1681 = AXIS2_PLACEMENT_3D('',#1682,#1683,#1684);
#1682 = CARTESIAN_POINT('',(7.2,7.85,4.35));
#1683 = DIRECTION('',(-0.,-1.,-0.));
#1684 = DIRECTION('',(-1.,0.,0.));
#1685 = PCURVE('',#1652,#1686);
#1686 = DEFINITIONAL_REPRESENTATION('',(#1687),#1691);
#1687 = LINE('',#1688,#1689);
#1688 = CARTESIAN_POINT('',(3.14159265359,7.8));
#1689 = VECTOR('',#1690,1.);
#1690 = DIRECTION('',(1.,0.));
#1691 = ( GEOMETRIC_REPRESENTATION_CONTEXT(2) 
PARAMETRIC_REPRESENTATION_CONTEXT() REPRESENTATION_CONTEXT('2D SPACE',''
  ) );
#1692 = PCURVE('',#1693,#1698);
#1693 = PLANE('',#1694);
#1694 = AXIS2_PLACEMENT_3D('',#1695,#1696,#1697);
#1695 = CARTESIAN_POINT('',(7.2,7.85,4.35));
#1696 = DIRECTION('',(0.,1.,0.));
#1697 = DIRECTION('',(-1.,0.,0.));
#1698 = DEFINITIONAL_REPRESENTATION('',(#1699),#1707);
#1699 = ( BOUNDED_CURVE() B_SPLINE_CURVE(2,(#1700,#1701,#1702,#1703,
#1704,#1705,#1706),.UNSPECIFIED.,.T.,.F.) B_SPLINE_CURVE_WITH_KNOTS((1,2
    ,2,2,2,1),(-2.094395102393,0.,2.094395102393,4.188790204786,
6.28318530718,8.377580409573),.UNSPECIFIED.) CURVE() 
GEOMETRIC_REPRESENTATION_ITEM() RATIONAL_B_SPLINE_CURVE((1.,0.5,1.,0.5,
1.,0.5,1.)) REPRESENTATION_ITEM('') );
#1700 = CARTESIAN_POINT('',(0.75,0.));
#1701 = CARTESIAN_POINT('',(0.75,-1.299038105677));
#1702 = CARTESIAN_POINT('',(-0.375,-0.649519052838));
#1703 = CARTESIAN_POINT('',(-1.5,-1.836970198721E-16));
#1704 = CARTESIAN_POINT('',(-0.375,0.649519052838));
#1705 = CARTESIAN_POINT('',(0.75,1.299038105677));
#1706 = CARTESIAN_POINT('',(0.75,0.));
#1707 = ( GEOMETRIC_REPRESENTATION_CONTEXT(2) 
PARAMETRIC_REPRESENTATION_CONTEXT() REPRESENTATION_CONTEXT('2D SPACE',''
  ) );
#1708 = ORIENTED_EDGE('',*,*,#1709,.T.);
#1709 = EDGE_CURVE('',#1677,#1710,#1712,.T.);
#1710 = VERTEX_POINT('',#1711);
#1711 = CARTESIAN_POINT('',(6.786450774907,15.65,3.724318740551));
#1712 = SURFACE_CURVE('',#1713,(#1717,#1724),.PCURVE_S1.);
#1713 = LINE('',#1714,#1715);
#1714 = CARTESIAN_POINT('',(6.786450774907,7.85,3.724318740551));
#1715 = VECTOR('',#1716,1.);
#1716 = DIRECTION('',(0.,1.,0.));
#1717 = PCURVE('',#1652,#1718);
#1718 = DEFINITIONAL_REPRESENTATION('',(#1719),#1723);
#1719 = LINE('',#1720,#1721);
#1720 = CARTESIAN_POINT('',(4.128348737778,7.8));
#1721 = VECTOR('',#1722,1.);
#1722 = DIRECTION('',(0.,-1.));
#1723 = ( GEOMETRIC_REPRESENTATION_CONTEXT(2) 
PARAMETRIC_REPRESENTATION_CONTEXT() REPRESENTATION_CONTEXT('2D SPACE',''
  ) );
#1724 = PCURVE('',#1725,#1730);
#1725 = PLANE('',#1726);
#1726 = AXIS2_PLACEMENT_3D('',#1727,#1728,#1729);
#1727 = CARTESIAN_POINT('',(5.716532325516,7.85,2.654400291161));
#1728 = DIRECTION('',(0.707106781187,0.,-0.707106781187));
#1729 = DIRECTION('',(-0.707106781187,0.,-0.707106781187));
#1730 = DEFINITIONAL_REPRESENTATION('',(#1731),#1735);
#1731 = LINE('',#1732,#1733);
#1732 = CARTESIAN_POINT('',(-1.513093181762,0.));
#1733 = VECTOR('',#1734,1.);
#1734 = DIRECTION('',(0.,1.));
#1735 = ( GEOMETRIC_REPRESENTATION_CONTEXT(2) 
PARAMETRIC_REPRESENTATION_CONTEXT() REPRESENTATION_CONTEXT('2D SPACE',''
  ) );
#1736 = ORIENTED_EDGE('',*,*,#1737,.F.);
#1737 = EDGE_CURVE('',#1738,#1710,#1740,.T.);
#1738 = VERTEX_POINT('',#1739);
#1739 = CARTESIAN_POINT('',(7.613549225093,15.65,3.724318740551));
#1740 = SURFACE_CURVE('',#1741,(#1746,#1753),.PCURVE_S1.);
#1741 = CIRCLE('',#1742,0.75);
#1742 = AXIS2_PLACEMENT_3D('',#1743,#1744,#1745);
#1743 = CARTESIAN_POINT('',(7.2,15.65,4.35));
#1744 = DIRECTION('',(0.,1.,-0.));
#1745 = DIRECTION('',(-1.,0.,0.));
#1746 = PCURVE('',#1652,#1747);
#1747 = DEFINITIONAL_REPRESENTATION('',(#1748),#1752);
#1748 = LINE('',#1749,#1750);
#1749 = CARTESIAN_POINT('',(9.424777960769,0.));
#1750 = VECTOR('',#1751,1.);
#1751 = DIRECTION('',(-1.,0.));
#1752 = ( GEOMETRIC_REPRESENTATION_CONTEXT(2) 
PARAMETRIC_REPRESENTATION_CONTEXT() REPRESENTATION_CONTEXT('2D SPACE',''
  ) );
#1753 = PCURVE('',#1754,#1759);
#1754 = PLANE('',#1755);
#1755 = AXIS2_PLACEMENT_3D('',#1756,#1757,#1758);
#1756 = CARTESIAN_POINT('',(7.2,15.65,4.35));
#1757 = DIRECTION('',(0.,1.,0.));
#1758 = DIRECTION('',(-1.,0.,0.));
#1759 = DEFINITIONAL_REPRESENTATION('',(#1760),#1764);
#1760 = CIRCLE('',#1761,0.75);
#1761 = AXIS2_PLACEMENT_2D('',#1762,#1763);
#1762 = CARTESIAN_POINT('',(0.,0.));
#1763 = DIRECTION('',(1.,0.));
#1764 = ( GEOMETRIC_REPRESENTATION_CONTEXT(2) 
PARAMETRIC_REPRESENTATION_CONTEXT() REPRESENTATION_CONTEXT('2D SPACE',''
  ) );
#1765 = ORIENTED_EDGE('',*,*,#1766,.F.);
#1766 = EDGE_CURVE('',#1767,#1738,#1769,.T.);
#1767 = VERTEX_POINT('',#1768);
#1768 = CARTESIAN_POINT('',(7.613549225093,7.85,3.724318740551));
#1769 = SURFACE_CURVE('',#1770,(#1774,#1781),.PCURVE_S1.);
#1770 = LINE('',#1771,#1772);
#1771 = CARTESIAN_POINT('',(7.613549225093,7.85,3.724318740551));
#1772 = VECTOR('',#1773,1.);
#1773 = DIRECTION('',(0.,1.,0.));
#1774 = PCURVE('',#1652,#1775);
#1775 = DEFINITIONAL_REPRESENTATION('',(#1776),#1780);
#1776 = LINE('',#1777,#1778);
#1777 = CARTESIAN_POINT('',(5.296429222992,7.8));
#1778 = VECTOR('',#1779,1.);
#1779 = DIRECTION('',(0.,-1.));
#1780 = ( GEOMETRIC_REPRESENTATION_CONTEXT(2) 
PARAMETRIC_REPRESENTATION_CONTEXT() REPRESENTATION_CONTEXT('2D SPACE',''
  ) );
#1781 = PCURVE('',#1782,#1787);
#1782 = PLANE('',#1783);
#1783 = AXIS2_PLACEMENT_3D('',#1784,#1785,#1786);
#1784 = CARTESIAN_POINT('',(8.683467674484,7.85,2.654400291161));
#1785 = DIRECTION('',(-0.707106781187,0.,-0.707106781187));
#1786 = DIRECTION('',(-0.707106781187,0.,0.707106781187));
#1787 = DEFINITIONAL_REPRESENTATION('',(#1788),#1792);
#1788 = LINE('',#1789,#1790);
#1789 = CARTESIAN_POINT('',(1.513093181762,0.));
#1790 = VECTOR('',#1791,1.);
#1791 = DIRECTION('',(0.,1.));
#1792 = ( GEOMETRIC_REPRESENTATION_CONTEXT(2) 
PARAMETRIC_REPRESENTATION_CONTEXT() REPRESENTATION_CONTEXT('2D SPACE',''
  ) );
#1793 = ORIENTED_EDGE('',*,*,#1794,.T.);
#1794 = EDGE_CURVE('',#1767,#1795,#1797,.T.);
#1795 = VERTEX_POINT('',#1796);
#1796 = CARTESIAN_POINT('',(7.825681259449,7.85,3.936450774907));
#1797 = SURFACE_CURVE('',#1798,(#1803,#1810),.PCURVE_S1.);
#1798 = CIRCLE('',#1799,0.75);
#1799 = AXIS2_PLACEMENT_3D('',#1800,#1801,#1802);
#1800 = CARTESIAN_POINT('',(7.2,7.85,4.35));
#1801 = DIRECTION('',(-0.,-1.,-0.));
#1802 = DIRECTION('',(-1.,0.,0.));
#1803 = PCURVE('',#1652,#1804);
#1804 = DEFINITIONAL_REPRESENTATION('',(#1805),#1809);
#1805 = LINE('',#1806,#1807);
#1806 = CARTESIAN_POINT('',(3.14159265359,7.8));
#1807 = VECTOR('',#1808,1.);
#1808 = DIRECTION('',(1.,0.));
#1809 = ( GEOMETRIC_REPRESENTATION_CONTEXT(2) 
PARAMETRIC_REPRESENTATION_CONTEXT() REPRESENTATION_CONTEXT('2D SPACE',''
  ) );
#1810 = PCURVE('',#1811,#1816);
#1811 = PLANE('',#1812);
#1812 = AXIS2_PLACEMENT_3D('',#1813,#1814,#1815);
#1813 = CARTESIAN_POINT('',(7.2,7.85,4.35));
#1814 = DIRECTION('',(0.,1.,0.));
#1815 = DIRECTION('',(-1.,0.,0.));
#1816 = DEFINITIONAL_REPRESENTATION('',(#1817),#1825);
#1817 = ( BOUNDED_CURVE() B_SPLINE_CURVE(2,(#1818,#1819,#1820,#1821,
#1822,#1823,#1824),.UNSPECIFIED.,.T.,.F.) B_SPLINE_CURVE_WITH_KNOTS((1,2
    ,2,2,2,1),(-2.094395102393,0.,2.094395102393,4.188790204786,
6.28318530718,8.377580409573),.UNSPECIFIED.) CURVE() 
GEOMETRIC_REPRESENTATION_ITEM() RATIONAL_B_SPLINE_CURVE((1.,0.5,1.,0.5,
1.,0.5,1.)) REPRESENTATION_ITEM('') );
#1818 = CARTESIAN_POINT('',(0.75,0.));
#1819 = CARTESIAN_POINT('',(0.75,-1.299038105677));
#1820 = CARTESIAN_POINT('',(-0.375,-0.649519052838));
#1821 = CARTESIAN_POINT('',(-1.5,-1.836970198721E-16));
#1822 = CARTESIAN_POINT('',(-0.375,0.649519052838));
#1823 = CARTESIAN_POINT('',(0.75,1.299038105677));
#1824 = CARTESIAN_POINT('',(0.75,0.));
#1825 = ( GEOMETRIC_REPRESENTATION_CONTEXT(2) 
PARAMETRIC_REPRESENTATION_CONTEXT() REPRESENTATION_CONTEXT('2D SPACE',''
  ) );
#1826 = ORIENTED_EDGE('',*,*,#1827,.T.);
#1827 = EDGE_CURVE('',#1795,#1828,#1830,.T.);
#1828 = VERTEX_POINT('',#1829);
#1829 = CARTESIAN_POINT('',(7.825681259449,15.65,3.936450774907));
#1830 = SURFACE_CURVE('',#1831,(#1835,#1842),.PCURVE_S1.);
#1831 = LINE('',#1832,#1833);
#1832 = CARTESIAN_POINT('',(7.825681259449,7.85,3.936450774907));
#1833 = VECTOR('',#1834,1.);
#1834 = DIRECTION('',(0.,1.,0.));
#1835 = PCURVE('',#1652,#1836);
#1836 = DEFINITIONAL_REPRESENTATION('',(#1837),#1841);
#1837 = LINE('',#1838,#1839);
#1838 = CARTESIAN_POINT('',(5.699145064572,7.8));
#1839 = VECTOR('',#1840,1.);
#1840 = DIRECTION('',(0.,-1.));
#1841 = ( GEOMETRIC_REPRESENTATION_CONTEXT(2) 
PARAMETRIC_REPRESENTATION_CONTEXT() REPRESENTATION_CONTEXT('2D SPACE',''
  ) );
#1842 = PCURVE('',#1843,#1848);
#1843 = PLANE('',#1844);
#1844 = AXIS2_PLACEMENT_3D('',#1845,#1846,#1847);
#1845 = CARTESIAN_POINT('',(8.895599708839,7.85,2.866532325516));
#1846 = DIRECTION('',(0.707106781187,0.,0.707106781187));
#1847 = DIRECTION('',(0.707106781187,0.,-0.707106781187));
#1848 = DEFINITIONAL_REPRESENTATION('',(#1849),#1853);
#1849 = LINE('',#1850,#1851);
#1850 = CARTESIAN_POINT('',(-1.513093181762,0.));
#1851 = VECTOR('',#1852,1.);
#1852 = DIRECTION('',(0.,1.));
#1853 = ( GEOMETRIC_REPRESENTATION_CONTEXT(2) 
PARAMETRIC_REPRESENTATION_CONTEXT() REPRESENTATION_CONTEXT('2D SPACE',''
  ) );
#1854 = ORIENTED_EDGE('',*,*,#1855,.F.);
#1855 = EDGE_CURVE('',#1856,#1828,#1858,.T.);
#1856 = VERTEX_POINT('',#1857);
#1857 = CARTESIAN_POINT('',(7.95,15.65,4.35));
#1858 = SURFACE_CURVE('',#1859,(#1864,#1871),.PCURVE_S1.);
#1859 = CIRCLE('',#1860,0.75);
#1860 = AXIS2_PLACEMENT_3D('',#1861,#1862,#1863);
#1861 = CARTESIAN_POINT('',(7.2,15.65,4.35));
#1862 = DIRECTION('',(0.,1.,-0.));
#1863 = DIRECTION('',(-1.,0.,0.));
#1864 = PCURVE('',#1652,#1865);
#1865 = DEFINITIONAL_REPRESENTATION('',(#1866),#1870);
#1866 = LINE('',#1867,#1868);
#1867 = CARTESIAN_POINT('',(9.424777960769,0.));
#1868 = VECTOR('',#1869,1.);
#1869 = DIRECTION('',(-1.,0.));
#1870 = ( GEOMETRIC_REPRESENTATION_CONTEXT(2) 
PARAMETRIC_REPRESENTATION_CONTEXT() REPRESENTATION_CONTEXT('2D SPACE',''
  ) );
#1871 = PCURVE('',#1872,#1877);
#1872 = PLANE('',#1873);
#1873 = AXIS2_PLACEMENT_3D('',#1874,#1875,#1876);
#1874 = CARTESIAN_POINT('',(7.2,15.65,4.35));
#1875 = DIRECTION('',(0.,1.,0.));
#1876 = DIRECTION('',(-1.,0.,0.));
#1877 = DEFINITIONAL_REPRESENTATION('',(#1878),#1882);
#1878 = CIRCLE('',#1879,0.75);
#1879 = AXIS2_PLACEMENT_2D('',#1880,#1881);
#1880 = CARTESIAN_POINT('',(0.,0.));
#1881 = DIRECTION('',(1.,0.));
#1882 = ( GEOMETRIC_REPRESENTATION_CONTEXT(2) 
PARAMETRIC_REPRESENTATION_CONTEXT() REPRESENTATION_CONTEXT('2D SPACE',''
  ) );
#1883 = ORIENTED_EDGE('',*,*,#1884,.T.);
#1884 = EDGE_CURVE('',#1856,#1885,#1887,.T.);
#1885 = VERTEX_POINT('',#1886);
#1886 = CARTESIAN_POINT('',(7.95,7.65,4.35));
#1887 = SURFACE_CURVE('',#1888,(#1892,#1899),.PCURVE_S1.);
#1888 = LINE('',#1889,#1890);
#1889 = CARTESIAN_POINT('',(7.95,15.65,4.35));
#1890 = VECTOR('',#1891,1.);
#1891 = DIRECTION('',(0.,-1.,-0.));
#1892 = PCURVE('',#1652,#1893);
#1893 = DEFINITIONAL_REPRESENTATION('',(#1894),#1898);
#1894 = LINE('',#1895,#1896);
#1895 = CARTESIAN_POINT('',(6.28318530718,0.));
#1896 = VECTOR('',#1897,1.);
#1897 = DIRECTION('',(0.,1.));
#1898 = ( GEOMETRIC_REPRESENTATION_CONTEXT(2) 
PARAMETRIC_REPRESENTATION_CONTEXT() REPRESENTATION_CONTEXT('2D SPACE',''
  ) );
#1899 = PCURVE('',#1900,#1905);
#1900 = CYLINDRICAL_SURFACE('',#1901,0.75);
#1901 = AXIS2_PLACEMENT_3D('',#1902,#1903,#1904);
#1902 = CARTESIAN_POINT('',(7.2,15.65,4.35));
#1903 = DIRECTION('',(0.,-1.,-0.));
#1904 = DIRECTION('',(1.,0.,0.));
#1905 = DEFINITIONAL_REPRESENTATION('',(#1906),#1910);
#1906 = LINE('',#1907,#1908);
#1907 = CARTESIAN_POINT('',(0.,0.));
#1908 = VECTOR('',#1909,1.);
#1909 = DIRECTION('',(0.,1.));
#1910 = ( GEOMETRIC_REPRESENTATION_CONTEXT(2) 
PARAMETRIC_REPRESENTATION_CONTEXT() REPRESENTATION_CONTEXT('2D SPACE',''
  ) );
#1911 = ORIENTED_EDGE('',*,*,#1912,.T.);
#1912 = EDGE_CURVE('',#1885,#1913,#1915,.T.);
#1913 = VERTEX_POINT('',#1914);
#1914 = CARTESIAN_POINT('',(6.45,7.65,4.35));
#1915 = SURFACE_CURVE('',#1916,(#1921,#1928),.PCURVE_S1.);
#1916 = CIRCLE('',#1917,0.75);
#1917 = AXIS2_PLACEMENT_3D('',#1918,#1919,#1920);
#1918 = CARTESIAN_POINT('',(7.2,7.65,4.35));
#1919 = DIRECTION('',(0.,1.,-0.));
#1920 = DIRECTION('',(-1.,0.,0.));
#1921 = PCURVE('',#1652,#1922);
#1922 = DEFINITIONAL_REPRESENTATION('',(#1923),#1927);
#1923 = LINE('',#1924,#1925);
#1924 = CARTESIAN_POINT('',(9.424777960769,8.));
#1925 = VECTOR('',#1926,1.);
#1926 = DIRECTION('',(-1.,0.));
#1927 = ( GEOMETRIC_REPRESENTATION_CONTEXT(2) 
PARAMETRIC_REPRESENTATION_CONTEXT() REPRESENTATION_CONTEXT('2D SPACE',''
  ) );
#1928 = PCURVE('',#1929,#1934);
#1929 = PLANE('',#1930);
#1930 = AXIS2_PLACEMENT_3D('',#1931,#1932,#1933);
#1931 = CARTESIAN_POINT('',(7.2,7.65,4.35));
#1932 = DIRECTION('',(0.,1.,0.));
#1933 = DIRECTION('',(-1.,0.,0.));
#1934 = DEFINITIONAL_REPRESENTATION('',(#1935),#1939);
#1935 = CIRCLE('',#1936,0.75);
#1936 = AXIS2_PLACEMENT_2D('',#1937,#1938);
#1937 = CARTESIAN_POINT('',(0.,0.));
#1938 = DIRECTION('',(1.,0.));
#1939 = ( GEOMETRIC_REPRESENTATION_CONTEXT(2) 
PARAMETRIC_REPRESENTATION_CONTEXT() REPRESENTATION_CONTEXT('2D SPACE',''
  ) );
#1940 = ORIENTED_EDGE('',*,*,#1941,.F.);
#1941 = EDGE_CURVE('',#1942,#1913,#1944,.T.);
#1942 = VERTEX_POINT('',#1943);
#1943 = CARTESIAN_POINT('',(6.45,15.65,4.35));
#1944 = SURFACE_CURVE('',#1945,(#1949,#1956),.PCURVE_S1.);
#1945 = LINE('',#1946,#1947);
#1946 = CARTESIAN_POINT('',(6.45,15.65,4.35));
#1947 = VECTOR('',#1948,1.);
#1948 = DIRECTION('',(0.,-1.,-0.));
#1949 = PCURVE('',#1652,#1950);
#1950 = DEFINITIONAL_REPRESENTATION('',(#1951),#1955);
#1951 = LINE('',#1952,#1953);
#1952 = CARTESIAN_POINT('',(3.14159265359,0.));
#1953 = VECTOR('',#1954,1.);
#1954 = DIRECTION('',(0.,1.));
#1955 = ( GEOMETRIC_REPRESENTATION_CONTEXT(2) 
PARAMETRIC_REPRESENTATION_CONTEXT() REPRESENTATION_CONTEXT('2D SPACE',''
  ) );
#1956 = PCURVE('',#1900,#1957);
#1957 = DEFINITIONAL_REPRESENTATION('',(#1958),#1962);
#1958 = LINE('',#1959,#1960);
#1959 = CARTESIAN_POINT('',(3.14159265359,0.));
#1960 = VECTOR('',#1961,1.);
#1961 = DIRECTION('',(0.,1.));
#1962 = ( GEOMETRIC_REPRESENTATION_CONTEXT(2) 
PARAMETRIC_REPRESENTATION_CONTEXT() REPRESENTATION_CONTEXT('2D SPACE',''
  ) );
#1963 = ORIENTED_EDGE('',*,*,#1964,.F.);
#1964 = EDGE_CURVE('',#1644,#1942,#1965,.T.);
#1965 = SURFACE_CURVE('',#1966,(#1971,#1978),.PCURVE_S1.);
#1966 = CIRCLE('',#1967,0.75);
#1967 = AXIS2_PLACEMENT_3D('',#1968,#1969,#1970);
#1968 = CARTESIAN_POINT('',(7.2,15.65,4.35));
#1969 = DIRECTION('',(0.,1.,-0.));
#1970 = DIRECTION('',(-1.,0.,0.));
#1971 = PCURVE('',#1652,#1972);
#1972 = DEFINITIONAL_REPRESENTATION('',(#1973),#1977);
#1973 = LINE('',#1974,#1975);
#1974 = CARTESIAN_POINT('',(9.424777960769,0.));
#1975 = VECTOR('',#1976,1.);
#1976 = DIRECTION('',(-1.,0.));
#1977 = ( GEOMETRIC_REPRESENTATION_CONTEXT(2) 
PARAMETRIC_REPRESENTATION_CONTEXT() REPRESENTATION_CONTEXT('2D SPACE',''
  ) );
#1978 = PCURVE('',#1979,#1984);
#1979 = PLANE('',#1980);
#1980 = AXIS2_PLACEMENT_3D('',#1981,#1982,#1983);
#1981 = CARTESIAN_POINT('',(7.2,15.65,4.35));
#1982 = DIRECTION('',(0.,1.,0.));
#1983 = DIRECTION('',(-1.,0.,0.));
#1984 = DEFINITIONAL_REPRESENTATION('',(#1985),#1989);
#1985 = CIRCLE('',#1986,0.75);
#1986 = AXIS2_PLACEMENT_2D('',#1987,#1988);
#1987 = CARTESIAN_POINT('',(0.,0.));
#1988 = DIRECTION('',(1.,0.));
#1989 = ( GEOMETRIC_REPRESENTATION_CONTEXT(2) 
PARAMETRIC_REPRESENTATION_CONTEXT() REPRESENTATION_CONTEXT('2D SPACE',''
  ) );
#1990 = ADVANCED_FACE('',(#1991),#2006,.T.);
#1991 = FACE_BOUND('',#1992,.T.);
#1992 = EDGE_LOOP('',(#1993,#2029,#2057,#2081,#2104,#2133,#2161,#2190,
    #2218,#2247,#2275,#2304));
#1993 = ORIENTED_EDGE('',*,*,#1994,.T.);
#1994 = EDGE_CURVE('',#1995,#1997,#1999,.T.);
#1995 = VERTEX_POINT('',#1996);
#1996 = CARTESIAN_POINT('',(5.612802658462,15.15,5.725065307182));
#1997 = VERTEX_POINT('',#1998);
#1998 = CARTESIAN_POINT('',(5.1,15.15,4.35));
#1999 = SURFACE_CURVE('',#2000,(#2005,#2017),.PCURVE_S1.);
#2000 = CIRCLE('',#2001,2.1);
#2001 = AXIS2_PLACEMENT_3D('',#2002,#2003,#2004);
#2002 = CARTESIAN_POINT('',(7.2,15.15,4.35));
#2003 = DIRECTION('',(0.,-1.,-0.));
#2004 = DIRECTION('',(-1.,0.,-2.658876756333E-15));
#2005 = PCURVE('',#2006,#2011);
#2006 = CYLINDRICAL_SURFACE('',#2007,2.1);
#2007 = AXIS2_PLACEMENT_3D('',#2008,#2009,#2010);
#2008 = CARTESIAN_POINT('',(7.2,15.65,4.35));
#2009 = DIRECTION('',(0.,-1.,-0.));
#2010 = DIRECTION('',(1.,0.,0.));
#2011 = DEFINITIONAL_REPRESENTATION('',(#2012),#2016);
#2012 = LINE('',#2013,#2014);
#2013 = CARTESIAN_POINT('',(-3.14159265359,0.5));
#2014 = VECTOR('',#2015,1.);
#2015 = DIRECTION('',(1.,0.));
#2016 = ( GEOMETRIC_REPRESENTATION_CONTEXT(2) 
PARAMETRIC_REPRESENTATION_CONTEXT() REPRESENTATION_CONTEXT('2D SPACE',''
  ) );
#2017 = PCURVE('',#2018,#2023);
#2018 = TOROIDAL_SURFACE('',#2019,1.6,0.5);
#2019 = AXIS2_PLACEMENT_3D('',#2020,#2021,#2022);
#2020 = CARTESIAN_POINT('',(7.2,15.15,4.35));
#2021 = DIRECTION('',(0.,1.,0.));
#2022 = DIRECTION('',(-1.,0.,0.));
#2023 = DEFINITIONAL_REPRESENTATION('',(#2024),#2028);
#2024 = LINE('',#2025,#2026);
#2025 = CARTESIAN_POINT('',(6.28318530718,0.));
#2026 = VECTOR('',#2027,1.);
#2027 = DIRECTION('',(-1.,0.));
#2028 = ( GEOMETRIC_REPRESENTATION_CONTEXT(2) 
PARAMETRIC_REPRESENTATION_CONTEXT() REPRESENTATION_CONTEXT('2D SPACE',''
  ) );
#2029 = ORIENTED_EDGE('',*,*,#2030,.T.);
#2030 = EDGE_CURVE('',#1997,#2031,#2033,.T.);
#2031 = VERTEX_POINT('',#2032);
#2032 = CARTESIAN_POINT('',(5.1,7.65,4.35));
#2033 = SURFACE_CURVE('',#2034,(#2038,#2045),.PCURVE_S1.);
#2034 = LINE('',#2035,#2036);
#2035 = CARTESIAN_POINT('',(5.1,15.65,4.35));
#2036 = VECTOR('',#2037,1.);
#2037 = DIRECTION('',(0.,-1.,-0.));
#2038 = PCURVE('',#2006,#2039);
#2039 = DEFINITIONAL_REPRESENTATION('',(#2040),#2044);
#2040 = LINE('',#2041,#2042);
#2041 = CARTESIAN_POINT('',(3.14159265359,0.));
#2042 = VECTOR('',#2043,1.);
#2043 = DIRECTION('',(0.,1.));
#2044 = ( GEOMETRIC_REPRESENTATION_CONTEXT(2) 
PARAMETRIC_REPRESENTATION_CONTEXT() REPRESENTATION_CONTEXT('2D SPACE',''
  ) );
#2045 = PCURVE('',#2046,#2051);
#2046 = CYLINDRICAL_SURFACE('',#2047,2.1);
#2047 = AXIS2_PLACEMENT_3D('',#2048,#2049,#2050);
#2048 = CARTESIAN_POINT('',(7.2,15.65,4.35));
#2049 = DIRECTION('',(0.,-1.,-0.));
#2050 = DIRECTION('',(1.,0.,0.));
#2051 = DEFINITIONAL_REPRESENTATION('',(#2052),#2056);
#2052 = LINE('',#2053,#2054);
#2053 = CARTESIAN_POINT('',(3.14159265359,0.));
#2054 = VECTOR('',#2055,1.);
#2055 = DIRECTION('',(0.,1.));
#2056 = ( GEOMETRIC_REPRESENTATION_CONTEXT(2) 
PARAMETRIC_REPRESENTATION_CONTEXT() REPRESENTATION_CONTEXT('2D SPACE',''
  ) );
#2057 = ORIENTED_EDGE('',*,*,#2058,.T.);
#2058 = EDGE_CURVE('',#2031,#2059,#2061,.T.);
#2059 = VERTEX_POINT('',#2060);
#2060 = CARTESIAN_POINT('',(9.3,7.65,4.35));
#2061 = SURFACE_CURVE('',#2062,(#2067,#2074),.PCURVE_S1.);
#2062 = CIRCLE('',#2063,2.1);
#2063 = AXIS2_PLACEMENT_3D('',#2064,#2065,#2066);
#2064 = CARTESIAN_POINT('',(7.2,7.65,4.35));
#2065 = DIRECTION('',(0.,1.,-0.));
#2066 = DIRECTION('',(-1.,0.,0.));
#2067 = PCURVE('',#2006,#2068);
#2068 = DEFINITIONAL_REPRESENTATION('',(#2069),#2073);
#2069 = LINE('',#2070,#2071);
#2070 = CARTESIAN_POINT('',(3.14159265359,8.));
#2071 = VECTOR('',#2072,1.);
#2072 = DIRECTION('',(-1.,0.));
#2073 = ( GEOMETRIC_REPRESENTATION_CONTEXT(2) 
PARAMETRIC_REPRESENTATION_CONTEXT() REPRESENTATION_CONTEXT('2D SPACE',''
  ) );
#2074 = PCURVE('',#1929,#2075);
#2075 = DEFINITIONAL_REPRESENTATION('',(#2076),#2080);
#2076 = CIRCLE('',#2077,2.1);
#2077 = AXIS2_PLACEMENT_2D('',#2078,#2079);
#2078 = CARTESIAN_POINT('',(0.,0.));
#2079 = DIRECTION('',(1.,0.));
#2080 = ( GEOMETRIC_REPRESENTATION_CONTEXT(2) 
PARAMETRIC_REPRESENTATION_CONTEXT() REPRESENTATION_CONTEXT('2D SPACE',''
  ) );
#2081 = ORIENTED_EDGE('',*,*,#2082,.F.);
#2082 = EDGE_CURVE('',#2083,#2059,#2085,.T.);
#2083 = VERTEX_POINT('',#2084);
#2084 = CARTESIAN_POINT('',(9.3,15.15,4.35));
#2085 = SURFACE_CURVE('',#2086,(#2090,#2097),.PCURVE_S1.);
#2086 = LINE('',#2087,#2088);
#2087 = CARTESIAN_POINT('',(9.3,15.65,4.35));
#2088 = VECTOR('',#2089,1.);
#2089 = DIRECTION('',(0.,-1.,-0.));
#2090 = PCURVE('',#2006,#2091);
#2091 = DEFINITIONAL_REPRESENTATION('',(#2092),#2096);
#2092 = LINE('',#2093,#2094);
#2093 = CARTESIAN_POINT('',(0.,0.));
#2094 = VECTOR('',#2095,1.);
#2095 = DIRECTION('',(0.,1.));
#2096 = ( GEOMETRIC_REPRESENTATION_CONTEXT(2) 
PARAMETRIC_REPRESENTATION_CONTEXT() REPRESENTATION_CONTEXT('2D SPACE',''
  ) );
#2097 = PCURVE('',#2046,#2098);
#2098 = DEFINITIONAL_REPRESENTATION('',(#2099),#2103);
#2099 = LINE('',#2100,#2101);
#2100 = CARTESIAN_POINT('',(6.28318530718,0.));
#2101 = VECTOR('',#2102,1.);
#2102 = DIRECTION('',(0.,1.));
#2103 = ( GEOMETRIC_REPRESENTATION_CONTEXT(2) 
PARAMETRIC_REPRESENTATION_CONTEXT() REPRESENTATION_CONTEXT('2D SPACE',''
  ) );
#2104 = ORIENTED_EDGE('',*,*,#2105,.T.);
#2105 = EDGE_CURVE('',#2083,#2106,#2108,.T.);
#2106 = VERTEX_POINT('',#2107);
#2107 = CARTESIAN_POINT('',(8.787197341538,15.15,5.725065307182));
#2108 = SURFACE_CURVE('',#2109,(#2114,#2121),.PCURVE_S1.);
#2109 = CIRCLE('',#2110,2.1);
#2110 = AXIS2_PLACEMENT_3D('',#2111,#2112,#2113);
#2111 = CARTESIAN_POINT('',(7.2,15.15,4.35));
#2112 = DIRECTION('',(-0.,-1.,-0.));
#2113 = DIRECTION('',(-1.,0.,0.));
#2114 = PCURVE('',#2006,#2115);
#2115 = DEFINITIONAL_REPRESENTATION('',(#2116),#2120);
#2116 = LINE('',#2117,#2118);
#2117 = CARTESIAN_POINT('',(-3.14159265359,0.5));
#2118 = VECTOR('',#2119,1.);
#2119 = DIRECTION('',(1.,0.));
#2120 = ( GEOMETRIC_REPRESENTATION_CONTEXT(2) 
PARAMETRIC_REPRESENTATION_CONTEXT() REPRESENTATION_CONTEXT('2D SPACE',''
  ) );
#2121 = PCURVE('',#2122,#2127);
#2122 = TOROIDAL_SURFACE('',#2123,1.6,0.5);
#2123 = AXIS2_PLACEMENT_3D('',#2124,#2125,#2126);
#2124 = CARTESIAN_POINT('',(7.2,15.15,4.35));
#2125 = DIRECTION('',(0.,1.,0.));
#2126 = DIRECTION('',(-1.,0.,0.));
#2127 = DEFINITIONAL_REPRESENTATION('',(#2128),#2132);
#2128 = LINE('',#2129,#2130);
#2129 = CARTESIAN_POINT('',(6.28318530718,0.));
#2130 = VECTOR('',#2131,1.);
#2131 = DIRECTION('',(-1.,0.));
#2132 = ( GEOMETRIC_REPRESENTATION_CONTEXT(2) 
PARAMETRIC_REPRESENTATION_CONTEXT() REPRESENTATION_CONTEXT('2D SPACE',''
  ) );
#2133 = ORIENTED_EDGE('',*,*,#2134,.T.);
#2134 = EDGE_CURVE('',#2106,#2135,#2137,.T.);
#2135 = VERTEX_POINT('',#2136);
#2136 = CARTESIAN_POINT('',(8.787197341538,7.85,5.725065307182));
#2137 = SURFACE_CURVE('',#2138,(#2142,#2149),.PCURVE_S1.);
#2138 = LINE('',#2139,#2140);
#2139 = CARTESIAN_POINT('',(8.787197341538,15.65,5.725065307182));
#2140 = VECTOR('',#2141,1.);
#2141 = DIRECTION('',(0.,-1.,-0.));
#2142 = PCURVE('',#2006,#2143);
#2143 = DEFINITIONAL_REPRESENTATION('',(#2144),#2148);
#2144 = LINE('',#2145,#2146);
#2145 = CARTESIAN_POINT('',(0.713908713512,0.));
#2146 = VECTOR('',#2147,1.);
#2147 = DIRECTION('',(0.,1.));
#2148 = ( GEOMETRIC_REPRESENTATION_CONTEXT(2) 
PARAMETRIC_REPRESENTATION_CONTEXT() REPRESENTATION_CONTEXT('2D SPACE',''
  ) );
#2149 = PCURVE('',#2150,#2155);
#2150 = PLANE('',#2151);
#2151 = AXIS2_PLACEMENT_3D('',#2152,#2153,#2154);
#2152 = CARTESIAN_POINT('',(8.89559970884,7.85,5.833467674484));
#2153 = DIRECTION('',(0.707106781187,0.,-0.707106781187));
#2154 = DIRECTION('',(-0.707106781187,0.,-0.707106781187));
#2155 = DEFINITIONAL_REPRESENTATION('',(#2156),#2160);
#2156 = LINE('',#2157,#2158);
#2157 = CARTESIAN_POINT('',(0.153304098031,7.8));
#2158 = VECTOR('',#2159,1.);
#2159 = DIRECTION('',(-0.,-1.));
#2160 = ( GEOMETRIC_REPRESENTATION_CONTEXT(2) 
PARAMETRIC_REPRESENTATION_CONTEXT() REPRESENTATION_CONTEXT('2D SPACE',''
  ) );
#2161 = ORIENTED_EDGE('',*,*,#2162,.F.);
#2162 = EDGE_CURVE('',#2163,#2135,#2165,.T.);
#2163 = VERTEX_POINT('',#2164);
#2164 = CARTESIAN_POINT('',(8.575065307182,7.85,5.937197341538));
#2165 = SURFACE_CURVE('',#2166,(#2171,#2178),.PCURVE_S1.);
#2166 = CIRCLE('',#2167,2.1);
#2167 = AXIS2_PLACEMENT_3D('',#2168,#2169,#2170);
#2168 = CARTESIAN_POINT('',(7.2,7.85,4.35));
#2169 = DIRECTION('',(0.,1.,-0.));
#2170 = DIRECTION('',(-1.,0.,0.));
#2171 = PCURVE('',#2006,#2172);
#2172 = DEFINITIONAL_REPRESENTATION('',(#2173),#2177);
#2173 = LINE('',#2174,#2175);
#2174 = CARTESIAN_POINT('',(3.14159265359,7.8));
#2175 = VECTOR('',#2176,1.);
#2176 = DIRECTION('',(-1.,0.));
#2177 = ( GEOMETRIC_REPRESENTATION_CONTEXT(2) 
PARAMETRIC_REPRESENTATION_CONTEXT() REPRESENTATION_CONTEXT('2D SPACE',''
  ) );
#2178 = PCURVE('',#2179,#2184);
#2179 = PLANE('',#2180);
#2180 = AXIS2_PLACEMENT_3D('',#2181,#2182,#2183);
#2181 = CARTESIAN_POINT('',(7.2,7.85,4.35));
#2182 = DIRECTION('',(0.,1.,0.));
#2183 = DIRECTION('',(-1.,0.,0.));
#2184 = DEFINITIONAL_REPRESENTATION('',(#2185),#2189);
#2185 = CIRCLE('',#2186,2.1);
#2186 = AXIS2_PLACEMENT_2D('',#2187,#2188);
#2187 = CARTESIAN_POINT('',(0.,0.));
#2188 = DIRECTION('',(1.,0.));
#2189 = ( GEOMETRIC_REPRESENTATION_CONTEXT(2) 
PARAMETRIC_REPRESENTATION_CONTEXT() REPRESENTATION_CONTEXT('2D SPACE',''
  ) );
#2190 = ORIENTED_EDGE('',*,*,#2191,.T.);
#2191 = EDGE_CURVE('',#2163,#2192,#2194,.T.);
#2192 = VERTEX_POINT('',#2193);
#2193 = CARTESIAN_POINT('',(8.575065307182,15.15,5.937197341538));
#2194 = SURFACE_CURVE('',#2195,(#2199,#2206),.PCURVE_S1.);
#2195 = LINE('',#2196,#2197);
#2196 = CARTESIAN_POINT('',(8.575065307182,15.65,5.937197341538));
#2197 = VECTOR('',#2198,1.);
#2198 = DIRECTION('',(0.,1.,0.));
#2199 = PCURVE('',#2006,#2200);
#2200 = DEFINITIONAL_REPRESENTATION('',(#2201),#2205);
#2201 = LINE('',#2202,#2203);
#2202 = CARTESIAN_POINT('',(0.856887613283,0.));
#2203 = VECTOR('',#2204,1.);
#2204 = DIRECTION('',(0.,-1.));
#2205 = ( GEOMETRIC_REPRESENTATION_CONTEXT(2) 
PARAMETRIC_REPRESENTATION_CONTEXT() REPRESENTATION_CONTEXT('2D SPACE',''
  ) );
#2206 = PCURVE('',#2207,#2212);
#2207 = PLANE('',#2208);
#2208 = AXIS2_PLACEMENT_3D('',#2209,#2210,#2211);
#2209 = CARTESIAN_POINT('',(8.683467674484,7.85,6.045599708839));
#2210 = DIRECTION('',(-0.707106781187,0.,0.707106781187));
#2211 = DIRECTION('',(0.707106781187,0.,0.707106781187));
#2212 = DEFINITIONAL_REPRESENTATION('',(#2213),#2217);
#2213 = LINE('',#2214,#2215);
#2214 = CARTESIAN_POINT('',(-0.153304098031,7.8));
#2215 = VECTOR('',#2216,1.);
#2216 = DIRECTION('',(0.,1.));
#2217 = ( GEOMETRIC_REPRESENTATION_CONTEXT(2) 
PARAMETRIC_REPRESENTATION_CONTEXT() REPRESENTATION_CONTEXT('2D SPACE',''
  ) );
#2218 = ORIENTED_EDGE('',*,*,#2219,.T.);
#2219 = EDGE_CURVE('',#2192,#2220,#2222,.T.);
#2220 = VERTEX_POINT('',#2221);
#2221 = CARTESIAN_POINT('',(5.824934692818,15.15,5.937197341538));
#2222 = SURFACE_CURVE('',#2223,(#2228,#2235),.PCURVE_S1.);
#2223 = CIRCLE('',#2224,2.1);
#2224 = AXIS2_PLACEMENT_3D('',#2225,#2226,#2227);
#2225 = CARTESIAN_POINT('',(7.2,15.15,4.35));
#2226 = DIRECTION('',(-0.,-1.,-0.));
#2227 = DIRECTION('',(-1.,0.,0.));
#2228 = PCURVE('',#2006,#2229);
#2229 = DEFINITIONAL_REPRESENTATION('',(#2230),#2234);
#2230 = LINE('',#2231,#2232);
#2231 = CARTESIAN_POINT('',(-3.14159265359,0.5));
#2232 = VECTOR('',#2233,1.);
#2233 = DIRECTION('',(1.,0.));
#2234 = ( GEOMETRIC_REPRESENTATION_CONTEXT(2) 
PARAMETRIC_REPRESENTATION_CONTEXT() REPRESENTATION_CONTEXT('2D SPACE',''
  ) );
#2235 = PCURVE('',#2236,#2241);
#2236 = TOROIDAL_SURFACE('',#2237,1.6,0.5);
#2237 = AXIS2_PLACEMENT_3D('',#2238,#2239,#2240);
#2238 = CARTESIAN_POINT('',(7.2,15.15,4.35));
#2239 = DIRECTION('',(0.,1.,0.));
#2240 = DIRECTION('',(-1.,0.,0.));
#2241 = DEFINITIONAL_REPRESENTATION('',(#2242),#2246);
#2242 = LINE('',#2243,#2244);
#2243 = CARTESIAN_POINT('',(6.28318530718,0.));
#2244 = VECTOR('',#2245,1.);
#2245 = DIRECTION('',(-1.,0.));
#2246 = ( GEOMETRIC_REPRESENTATION_CONTEXT(2) 
PARAMETRIC_REPRESENTATION_CONTEXT() REPRESENTATION_CONTEXT('2D SPACE',''
  ) );
#2247 = ORIENTED_EDGE('',*,*,#2248,.T.);
#2248 = EDGE_CURVE('',#2220,#2249,#2251,.T.);
#2249 = VERTEX_POINT('',#2250);
#2250 = CARTESIAN_POINT('',(5.824934692818,7.85,5.937197341538));
#2251 = SURFACE_CURVE('',#2252,(#2256,#2263),.PCURVE_S1.);
#2252 = LINE('',#2253,#2254);
#2253 = CARTESIAN_POINT('',(5.824934692818,15.65,5.937197341538));
#2254 = VECTOR('',#2255,1.);
#2255 = DIRECTION('',(0.,-1.,-0.));
#2256 = PCURVE('',#2006,#2257);
#2257 = DEFINITIONAL_REPRESENTATION('',(#2258),#2262);
#2258 = LINE('',#2259,#2260);
#2259 = CARTESIAN_POINT('',(2.284705040307,0.));
#2260 = VECTOR('',#2261,1.);
#2261 = DIRECTION('',(0.,1.));
#2262 = ( GEOMETRIC_REPRESENTATION_CONTEXT(2) 
PARAMETRIC_REPRESENTATION_CONTEXT() REPRESENTATION_CONTEXT('2D SPACE',''
  ) );
#2263 = PCURVE('',#2264,#2269);
#2264 = PLANE('',#2265);
#2265 = AXIS2_PLACEMENT_3D('',#2266,#2267,#2268);
#2266 = CARTESIAN_POINT('',(5.716532325516,7.85,6.04559970884));
#2267 = DIRECTION('',(0.707106781187,0.,0.707106781187));
#2268 = DIRECTION('',(0.707106781187,0.,-0.707106781187));
#2269 = DEFINITIONAL_REPRESENTATION('',(#2270),#2274);
#2270 = LINE('',#2271,#2272);
#2271 = CARTESIAN_POINT('',(0.153304098031,7.8));
#2272 = VECTOR('',#2273,1.);
#2273 = DIRECTION('',(0.,-1.));
#2274 = ( GEOMETRIC_REPRESENTATION_CONTEXT(2) 
PARAMETRIC_REPRESENTATION_CONTEXT() REPRESENTATION_CONTEXT('2D SPACE',''
  ) );
#2275 = ORIENTED_EDGE('',*,*,#2276,.F.);
#2276 = EDGE_CURVE('',#2277,#2249,#2279,.T.);
#2277 = VERTEX_POINT('',#2278);
#2278 = CARTESIAN_POINT('',(5.612802658462,7.85,5.725065307182));
#2279 = SURFACE_CURVE('',#2280,(#2285,#2292),.PCURVE_S1.);
#2280 = CIRCLE('',#2281,2.1);
#2281 = AXIS2_PLACEMENT_3D('',#2282,#2283,#2284);
#2282 = CARTESIAN_POINT('',(7.2,7.85,4.35));
#2283 = DIRECTION('',(0.,1.,-0.));
#2284 = DIRECTION('',(-1.,0.,0.));
#2285 = PCURVE('',#2006,#2286);
#2286 = DEFINITIONAL_REPRESENTATION('',(#2287),#2291);
#2287 = LINE('',#2288,#2289);
#2288 = CARTESIAN_POINT('',(3.14159265359,7.8));
#2289 = VECTOR('',#2290,1.);
#2290 = DIRECTION('',(-1.,0.));
#2291 = ( GEOMETRIC_REPRESENTATION_CONTEXT(2) 
PARAMETRIC_REPRESENTATION_CONTEXT() REPRESENTATION_CONTEXT('2D SPACE',''
  ) );
#2292 = PCURVE('',#2293,#2298);
#2293 = PLANE('',#2294);
#2294 = AXIS2_PLACEMENT_3D('',#2295,#2296,#2297);
#2295 = CARTESIAN_POINT('',(7.2,7.85,4.35));
#2296 = DIRECTION('',(0.,1.,0.));
#2297 = DIRECTION('',(-1.,0.,0.));
#2298 = DEFINITIONAL_REPRESENTATION('',(#2299),#2303);
#2299 = CIRCLE('',#2300,2.1);
#2300 = AXIS2_PLACEMENT_2D('',#2301,#2302);
#2301 = CARTESIAN_POINT('',(0.,0.));
#2302 = DIRECTION('',(1.,0.));
#2303 = ( GEOMETRIC_REPRESENTATION_CONTEXT(2) 
PARAMETRIC_REPRESENTATION_CONTEXT() REPRESENTATION_CONTEXT('2D SPACE',''
  ) );
#2304 = ORIENTED_EDGE('',*,*,#2305,.T.);
#2305 = EDGE_CURVE('',#2277,#1995,#2306,.T.);
#2306 = SURFACE_CURVE('',#2307,(#2311,#2318),.PCURVE_S1.);
#2307 = LINE('',#2308,#2309);
#2308 = CARTESIAN_POINT('',(5.612802658462,15.65,5.725065307182));
#2309 = VECTOR('',#2310,1.);
#2310 = DIRECTION('',(0.,1.,0.));
#2311 = PCURVE('',#2006,#2312);
#2312 = DEFINITIONAL_REPRESENTATION('',(#2313),#2317);
#2313 = LINE('',#2314,#2315);
#2314 = CARTESIAN_POINT('',(2.427683940078,0.));
#2315 = VECTOR('',#2316,1.);
#2316 = DIRECTION('',(0.,-1.));
#2317 = ( GEOMETRIC_REPRESENTATION_CONTEXT(2) 
PARAMETRIC_REPRESENTATION_CONTEXT() REPRESENTATION_CONTEXT('2D SPACE',''
  ) );
#2318 = PCURVE('',#2319,#2324);
#2319 = PLANE('',#2320);
#2320 = AXIS2_PLACEMENT_3D('',#2321,#2322,#2323);
#2321 = CARTESIAN_POINT('',(5.50440029116,7.85,5.833467674484));
#2322 = DIRECTION('',(-0.707106781187,0.,-0.707106781187));
#2323 = DIRECTION('',(-0.707106781187,0.,0.707106781187));
#2324 = DEFINITIONAL_REPRESENTATION('',(#2325),#2329);
#2325 = LINE('',#2326,#2327);
#2326 = CARTESIAN_POINT('',(-0.153304098031,7.8));
#2327 = VECTOR('',#2328,1.);
#2328 = DIRECTION('',(0.,1.));
#2329 = ( GEOMETRIC_REPRESENTATION_CONTEXT(2) 
PARAMETRIC_REPRESENTATION_CONTEXT() REPRESENTATION_CONTEXT('2D SPACE',''
  ) );
#2330 = ADVANCED_FACE('',(#2331),#2344,.T.);
#2331 = FACE_BOUND('',#2332,.T.);
#2332 = EDGE_LOOP('',(#2333,#2362,#2386,#2410));
#2333 = ORIENTED_EDGE('',*,*,#2334,.F.);
#2334 = EDGE_CURVE('',#1997,#2335,#2337,.T.);
#2335 = VERTEX_POINT('',#2336);
#2336 = CARTESIAN_POINT('',(5.612802658462,15.15,2.974934692818));
#2337 = SURFACE_CURVE('',#2338,(#2343,#2355),.PCURVE_S1.);
#2338 = CIRCLE('',#2339,2.1);
#2339 = AXIS2_PLACEMENT_3D('',#2340,#2341,#2342);
#2340 = CARTESIAN_POINT('',(7.2,15.15,4.35));
#2341 = DIRECTION('',(-0.,-1.,-0.));
#2342 = DIRECTION('',(-1.,0.,0.));
#2343 = PCURVE('',#2344,#2349);
#2344 = TOROIDAL_SURFACE('',#2345,1.6,0.5);
#2345 = AXIS2_PLACEMENT_3D('',#2346,#2347,#2348);
#2346 = CARTESIAN_POINT('',(7.2,15.15,4.35));
#2347 = DIRECTION('',(0.,1.,0.));
#2348 = DIRECTION('',(-1.,0.,0.));
#2349 = DEFINITIONAL_REPRESENTATION('',(#2350),#2354);
#2350 = LINE('',#2351,#2352);
#2351 = CARTESIAN_POINT('',(6.28318530718,0.));
#2352 = VECTOR('',#2353,1.);
#2353 = DIRECTION('',(-1.,0.));
#2354 = ( GEOMETRIC_REPRESENTATION_CONTEXT(2) 
PARAMETRIC_REPRESENTATION_CONTEXT() REPRESENTATION_CONTEXT('2D SPACE',''
  ) );
#2355 = PCURVE('',#2046,#2356);
#2356 = DEFINITIONAL_REPRESENTATION('',(#2357),#2361);
#2357 = LINE('',#2358,#2359);
#2358 = CARTESIAN_POINT('',(3.14159265359,0.5));
#2359 = VECTOR('',#2360,1.);
#2360 = DIRECTION('',(1.,0.));
#2361 = ( GEOMETRIC_REPRESENTATION_CONTEXT(2) 
PARAMETRIC_REPRESENTATION_CONTEXT() REPRESENTATION_CONTEXT('2D SPACE',''
  ) );
#2362 = ORIENTED_EDGE('',*,*,#2363,.T.);
#2363 = EDGE_CURVE('',#1997,#2364,#2366,.T.);
#2364 = VERTEX_POINT('',#2365);
#2365 = CARTESIAN_POINT('',(5.6,15.65,4.35));
#2366 = SURFACE_CURVE('',#2367,(#2372,#2379),.PCURVE_S1.);
#2367 = CIRCLE('',#2368,0.5);
#2368 = AXIS2_PLACEMENT_3D('',#2369,#2370,#2371);
#2369 = CARTESIAN_POINT('',(5.6,15.15,4.35));
#2370 = DIRECTION('',(-0.,-0.,-1.));
#2371 = DIRECTION('',(0.,-1.,0.));
#2372 = PCURVE('',#2344,#2373);
#2373 = DEFINITIONAL_REPRESENTATION('',(#2374),#2378);
#2374 = LINE('',#2375,#2376);
#2375 = CARTESIAN_POINT('',(6.28318530718,-1.570796326795));
#2376 = VECTOR('',#2377,1.);
#2377 = DIRECTION('',(0.,1.));
#2378 = ( GEOMETRIC_REPRESENTATION_CONTEXT(2) 
PARAMETRIC_REPRESENTATION_CONTEXT() REPRESENTATION_CONTEXT('2D SPACE',''
  ) );
#2379 = PCURVE('',#2018,#2380);
#2380 = DEFINITIONAL_REPRESENTATION('',(#2381),#2385);
#2381 = LINE('',#2382,#2383);
#2382 = CARTESIAN_POINT('',(0.,-1.570796326795));
#2383 = VECTOR('',#2384,1.);
#2384 = DIRECTION('',(0.,1.));
#2385 = ( GEOMETRIC_REPRESENTATION_CONTEXT(2) 
PARAMETRIC_REPRESENTATION_CONTEXT() REPRESENTATION_CONTEXT('2D SPACE',''
  ) );
#2386 = ORIENTED_EDGE('',*,*,#2387,.F.);
#2387 = EDGE_CURVE('',#2388,#2364,#2390,.T.);
#2388 = VERTEX_POINT('',#2389);
#2389 = CARTESIAN_POINT('',(5.967545950215,15.65,3.329677984571));
#2390 = SURFACE_CURVE('',#2391,(#2396,#2403),.PCURVE_S1.);
#2391 = CIRCLE('',#2392,1.6);
#2392 = AXIS2_PLACEMENT_3D('',#2393,#2394,#2395);
#2393 = CARTESIAN_POINT('',(7.2,15.65,4.35));
#2394 = DIRECTION('',(0.,1.,-0.));
#2395 = DIRECTION('',(-1.,0.,0.));
#2396 = PCURVE('',#2344,#2397);
#2397 = DEFINITIONAL_REPRESENTATION('',(#2398),#2402);
#2398 = LINE('',#2399,#2400);
#2399 = CARTESIAN_POINT('',(0.,1.570796326795));
#2400 = VECTOR('',#2401,1.);
#2401 = DIRECTION('',(1.,-3.211009419312E-16));
#2402 = ( GEOMETRIC_REPRESENTATION_CONTEXT(2) 
PARAMETRIC_REPRESENTATION_CONTEXT() REPRESENTATION_CONTEXT('2D SPACE',''
  ) );
#2403 = PCURVE('',#1979,#2404);
#2404 = DEFINITIONAL_REPRESENTATION('',(#2405),#2409);
#2405 = CIRCLE('',#2406,1.6);
#2406 = AXIS2_PLACEMENT_2D('',#2407,#2408);
#2407 = CARTESIAN_POINT('',(0.,0.));
#2408 = DIRECTION('',(1.,0.));
#2409 = ( GEOMETRIC_REPRESENTATION_CONTEXT(2) 
PARAMETRIC_REPRESENTATION_CONTEXT() REPRESENTATION_CONTEXT('2D SPACE',''
  ) );
#2410 = ORIENTED_EDGE('',*,*,#2411,.F.);
#2411 = EDGE_CURVE('',#2335,#2388,#2412,.T.);
#2412 = SURFACE_CURVE('',#2413,(#2420,#2449),.PCURVE_S1.);
#2413 = B_SPLINE_CURVE_WITH_KNOTS('',3,(#2414,#2415,#2416,#2417,#2418,
    #2419),.UNSPECIFIED.,.F.,.F.,(4,2,4),(1.971656719321E-07,
    3.917772435257E-04,7.833573213795E-04),.UNSPECIFIED.);
#2414 = CARTESIAN_POINT('',(5.612802658462,15.15,2.974934692818));
#2415 = CARTESIAN_POINT('',(5.612802658462,15.282398548944,
    2.974934692818));
#2416 = CARTESIAN_POINT('',(5.651427968611,15.411844140656,
    3.013560002967));
#2417 = CARTESIAN_POINT('',(5.782518798673,15.596198199582,
    3.144650833029));
#2418 = CARTESIAN_POINT('',(5.875104417162,15.65,3.237236451518));
#2419 = CARTESIAN_POINT('',(5.967545950215,15.65,3.329677984571));
#2420 = PCURVE('',#2344,#2421);
#2421 = DEFINITIONAL_REPRESENTATION('',(#2422),#2448);
#2422 = B_SPLINE_CURVE_WITH_KNOTS('',3,(#2423,#2424,#2425,#2426,#2427,
    #2428,#2429,#2430,#2431,#2432,#2433,#2434,#2435,#2436,#2437,#2438,
    #2439,#2440,#2441,#2442,#2443,#2444,#2445,#2446,#2447),
  .UNSPECIFIED.,.F.,.F.,(4,1,1,1,1,1,1,1,1,1,1,1,1,1,1,1,1,1,1,1,1,1,4),
  (1.971656719321E-07,3.579535456773E-05,7.139354346353E-05,
    1.069917323593E-04,1.425899212551E-04,1.781881101509E-04,
    2.137862990467E-04,2.493844879425E-04,2.849826768383E-04,
    3.205808657341E-04,3.561790546299E-04,3.917772435257E-04,
    4.273754324215E-04,4.629736213173E-04,4.985718102131E-04,
    5.341699991089E-04,5.697681880047E-04,6.053663769005E-04,
    6.409645657963E-04,6.765627546921E-04,7.121609435879E-04,
    7.477591324837E-04,7.833573213795E-04),.QUASI_UNIFORM_KNOTS.);
#2423 = CARTESIAN_POINT('',(5.569276593668,0.));
#2424 = CARTESIAN_POINT('',(5.569276647393,2.40700697323E-02));
#2425 = CARTESIAN_POINT('',(5.569307259725,7.212180658261E-02));
#2426 = CARTESIAN_POINT('',(5.569443211205,0.143994026997));
#2427 = CARTESIAN_POINT('',(5.569667471597,0.215730791766));
#2428 = CARTESIAN_POINT('',(5.569979165272,0.287366658287));
#2429 = CARTESIAN_POINT('',(5.570377927406,0.358920035786));
#2430 = CARTESIAN_POINT('',(5.570863962402,0.430395702577));
#2431 = CARTESIAN_POINT('',(5.571438007375,0.501792386071));
#2432 = CARTESIAN_POINT('',(5.572101334155,0.573108893461));
#2433 = CARTESIAN_POINT('',(5.572855742732,0.644352047604));
#2434 = CARTESIAN_POINT('',(5.573703598409,0.71553881236));
#2435 = CARTESIAN_POINT('',(5.574647749362,0.786718744944));
#2436 = CARTESIAN_POINT('',(5.575691925608,0.85791893095));
#2437 = CARTESIAN_POINT('',(5.576836414273,0.929161262929));
#2438 = CARTESIAN_POINT('',(5.578081361928,1.000480204021));
#2439 = CARTESIAN_POINT('',(5.579427062323,1.071868731821));
#2440 = CARTESIAN_POINT('',(5.580873768999,1.14330202086));
#2441 = CARTESIAN_POINT('',(5.582421624363,1.214741065038));
#2442 = CARTESIAN_POINT('',(5.584070539989,1.286142344552));
#2443 = CARTESIAN_POINT('',(5.585820082827,1.357465786367));
#2444 = CARTESIAN_POINT('',(5.587669299089,1.428684421993));
#2445 = CARTESIAN_POINT('',(5.589616679683,1.499788245743));
#2446 = CARTESIAN_POINT('',(5.590978564296,1.547134310449));
#2447 = CARTESIAN_POINT('',(5.59167501889,1.570796326795));
#2448 = ( GEOMETRIC_REPRESENTATION_CONTEXT(2) 
PARAMETRIC_REPRESENTATION_CONTEXT() REPRESENTATION_CONTEXT('2D SPACE',''
  ) );
#2449 = PCURVE('',#1664,#2450);
#2450 = DEFINITIONAL_REPRESENTATION('',(#2451),#2458);
#2451 = B_SPLINE_CURVE_WITH_KNOTS('',3,(#2452,#2453,#2454,#2455,#2456,
    #2457),.UNSPECIFIED.,.F.,.F.,(4,2,4),(1.971656719321E-07,
    3.917772435257E-04,7.833573213795E-04),.UNSPECIFIED.);
#2452 = CARTESIAN_POINT('',(0.153304098031,7.3));
#2453 = CARTESIAN_POINT('',(0.153304098031,7.432398548944));
#2454 = CARTESIAN_POINT('',(0.207928535495,7.561844140656));
#2455 = CARTESIAN_POINT('',(0.393318965271,7.746198199582));
#2456 = CARTESIAN_POINT('',(0.524254802619,7.8));
#2457 = CARTESIAN_POINT('',(0.654986872389,7.8));
#2458 = ( GEOMETRIC_REPRESENTATION_CONTEXT(2) 
PARAMETRIC_REPRESENTATION_CONTEXT() REPRESENTATION_CONTEXT('2D SPACE',''
  ) );
#2459 = ADVANCED_FACE('',(#2460),#1754,.T.);
#2460 = FACE_BOUND('',#2461,.T.);
#2461 = EDGE_LOOP('',(#2462,#2485,#2514,#2535));
#2462 = ORIENTED_EDGE('',*,*,#2463,.F.);
#2463 = EDGE_CURVE('',#2464,#1738,#2466,.T.);
#2464 = VERTEX_POINT('',#2465);
#2465 = CARTESIAN_POINT('',(8.220322015429,15.65,3.117545950215));
#2466 = SURFACE_CURVE('',#2467,(#2471,#2478),.PCURVE_S1.);
#2467 = LINE('',#2468,#2469);
#2468 = CARTESIAN_POINT('',(8.683467674484,15.65,2.654400291161));
#2469 = VECTOR('',#2470,1.);
#2470 = DIRECTION('',(-0.707106781187,0.,0.707106781187));
#2471 = PCURVE('',#1754,#2472);
#2472 = DEFINITIONAL_REPRESENTATION('',(#2473),#2477);
#2473 = LINE('',#2474,#2475);
#2474 = CARTESIAN_POINT('',(-1.483467674484,-1.695599708839));
#2475 = VECTOR('',#2476,1.);
#2476 = DIRECTION('',(0.707106781187,0.707106781187));
#2477 = ( GEOMETRIC_REPRESENTATION_CONTEXT(2) 
PARAMETRIC_REPRESENTATION_CONTEXT() REPRESENTATION_CONTEXT('2D SPACE',''
  ) );
#2478 = PCURVE('',#1782,#2479);
#2479 = DEFINITIONAL_REPRESENTATION('',(#2480),#2484);
#2480 = LINE('',#2481,#2482);
#2481 = CARTESIAN_POINT('',(0.,7.8));
#2482 = VECTOR('',#2483,1.);
#2483 = DIRECTION('',(1.,0.));
#2484 = ( GEOMETRIC_REPRESENTATION_CONTEXT(2) 
PARAMETRIC_REPRESENTATION_CONTEXT() REPRESENTATION_CONTEXT('2D SPACE',''
  ) );
#2485 = ORIENTED_EDGE('',*,*,#2486,.T.);
#2486 = EDGE_CURVE('',#2464,#2487,#2489,.T.);
#2487 = VERTEX_POINT('',#2488);
#2488 = CARTESIAN_POINT('',(6.179677984571,15.65,3.117545950215));
#2489 = SURFACE_CURVE('',#2490,(#2495,#2502),.PCURVE_S1.);
#2490 = CIRCLE('',#2491,1.6);
#2491 = AXIS2_PLACEMENT_3D('',#2492,#2493,#2494);
#2492 = CARTESIAN_POINT('',(7.2,15.65,4.35));
#2493 = DIRECTION('',(0.,1.,-0.));
#2494 = DIRECTION('',(-1.,0.,0.));
#2495 = PCURVE('',#1754,#2496);
#2496 = DEFINITIONAL_REPRESENTATION('',(#2497),#2501);
#2497 = CIRCLE('',#2498,1.6);
#2498 = AXIS2_PLACEMENT_2D('',#2499,#2500);
#2499 = CARTESIAN_POINT('',(0.,0.));
#2500 = DIRECTION('',(1.,0.));
#2501 = ( GEOMETRIC_REPRESENTATION_CONTEXT(2) 
PARAMETRIC_REPRESENTATION_CONTEXT() REPRESENTATION_CONTEXT('2D SPACE',''
  ) );
#2502 = PCURVE('',#2503,#2508);
#2503 = TOROIDAL_SURFACE('',#2504,1.6,0.5);
#2504 = AXIS2_PLACEMENT_3D('',#2505,#2506,#2507);
#2505 = CARTESIAN_POINT('',(7.2,15.15,4.35));
#2506 = DIRECTION('',(0.,1.,0.));
#2507 = DIRECTION('',(-1.,0.,0.));
#2508 = DEFINITIONAL_REPRESENTATION('',(#2509),#2513);
#2509 = LINE('',#2510,#2511);
#2510 = CARTESIAN_POINT('',(0.,1.570796326795));
#2511 = VECTOR('',#2512,1.);
#2512 = DIRECTION('',(1.,-1.605504709656E-16));
#2513 = ( GEOMETRIC_REPRESENTATION_CONTEXT(2) 
PARAMETRIC_REPRESENTATION_CONTEXT() REPRESENTATION_CONTEXT('2D SPACE',''
  ) );
#2514 = ORIENTED_EDGE('',*,*,#2515,.F.);
#2515 = EDGE_CURVE('',#1710,#2487,#2516,.T.);
#2516 = SURFACE_CURVE('',#2517,(#2521,#2528),.PCURVE_S1.);
#2517 = LINE('',#2518,#2519);
#2518 = CARTESIAN_POINT('',(5.716532325516,15.65,2.654400291161));
#2519 = VECTOR('',#2520,1.);
#2520 = DIRECTION('',(-0.707106781187,0.,-0.707106781187));
#2521 = PCURVE('',#1754,#2522);
#2522 = DEFINITIONAL_REPRESENTATION('',(#2523),#2527);
#2523 = LINE('',#2524,#2525);
#2524 = CARTESIAN_POINT('',(1.483467674484,-1.695599708839));
#2525 = VECTOR('',#2526,1.);
#2526 = DIRECTION('',(0.707106781187,-0.707106781187));
#2527 = ( GEOMETRIC_REPRESENTATION_CONTEXT(2) 
PARAMETRIC_REPRESENTATION_CONTEXT() REPRESENTATION_CONTEXT('2D SPACE',''
  ) );
#2528 = PCURVE('',#1725,#2529);
#2529 = DEFINITIONAL_REPRESENTATION('',(#2530),#2534);
#2530 = LINE('',#2531,#2532);
#2531 = CARTESIAN_POINT('',(0.,7.8));
#2532 = VECTOR('',#2533,1.);
#2533 = DIRECTION('',(1.,0.));
#2534 = ( GEOMETRIC_REPRESENTATION_CONTEXT(2) 
PARAMETRIC_REPRESENTATION_CONTEXT() REPRESENTATION_CONTEXT('2D SPACE',''
  ) );
#2535 = ORIENTED_EDGE('',*,*,#1737,.F.);
#2536 = ADVANCED_FACE('',(#2537),#1979,.T.);
#2537 = FACE_BOUND('',#2538,.T.);
#2538 = EDGE_LOOP('',(#2539,#2560,#2561,#2585,#2608,#2630));
#2539 = ORIENTED_EDGE('',*,*,#2540,.F.);
#2540 = EDGE_CURVE('',#2388,#1644,#2541,.T.);
#2541 = SURFACE_CURVE('',#2542,(#2546,#2553),.PCURVE_S1.);
#2542 = LINE('',#2543,#2544);
#2543 = CARTESIAN_POINT('',(5.50440029116,15.65,2.866532325516));
#2544 = VECTOR('',#2545,1.);
#2545 = DIRECTION('',(0.707106781187,0.,0.707106781187));
#2546 = PCURVE('',#1979,#2547);
#2547 = DEFINITIONAL_REPRESENTATION('',(#2548),#2552);
#2548 = LINE('',#2549,#2550);
#2549 = CARTESIAN_POINT('',(1.69559970884,-1.483467674484));
#2550 = VECTOR('',#2551,1.);
#2551 = DIRECTION('',(-0.707106781187,0.707106781187));
#2552 = ( GEOMETRIC_REPRESENTATION_CONTEXT(2) 
PARAMETRIC_REPRESENTATION_CONTEXT() REPRESENTATION_CONTEXT('2D SPACE',''
  ) );
#2553 = PCURVE('',#1664,#2554);
#2554 = DEFINITIONAL_REPRESENTATION('',(#2555),#2559);
#2555 = LINE('',#2556,#2557);
#2556 = CARTESIAN_POINT('',(0.,7.8));
#2557 = VECTOR('',#2558,1.);
#2558 = DIRECTION('',(1.,0.));
#2559 = ( GEOMETRIC_REPRESENTATION_CONTEXT(2) 
PARAMETRIC_REPRESENTATION_CONTEXT() REPRESENTATION_CONTEXT('2D SPACE',''
  ) );
#2560 = ORIENTED_EDGE('',*,*,#2387,.T.);
#2561 = ORIENTED_EDGE('',*,*,#2562,.T.);
#2562 = EDGE_CURVE('',#2364,#2563,#2565,.T.);
#2563 = VERTEX_POINT('',#2564);
#2564 = CARTESIAN_POINT('',(5.967545950215,15.65,5.370322015429));
#2565 = SURFACE_CURVE('',#2566,(#2571,#2578),.PCURVE_S1.);
#2566 = CIRCLE('',#2567,1.6);
#2567 = AXIS2_PLACEMENT_3D('',#2568,#2569,#2570);
#2568 = CARTESIAN_POINT('',(7.2,15.65,4.35));
#2569 = DIRECTION('',(0.,1.,-0.));
#2570 = DIRECTION('',(-1.,0.,0.));
#2571 = PCURVE('',#1979,#2572);
#2572 = DEFINITIONAL_REPRESENTATION('',(#2573),#2577);
#2573 = CIRCLE('',#2574,1.6);
#2574 = AXIS2_PLACEMENT_2D('',#2575,#2576);
#2575 = CARTESIAN_POINT('',(0.,0.));
#2576 = DIRECTION('',(1.,0.));
#2577 = ( GEOMETRIC_REPRESENTATION_CONTEXT(2) 
PARAMETRIC_REPRESENTATION_CONTEXT() REPRESENTATION_CONTEXT('2D SPACE',''
  ) );
#2578 = PCURVE('',#2018,#2579);
#2579 = DEFINITIONAL_REPRESENTATION('',(#2580),#2584);
#2580 = LINE('',#2581,#2582);
#2581 = CARTESIAN_POINT('',(0.,1.570796326795));
#2582 = VECTOR('',#2583,1.);
#2583 = DIRECTION('',(1.,0.));
#2584 = ( GEOMETRIC_REPRESENTATION_CONTEXT(2) 
PARAMETRIC_REPRESENTATION_CONTEXT() REPRESENTATION_CONTEXT('2D SPACE',''
  ) );
#2585 = ORIENTED_EDGE('',*,*,#2586,.F.);
#2586 = EDGE_CURVE('',#2587,#2563,#2589,.T.);
#2587 = VERTEX_POINT('',#2588);
#2588 = CARTESIAN_POINT('',(6.574318740551,15.65,4.763549225093));
#2589 = SURFACE_CURVE('',#2590,(#2594,#2601),.PCURVE_S1.);
#2590 = LINE('',#2591,#2592);
#2591 = CARTESIAN_POINT('',(5.50440029116,15.65,5.833467674484));
#2592 = VECTOR('',#2593,1.);
#2593 = DIRECTION('',(-0.707106781187,0.,0.707106781187));
#2594 = PCURVE('',#1979,#2595);
#2595 = DEFINITIONAL_REPRESENTATION('',(#2596),#2600);
#2596 = LINE('',#2597,#2598);
#2597 = CARTESIAN_POINT('',(1.69559970884,1.483467674484));
#2598 = VECTOR('',#2599,1.);
#2599 = DIRECTION('',(0.707106781187,0.707106781187));
#2600 = ( GEOMETRIC_REPRESENTATION_CONTEXT(2) 
PARAMETRIC_REPRESENTATION_CONTEXT() REPRESENTATION_CONTEXT('2D SPACE',''
  ) );
#2601 = PCURVE('',#2319,#2602);
#2602 = DEFINITIONAL_REPRESENTATION('',(#2603),#2607);
#2603 = LINE('',#2604,#2605);
#2604 = CARTESIAN_POINT('',(0.,7.8));
#2605 = VECTOR('',#2606,1.);
#2606 = DIRECTION('',(1.,0.));
#2607 = ( GEOMETRIC_REPRESENTATION_CONTEXT(2) 
PARAMETRIC_REPRESENTATION_CONTEXT() REPRESENTATION_CONTEXT('2D SPACE',''
  ) );
#2608 = ORIENTED_EDGE('',*,*,#2609,.F.);
#2609 = EDGE_CURVE('',#1942,#2587,#2610,.T.);
#2610 = SURFACE_CURVE('',#2611,(#2616,#2623),.PCURVE_S1.);
#2611 = CIRCLE('',#2612,0.75);
#2612 = AXIS2_PLACEMENT_3D('',#2613,#2614,#2615);
#2613 = CARTESIAN_POINT('',(7.2,15.65,4.35));
#2614 = DIRECTION('',(0.,1.,-0.));
#2615 = DIRECTION('',(-1.,0.,0.));
#2616 = PCURVE('',#1979,#2617);
#2617 = DEFINITIONAL_REPRESENTATION('',(#2618),#2622);
#2618 = CIRCLE('',#2619,0.75);
#2619 = AXIS2_PLACEMENT_2D('',#2620,#2621);
#2620 = CARTESIAN_POINT('',(0.,0.));
#2621 = DIRECTION('',(1.,0.));
#2622 = ( GEOMETRIC_REPRESENTATION_CONTEXT(2) 
PARAMETRIC_REPRESENTATION_CONTEXT() REPRESENTATION_CONTEXT('2D SPACE',''
  ) );
#2623 = PCURVE('',#1900,#2624);
#2624 = DEFINITIONAL_REPRESENTATION('',(#2625),#2629);
#2625 = LINE('',#2626,#2627);
#2626 = CARTESIAN_POINT('',(3.14159265359,0.));
#2627 = VECTOR('',#2628,1.);
#2628 = DIRECTION('',(-1.,0.));
#2629 = ( GEOMETRIC_REPRESENTATION_CONTEXT(2) 
PARAMETRIC_REPRESENTATION_CONTEXT() REPRESENTATION_CONTEXT('2D SPACE',''
  ) );
#2630 = ORIENTED_EDGE('',*,*,#1964,.F.);
#2631 = ADVANCED_FACE('',(#2632),#2646,.T.);
#2632 = FACE_BOUND('',#2633,.T.);
#2633 = EDGE_LOOP('',(#2634,#2664,#2688,#2711));
#2634 = ORIENTED_EDGE('',*,*,#2635,.F.);
#2635 = EDGE_CURVE('',#2636,#2638,#2640,.T.);
#2636 = VERTEX_POINT('',#2637);
#2637 = CARTESIAN_POINT('',(6.179677984571,15.65,5.582454049785));
#2638 = VERTEX_POINT('',#2639);
#2639 = CARTESIAN_POINT('',(6.786450774907,15.65,4.975681259449));
#2640 = SURFACE_CURVE('',#2641,(#2645,#2657),.PCURVE_S1.);
#2641 = LINE('',#2642,#2643);
#2642 = CARTESIAN_POINT('',(5.716532325516,15.65,6.04559970884));
#2643 = VECTOR('',#2644,1.);
#2644 = DIRECTION('',(0.707106781187,0.,-0.707106781187));
#2645 = PCURVE('',#2646,#2651);
#2646 = PLANE('',#2647);
#2647 = AXIS2_PLACEMENT_3D('',#2648,#2649,#2650);
#2648 = CARTESIAN_POINT('',(7.2,15.65,4.35));
#2649 = DIRECTION('',(0.,1.,0.));
#2650 = DIRECTION('',(-1.,0.,0.));
#2651 = DEFINITIONAL_REPRESENTATION('',(#2652),#2656);
#2652 = LINE('',#2653,#2654);
#2653 = CARTESIAN_POINT('',(1.483467674484,1.69559970884));
#2654 = VECTOR('',#2655,1.);
#2655 = DIRECTION('',(-0.707106781187,-0.707106781187));
#2656 = ( GEOMETRIC_REPRESENTATION_CONTEXT(2) 
PARAMETRIC_REPRESENTATION_CONTEXT() REPRESENTATION_CONTEXT('2D SPACE',''
  ) );
#2657 = PCURVE('',#2264,#2658);
#2658 = DEFINITIONAL_REPRESENTATION('',(#2659),#2663);
#2659 = LINE('',#2660,#2661);
#2660 = CARTESIAN_POINT('',(0.,7.8));
#2661 = VECTOR('',#2662,1.);
#2662 = DIRECTION('',(1.,0.));
#2663 = ( GEOMETRIC_REPRESENTATION_CONTEXT(2) 
PARAMETRIC_REPRESENTATION_CONTEXT() REPRESENTATION_CONTEXT('2D SPACE',''
  ) );
#2664 = ORIENTED_EDGE('',*,*,#2665,.T.);
#2665 = EDGE_CURVE('',#2636,#2666,#2668,.T.);
#2666 = VERTEX_POINT('',#2667);
#2667 = CARTESIAN_POINT('',(8.220322015429,15.65,5.582454049785));
#2668 = SURFACE_CURVE('',#2669,(#2674,#2681),.PCURVE_S1.);
#2669 = CIRCLE('',#2670,1.6);
#2670 = AXIS2_PLACEMENT_3D('',#2671,#2672,#2673);
#2671 = CARTESIAN_POINT('',(7.2,15.65,4.35));
#2672 = DIRECTION('',(0.,1.,-0.));
#2673 = DIRECTION('',(-1.,0.,0.));
#2674 = PCURVE('',#2646,#2675);
#2675 = DEFINITIONAL_REPRESENTATION('',(#2676),#2680);
#2676 = CIRCLE('',#2677,1.6);
#2677 = AXIS2_PLACEMENT_2D('',#2678,#2679);
#2678 = CARTESIAN_POINT('',(0.,0.));
#2679 = DIRECTION('',(1.,0.));
#2680 = ( GEOMETRIC_REPRESENTATION_CONTEXT(2) 
PARAMETRIC_REPRESENTATION_CONTEXT() REPRESENTATION_CONTEXT('2D SPACE',''
  ) );
#2681 = PCURVE('',#2236,#2682);
#2682 = DEFINITIONAL_REPRESENTATION('',(#2683),#2687);
#2683 = LINE('',#2684,#2685);
#2684 = CARTESIAN_POINT('',(0.,1.570796326795));
#2685 = VECTOR('',#2686,1.);
#2686 = DIRECTION('',(1.,1.605504709656E-16));
#2687 = ( GEOMETRIC_REPRESENTATION_CONTEXT(2) 
PARAMETRIC_REPRESENTATION_CONTEXT() REPRESENTATION_CONTEXT('2D SPACE',''
  ) );
#2688 = ORIENTED_EDGE('',*,*,#2689,.F.);
#2689 = EDGE_CURVE('',#2690,#2666,#2692,.T.);
#2690 = VERTEX_POINT('',#2691);
#2691 = CARTESIAN_POINT('',(7.613549225093,15.65,4.975681259449));
#2692 = SURFACE_CURVE('',#2693,(#2697,#2704),.PCURVE_S1.);
#2693 = LINE('',#2694,#2695);
#2694 = CARTESIAN_POINT('',(8.683467674484,15.65,6.045599708839));
#2695 = VECTOR('',#2696,1.);
#2696 = DIRECTION('',(0.707106781187,0.,0.707106781187));
#2697 = PCURVE('',#2646,#2698);
#2698 = DEFINITIONAL_REPRESENTATION('',(#2699),#2703);
#2699 = LINE('',#2700,#2701);
#2700 = CARTESIAN_POINT('',(-1.483467674484,1.695599708839));
#2701 = VECTOR('',#2702,1.);
#2702 = DIRECTION('',(-0.707106781187,0.707106781187));
#2703 = ( GEOMETRIC_REPRESENTATION_CONTEXT(2) 
PARAMETRIC_REPRESENTATION_CONTEXT() REPRESENTATION_CONTEXT('2D SPACE',''
  ) );
#2704 = PCURVE('',#2207,#2705);
#2705 = DEFINITIONAL_REPRESENTATION('',(#2706),#2710);
#2706 = LINE('',#2707,#2708);
#2707 = CARTESIAN_POINT('',(0.,7.8));
#2708 = VECTOR('',#2709,1.);
#2709 = DIRECTION('',(1.,0.));
#2710 = ( GEOMETRIC_REPRESENTATION_CONTEXT(2) 
PARAMETRIC_REPRESENTATION_CONTEXT() REPRESENTATION_CONTEXT('2D SPACE',''
  ) );
#2711 = ORIENTED_EDGE('',*,*,#2712,.F.);
#2712 = EDGE_CURVE('',#2638,#2690,#2713,.T.);
#2713 = SURFACE_CURVE('',#2714,(#2719,#2726),.PCURVE_S1.);
#2714 = CIRCLE('',#2715,0.75);
#2715 = AXIS2_PLACEMENT_3D('',#2716,#2717,#2718);
#2716 = CARTESIAN_POINT('',(7.2,15.65,4.35));
#2717 = DIRECTION('',(0.,1.,-0.));
#2718 = DIRECTION('',(-1.,0.,0.));
#2719 = PCURVE('',#2646,#2720);
#2720 = DEFINITIONAL_REPRESENTATION('',(#2721),#2725);
#2721 = CIRCLE('',#2722,0.75);
#2722 = AXIS2_PLACEMENT_2D('',#2723,#2724);
#2723 = CARTESIAN_POINT('',(0.,0.));
#2724 = DIRECTION('',(1.,0.));
#2725 = ( GEOMETRIC_REPRESENTATION_CONTEXT(2) 
PARAMETRIC_REPRESENTATION_CONTEXT() REPRESENTATION_CONTEXT('2D SPACE',''
  ) );
#2726 = PCURVE('',#1900,#2727);
#2727 = DEFINITIONAL_REPRESENTATION('',(#2728),#2732);
#2728 = LINE('',#2729,#2730);
#2729 = CARTESIAN_POINT('',(3.14159265359,0.));
#2730 = VECTOR('',#2731,1.);
#2731 = DIRECTION('',(-1.,0.));
#2732 = ( GEOMETRIC_REPRESENTATION_CONTEXT(2) 
PARAMETRIC_REPRESENTATION_CONTEXT() REPRESENTATION_CONTEXT('2D SPACE',''
  ) );
#2733 = ADVANCED_FACE('',(#2734),#2503,.T.);
#2734 = FACE_BOUND('',#2735,.T.);
#2735 = EDGE_LOOP('',(#2736,#2787,#2811,#2860));
#2736 = ORIENTED_EDGE('',*,*,#2737,.F.);
#2737 = EDGE_CURVE('',#2738,#2464,#2740,.T.);
#2738 = VERTEX_POINT('',#2739);
#2739 = CARTESIAN_POINT('',(8.575065307182,15.15,2.762802658462));
#2740 = SURFACE_CURVE('',#2741,(#2748,#2777),.PCURVE_S1.);
#2741 = B_SPLINE_CURVE_WITH_KNOTS('',3,(#2742,#2743,#2744,#2745,#2746,
    #2747),.UNSPECIFIED.,.F.,.F.,(4,2,4),(1.97165671932E-07,
    3.917772435257E-04,7.833573213795E-04),.UNSPECIFIED.);
#2742 = CARTESIAN_POINT('',(8.575065307182,15.15,2.762802658462));
#2743 = CARTESIAN_POINT('',(8.575065307182,15.282398548944,
    2.762802658462));
#2744 = CARTESIAN_POINT('',(8.536439997033,15.411844140656,
    2.801427968611));
#2745 = CARTESIAN_POINT('',(8.405349166971,15.596198199582,
    2.932518798673));
#2746 = CARTESIAN_POINT('',(8.312763548482,15.65,3.025104417162));
#2747 = CARTESIAN_POINT('',(8.220322015429,15.65,3.117545950215));
#2748 = PCURVE('',#2503,#2749);
#2749 = DEFINITIONAL_REPRESENTATION('',(#2750),#2776);
#2750 = B_SPLINE_CURVE_WITH_KNOTS('',3,(#2751,#2752,#2753,#2754,#2755,
    #2756,#2757,#2758,#2759,#2760,#2761,#2762,#2763,#2764,#2765,#2766,
    #2767,#2768,#2769,#2770,#2771,#2772,#2773,#2774,#2775),
  .UNSPECIFIED.,.F.,.F.,(4,1,1,1,1,1,1,1,1,1,1,1,1,1,1,1,1,1,1,1,1,1,4),
  (1.97165671932E-07,3.579535456773E-05,7.139354346353E-05,
    1.069917323593E-04,1.425899212551E-04,1.781881101509E-04,
    2.137862990467E-04,2.493844879425E-04,2.849826768383E-04,
    3.205808657341E-04,3.561790546299E-04,3.917772435257E-04,
    4.273754324215E-04,4.629736213173E-04,4.985718102131E-04,
    5.341699991089E-04,5.697681880047E-04,6.053663769005E-04,
    6.409645657963E-04,6.765627546921E-04,7.121609435879E-04,
    7.477591324837E-04,7.833573213795E-04),.QUASI_UNIFORM_KNOTS.);
#2751 = CARTESIAN_POINT('',(3.998480266873,0.));
#2752 = CARTESIAN_POINT('',(3.998480320598,2.40700697323E-02));
#2753 = CARTESIAN_POINT('',(3.99851093293,7.212180658261E-02));
#2754 = CARTESIAN_POINT('',(3.99864688441,0.143994026997));
#2755 = CARTESIAN_POINT('',(3.998871144802,0.215730791766));
#2756 = CARTESIAN_POINT('',(3.999182838477,0.287366658287));
#2757 = CARTESIAN_POINT('',(3.999581600611,0.358920035786));
#2758 = CARTESIAN_POINT('',(4.000067635607,0.430395702577));
#2759 = CARTESIAN_POINT('',(4.00064168058,0.501792386071));
#2760 = CARTESIAN_POINT('',(4.00130500736,0.573108893461));
#2761 = CARTESIAN_POINT('',(4.002059415938,0.644352047604));
#2762 = CARTESIAN_POINT('',(4.002907271614,0.71553881236));
#2763 = CARTESIAN_POINT('',(4.003851422567,0.786718744944));
#2764 = CARTESIAN_POINT('',(4.004895598813,0.85791893095));
#2765 = CARTESIAN_POINT('',(4.006040087478,0.929161262929));
#2766 = CARTESIAN_POINT('',(4.007285035133,1.000480204021));
#2767 = CARTESIAN_POINT('',(4.008630735528,1.071868731821));
#2768 = CARTESIAN_POINT('',(4.010077442204,1.14330202086));
#2769 = CARTESIAN_POINT('',(4.011625297568,1.214741065038));
#2770 = CARTESIAN_POINT('',(4.013274213194,1.286142344552));
#2771 = CARTESIAN_POINT('',(4.015023756032,1.357465786367));
#2772 = CARTESIAN_POINT('',(4.016872972294,1.428684421993));
#2773 = CARTESIAN_POINT('',(4.018820352888,1.499788245743));
#2774 = CARTESIAN_POINT('',(4.020182237501,1.547134310449));
#2775 = CARTESIAN_POINT('',(4.020878692095,1.570796326795));
#2776 = ( GEOMETRIC_REPRESENTATION_CONTEXT(2) 
PARAMETRIC_REPRESENTATION_CONTEXT() REPRESENTATION_CONTEXT('2D SPACE',''
  ) );
#2777 = PCURVE('',#1782,#2778);
#2778 = DEFINITIONAL_REPRESENTATION('',(#2779),#2786);
#2779 = B_SPLINE_CURVE_WITH_KNOTS('',3,(#2780,#2781,#2782,#2783,#2784,
    #2785),.UNSPECIFIED.,.F.,.F.,(4,2,4),(1.97165671932E-07,
    3.917772435257E-04,7.833573213795E-04),.UNSPECIFIED.);
#2780 = CARTESIAN_POINT('',(0.153304098031,7.3));
#2781 = CARTESIAN_POINT('',(0.153304098031,7.432398548944));
#2782 = CARTESIAN_POINT('',(0.207928535495,7.561844140656));
#2783 = CARTESIAN_POINT('',(0.393318965271,7.746198199582));
#2784 = CARTESIAN_POINT('',(0.524254802619,7.8));
#2785 = CARTESIAN_POINT('',(0.654986872389,7.8));
#2786 = ( GEOMETRIC_REPRESENTATION_CONTEXT(2) 
PARAMETRIC_REPRESENTATION_CONTEXT() REPRESENTATION_CONTEXT('2D SPACE',''
  ) );
#2787 = ORIENTED_EDGE('',*,*,#2788,.F.);
#2788 = EDGE_CURVE('',#2789,#2738,#2791,.T.);
#2789 = VERTEX_POINT('',#2790);
#2790 = CARTESIAN_POINT('',(5.824934692818,15.15,2.762802658462));
#2791 = SURFACE_CURVE('',#2792,(#2797,#2804),.PCURVE_S1.);
#2792 = CIRCLE('',#2793,2.1);
#2793 = AXIS2_PLACEMENT_3D('',#2794,#2795,#2796);
#2794 = CARTESIAN_POINT('',(7.2,15.15,4.35));
#2795 = DIRECTION('',(-0.,-1.,-0.));
#2796 = DIRECTION('',(-1.,0.,0.));
#2797 = PCURVE('',#2503,#2798);
#2798 = DEFINITIONAL_REPRESENTATION('',(#2799),#2803);
#2799 = LINE('',#2800,#2801);
#2800 = CARTESIAN_POINT('',(6.28318530718,0.));
#2801 = VECTOR('',#2802,1.);
#2802 = DIRECTION('',(-1.,0.));
#2803 = ( GEOMETRIC_REPRESENTATION_CONTEXT(2) 
PARAMETRIC_REPRESENTATION_CONTEXT() REPRESENTATION_CONTEXT('2D SPACE',''
  ) );
#2804 = PCURVE('',#2046,#2805);
#2805 = DEFINITIONAL_REPRESENTATION('',(#2806),#2810);
#2806 = LINE('',#2807,#2808);
#2807 = CARTESIAN_POINT('',(3.14159265359,0.5));
#2808 = VECTOR('',#2809,1.);
#2809 = DIRECTION('',(1.,0.));
#2810 = ( GEOMETRIC_REPRESENTATION_CONTEXT(2) 
PARAMETRIC_REPRESENTATION_CONTEXT() REPRESENTATION_CONTEXT('2D SPACE',''
  ) );
#2811 = ORIENTED_EDGE('',*,*,#2812,.F.);
#2812 = EDGE_CURVE('',#2487,#2789,#2813,.T.);
#2813 = SURFACE_CURVE('',#2814,(#2821,#2850),.PCURVE_S1.);
#2814 = B_SPLINE_CURVE_WITH_KNOTS('',3,(#2815,#2816,#2817,#2818,#2819,
    #2820),.UNSPECIFIED.,.F.,.F.,(4,2,4),(7.843649201753E-04,
    1.175634019461E-03,1.566903118747E-03),.UNSPECIFIED.);
#2815 = CARTESIAN_POINT('',(6.179677984571,15.65,3.117545950215));
#2816 = CARTESIAN_POINT('',(6.087311339241,15.65,3.025179304885));
#2817 = CARTESIAN_POINT('',(5.995398639681,15.597238303722,
    2.933266605325));
#2818 = CARTESIAN_POINT('',(5.862843270092,15.410847733105,
    2.800711235736));
#2819 = CARTESIAN_POINT('',(5.824934692818,15.282298934456,
    2.762802658462));
#2820 = CARTESIAN_POINT('',(5.824934692818,15.15,2.762802658462));
#2821 = PCURVE('',#2503,#2822);
#2822 = DEFINITIONAL_REPRESENTATION('',(#2823),#2849);
#2823 = B_SPLINE_CURVE_WITH_KNOTS('',3,(#2824,#2825,#2826,#2827,#2828,
    #2829,#2830,#2831,#2832,#2833,#2834,#2835,#2836,#2837,#2838,#2839,
    #2840,#2841,#2842,#2843,#2844,#2845,#2846,#2847,#2848),
  .UNSPECIFIED.,.F.,.F.,(4,1,1,1,1,1,1,1,1,1,1,1,1,1,1,1,1,1,1,1,1,1,4),
  (7.843649201753E-04,8.199348382922E-04,8.555047564091E-04,
    8.91074674526E-04,9.266445926429E-04,9.622145107598E-04,
    9.977844288767E-04,1.033354346994E-03,1.06892426511E-03,
    1.104494183227E-03,1.140064101344E-03,1.175634019461E-03,
    1.211203937578E-03,1.246773855695E-03,1.282343773812E-03,
    1.317913691929E-03,1.353483610046E-03,1.389053528163E-03,
    1.424623446279E-03,1.460193364396E-03,1.495763282513E-03,
    1.53133320063E-03,1.566903118747E-03),.QUASI_UNIFORM_KNOTS.);
#2824 = CARTESIAN_POINT('',(5.403899268675,1.570796326795));
#2825 = CARTESIAN_POINT('',(5.404595146807,1.547152714978));
#2826 = CARTESIAN_POINT('',(5.405955156875,1.499874240497));
#2827 = CARTESIAN_POINT('',(5.407898373193,1.428944698849));
#2828 = CARTESIAN_POINT('',(5.409742937933,1.357957137659));
#2829 = CARTESIAN_POINT('',(5.411488022387,1.286893760102));
#2830 = CARTESIAN_POINT('',(5.413133260233,1.215747711758));
#2831 = CARTESIAN_POINT('',(5.414678711096,1.144519908416));
#2832 = CARTESIAN_POINT('',(5.416124718573,1.073210734649));
#2833 = CARTESIAN_POINT('',(5.417471770235,1.001816907541));
#2834 = CARTESIAN_POINT('',(5.418720547297,0.930312788287));
#2835 = CARTESIAN_POINT('',(5.419871292148,0.858689805041));
#2836 = CARTESIAN_POINT('',(5.420925779891,0.786781055206));
#2837 = CARTESIAN_POINT('',(5.421879607983,0.714889978462));
#2838 = CARTESIAN_POINT('',(5.422732411785,0.643315459454));
#2839 = CARTESIAN_POINT('',(5.423489148628,0.571876200693));
#2840 = CARTESIAN_POINT('',(5.424152508168,0.500540491791));
#2841 = CARTESIAN_POINT('',(5.42472499395,0.429252059975));
#2842 = CARTESIAN_POINT('',(5.425208401096,0.357970947953));
#2843 = CARTESIAN_POINT('',(5.425603977702,0.28665646883));
#2844 = CARTESIAN_POINT('',(5.425912398045,0.215265797068));
#2845 = CARTESIAN_POINT('',(5.426133749242,0.143747659544));
#2846 = CARTESIAN_POINT('',(5.426267596619,7.204047807122E-02));
#2847 = CARTESIAN_POINT('',(5.426297641118,2.405272103372E-02));
#2848 = CARTESIAN_POINT('',(5.426297693897,0.));
#2849 = ( GEOMETRIC_REPRESENTATION_CONTEXT(2) 
PARAMETRIC_REPRESENTATION_CONTEXT() REPRESENTATION_CONTEXT('2D SPACE',''
  ) );
#2850 = PCURVE('',#1725,#2851);
#2851 = DEFINITIONAL_REPRESENTATION('',(#2852),#2859);
#2852 = B_SPLINE_CURVE_WITH_KNOTS('',3,(#2853,#2854,#2855,#2856,#2857,
    #2858),.UNSPECIFIED.,.F.,.F.,(4,2,4),(7.843649201753E-04,
    1.175634019461E-03,1.566903118747E-03),.UNSPECIFIED.);
#2853 = CARTESIAN_POINT('',(-0.654986872389,7.8));
#2854 = CARTESIAN_POINT('',(-0.524360709852,7.8));
#2855 = CARTESIAN_POINT('',(-0.394376523581,7.747238303722));
#2856 = CARTESIAN_POINT('',(-0.206914922142,7.560847733105));
#2857 = CARTESIAN_POINT('',(-0.153304098031,7.432298934456));
#2858 = CARTESIAN_POINT('',(-0.153304098031,7.3));
#2859 = ( GEOMETRIC_REPRESENTATION_CONTEXT(2) 
PARAMETRIC_REPRESENTATION_CONTEXT() REPRESENTATION_CONTEXT('2D SPACE',''
  ) );
#2860 = ORIENTED_EDGE('',*,*,#2486,.F.);
#2861 = ADVANCED_FACE('',(#2862),#2018,.T.);
#2862 = FACE_BOUND('',#2863,.T.);
#2863 = EDGE_LOOP('',(#2864,#2865,#2866,#2915));
#2864 = ORIENTED_EDGE('',*,*,#2363,.F.);
#2865 = ORIENTED_EDGE('',*,*,#1994,.F.);
#2866 = ORIENTED_EDGE('',*,*,#2867,.F.);
#2867 = EDGE_CURVE('',#2563,#1995,#2868,.T.);
#2868 = SURFACE_CURVE('',#2869,(#2876,#2905),.PCURVE_S1.);
#2869 = B_SPLINE_CURVE_WITH_KNOTS('',3,(#2870,#2871,#2872,#2873,#2874,
    #2875),.UNSPECIFIED.,.F.,.F.,(4,2,4),(7.843649201753E-04,
    1.175634019461E-03,1.566903118747E-03),.UNSPECIFIED.);
#2870 = CARTESIAN_POINT('',(5.967545950215,15.65,5.370322015429));
#2871 = CARTESIAN_POINT('',(5.875179304885,15.65,5.462688660759));
#2872 = CARTESIAN_POINT('',(5.783266605325,15.597238303722,
    5.554601360319));
#2873 = CARTESIAN_POINT('',(5.650711235736,15.410847733105,
    5.687156729908));
#2874 = CARTESIAN_POINT('',(5.612802658462,15.282298934456,
    5.725065307182));
#2875 = CARTESIAN_POINT('',(5.612802658462,15.15,5.725065307182));
#2876 = PCURVE('',#2018,#2877);
#2877 = DEFINITIONAL_REPRESENTATION('',(#2878),#2904);
#2878 = B_SPLINE_CURVE_WITH_KNOTS('',3,(#2879,#2880,#2881,#2882,#2883,
    #2884,#2885,#2886,#2887,#2888,#2889,#2890,#2891,#2892,#2893,#2894,
    #2895,#2896,#2897,#2898,#2899,#2900,#2901,#2902,#2903),
  .UNSPECIFIED.,.F.,.F.,(4,1,1,1,1,1,1,1,1,1,1,1,1,1,1,1,1,1,1,1,1,1,4),
  (7.843649201753E-04,8.199348382922E-04,8.555047564091E-04,
    8.91074674526E-04,9.266445926429E-04,9.622145107598E-04,
    9.977844288767E-04,1.033354346994E-03,1.06892426511E-03,
    1.104494183227E-03,1.140064101344E-03,1.175634019461E-03,
    1.211203937578E-03,1.246773855695E-03,1.282343773812E-03,
    1.317913691929E-03,1.353483610046E-03,1.389053528163E-03,
    1.424623446279E-03,1.460193364396E-03,1.495763282513E-03,
    1.53133320063E-03,1.566903118747E-03),.QUASI_UNIFORM_KNOTS.);
#2879 = CARTESIAN_POINT('',(0.69151028829,1.570796326795));
#2880 = CARTESIAN_POINT('',(0.692206166422,1.547152714978));
#2881 = CARTESIAN_POINT('',(0.693566176491,1.499874240497));
#2882 = CARTESIAN_POINT('',(0.695509392809,1.428944698849));
#2883 = CARTESIAN_POINT('',(0.697353957548,1.357957137659));
#2884 = CARTESIAN_POINT('',(0.699099042002,1.286893760102));
#2885 = CARTESIAN_POINT('',(0.700744279849,1.215747711758));
#2886 = CARTESIAN_POINT('',(0.702289730711,1.144519908416));
#2887 = CARTESIAN_POINT('',(0.703735738188,1.073210734649));
#2888 = CARTESIAN_POINT('',(0.705082789851,1.001816907541));
#2889 = CARTESIAN_POINT('',(0.706331566913,0.930312788287));
#2890 = CARTESIAN_POINT('',(0.707482311763,0.858689805041));
#2891 = CARTESIAN_POINT('',(0.708536799506,0.786781055206));
#2892 = CARTESIAN_POINT('',(0.709490627598,0.714889978462));
#2893 = CARTESIAN_POINT('',(0.7103434314,0.643315459454));
#2894 = CARTESIAN_POINT('',(0.711100168243,0.571876200693));
#2895 = CARTESIAN_POINT('',(0.711763527784,0.500540491791));
#2896 = CARTESIAN_POINT('',(0.712336013566,0.429252059975));
#2897 = CARTESIAN_POINT('',(0.712819420711,0.357970947953));
#2898 = CARTESIAN_POINT('',(0.713214997317,0.28665646883));
#2899 = CARTESIAN_POINT('',(0.71352341766,0.215265797068));
#2900 = CARTESIAN_POINT('',(0.713744768858,0.143747659544));
#2901 = CARTESIAN_POINT('',(0.713878616234,7.204047807122E-02));
#2902 = CARTESIAN_POINT('',(0.713908660733,2.405272103372E-02));
#2903 = CARTESIAN_POINT('',(0.713908713512,0.));
#2904 = ( GEOMETRIC_REPRESENTATION_CONTEXT(2) 
PARAMETRIC_REPRESENTATION_CONTEXT() REPRESENTATION_CONTEXT('2D SPACE',''
  ) );
#2905 = PCURVE('',#2319,#2906);
#2906 = DEFINITIONAL_REPRESENTATION('',(#2907),#2914);
#2907 = B_SPLINE_CURVE_WITH_KNOTS('',3,(#2908,#2909,#2910,#2911,#2912,
    #2913),.UNSPECIFIED.,.F.,.F.,(4,2,4),(7.843649201753E-04,
    1.175634019461E-03,1.566903118747E-03),.UNSPECIFIED.);
#2908 = CARTESIAN_POINT('',(-0.654986872389,7.8));
#2909 = CARTESIAN_POINT('',(-0.524360709852,7.8));
#2910 = CARTESIAN_POINT('',(-0.394376523581,7.747238303722));
#2911 = CARTESIAN_POINT('',(-0.206914922142,7.560847733105));
#2912 = CARTESIAN_POINT('',(-0.153304098031,7.432298934456));
#2913 = CARTESIAN_POINT('',(-0.153304098031,7.3));
#2914 = ( GEOMETRIC_REPRESENTATION_CONTEXT(2) 
PARAMETRIC_REPRESENTATION_CONTEXT() REPRESENTATION_CONTEXT('2D SPACE',''
  ) );
#2915 = ORIENTED_EDGE('',*,*,#2562,.F.);
#2916 = ADVANCED_FACE('',(#2917),#2236,.T.);
#2917 = FACE_BOUND('',#2918,.T.);
#2918 = EDGE_LOOP('',(#2919,#2968,#2969,#3018));
#2919 = ORIENTED_EDGE('',*,*,#2920,.F.);
#2920 = EDGE_CURVE('',#2220,#2636,#2921,.T.);
#2921 = SURFACE_CURVE('',#2922,(#2929,#2958),.PCURVE_S1.);
#2922 = B_SPLINE_CURVE_WITH_KNOTS('',3,(#2923,#2924,#2925,#2926,#2927,
    #2928),.UNSPECIFIED.,.F.,.F.,(4,2,4),(1.971656719321E-07,
    3.917772435257E-04,7.833573213795E-04),.UNSPECIFIED.);
#2923 = CARTESIAN_POINT('',(5.824934692818,15.15,5.937197341538));
#2924 = CARTESIAN_POINT('',(5.824934692818,15.282398548944,
    5.937197341538));
#2925 = CARTESIAN_POINT('',(5.863560002967,15.411844140656,
    5.898572031389));
#2926 = CARTESIAN_POINT('',(5.994650833029,15.596198199582,
    5.767481201327));
#2927 = CARTESIAN_POINT('',(6.087236451518,15.65,5.674895582838));
#2928 = CARTESIAN_POINT('',(6.179677984571,15.65,5.582454049785));
#2929 = PCURVE('',#2236,#2930);
#2930 = DEFINITIONAL_REPRESENTATION('',(#2931),#2957);
#2931 = B_SPLINE_CURVE_WITH_KNOTS('',3,(#2932,#2933,#2934,#2935,#2936,
    #2937,#2938,#2939,#2940,#2941,#2942,#2943,#2944,#2945,#2946,#2947,
    #2948,#2949,#2950,#2951,#2952,#2953,#2954,#2955,#2956),
  .UNSPECIFIED.,.F.,.F.,(4,1,1,1,1,1,1,1,1,1,1,1,1,1,1,1,1,1,1,1,1,1,4),
  (1.971656719321E-07,3.579535456773E-05,7.139354346353E-05,
    1.069917323593E-04,1.425899212551E-04,1.781881101509E-04,
    2.137862990467E-04,2.493844879425E-04,2.849826768383E-04,
    3.205808657341E-04,3.561790546299E-04,3.917772435257E-04,
    4.273754324215E-04,4.629736213173E-04,4.985718102131E-04,
    5.341699991089E-04,5.697681880047E-04,6.053663769005E-04,
    6.409645657963E-04,6.765627546921E-04,7.121609435879E-04,
    7.477591324837E-04,7.833573213795E-04),.QUASI_UNIFORM_KNOTS.);
#2932 = CARTESIAN_POINT('',(0.856887613283,0.));
#2933 = CARTESIAN_POINT('',(0.856887667009,2.40700697323E-02));
#2934 = CARTESIAN_POINT('',(0.85691827934,7.212180658261E-02));
#2935 = CARTESIAN_POINT('',(0.85705423082,0.143994026997));
#2936 = CARTESIAN_POINT('',(0.857278491212,0.215730791766));
#2937 = CARTESIAN_POINT('',(0.857590184887,0.287366658287));
#2938 = CARTESIAN_POINT('',(0.857988947021,0.358920035786));
#2939 = CARTESIAN_POINT('',(0.858474982018,0.430395702577));
#2940 = CARTESIAN_POINT('',(0.85904902699,0.501792386071));
#2941 = CARTESIAN_POINT('',(0.85971235377,0.573108893461));
#2942 = CARTESIAN_POINT('',(0.860466762348,0.644352047604));
#2943 = CARTESIAN_POINT('',(0.861314618024,0.71553881236));
#2944 = CARTESIAN_POINT('',(0.862258768977,0.786718744944));
#2945 = CARTESIAN_POINT('',(0.863302945223,0.85791893095));
#2946 = CARTESIAN_POINT('',(0.864447433888,0.929161262929));
#2947 = CARTESIAN_POINT('',(0.865692381543,1.000480204021));
#2948 = CARTESIAN_POINT('',(0.867038081938,1.071868731821));
#2949 = CARTESIAN_POINT('',(0.868484788614,1.14330202086));
#2950 = CARTESIAN_POINT('',(0.870032643978,1.214741065038));
#2951 = CARTESIAN_POINT('',(0.871681559605,1.286142344552));
#2952 = CARTESIAN_POINT('',(0.873431102442,1.357465786367));
#2953 = CARTESIAN_POINT('',(0.875280318704,1.428684421993));
#2954 = CARTESIAN_POINT('',(0.877227699298,1.499788245743));
#2955 = CARTESIAN_POINT('',(0.878589583911,1.547134310449));
#2956 = CARTESIAN_POINT('',(0.879286038505,1.570796326795));
#2957 = ( GEOMETRIC_REPRESENTATION_CONTEXT(2) 
PARAMETRIC_REPRESENTATION_CONTEXT() REPRESENTATION_CONTEXT('2D SPACE',''
  ) );
#2958 = PCURVE('',#2264,#2959);
#2959 = DEFINITIONAL_REPRESENTATION('',(#2960),#2967);
#2960 = B_SPLINE_CURVE_WITH_KNOTS('',3,(#2961,#2962,#2963,#2964,#2965,
    #2966),.UNSPECIFIED.,.F.,.F.,(4,2,4),(1.971656719321E-07,
    3.917772435257E-04,7.833573213795E-04),.UNSPECIFIED.);
#2961 = CARTESIAN_POINT('',(0.153304098031,7.3));
#2962 = CARTESIAN_POINT('',(0.153304098031,7.432398548944));
#2963 = CARTESIAN_POINT('',(0.207928535495,7.561844140656));
#2964 = CARTESIAN_POINT('',(0.393318965271,7.746198199582));
#2965 = CARTESIAN_POINT('',(0.524254802619,7.8));
#2966 = CARTESIAN_POINT('',(0.654986872389,7.8));
#2967 = ( GEOMETRIC_REPRESENTATION_CONTEXT(2) 
PARAMETRIC_REPRESENTATION_CONTEXT() REPRESENTATION_CONTEXT('2D SPACE',''
  ) );
#2968 = ORIENTED_EDGE('',*,*,#2219,.F.);
#2969 = ORIENTED_EDGE('',*,*,#2970,.F.);
#2970 = EDGE_CURVE('',#2666,#2192,#2971,.T.);
#2971 = SURFACE_CURVE('',#2972,(#2979,#3008),.PCURVE_S1.);
#2972 = B_SPLINE_CURVE_WITH_KNOTS('',3,(#2973,#2974,#2975,#2976,#2977,
    #2978),.UNSPECIFIED.,.F.,.F.,(4,2,4),(7.843649201753E-04,
    1.175634019461E-03,1.566903118747E-03),.UNSPECIFIED.);
#2973 = CARTESIAN_POINT('',(8.220322015429,15.65,5.582454049785));
#2974 = CARTESIAN_POINT('',(8.312688660759,15.65,5.674820695115));
#2975 = CARTESIAN_POINT('',(8.404601360319,15.597238303722,
    5.766733394675));
#2976 = CARTESIAN_POINT('',(8.537156729908,15.410847733105,
    5.899288764264));
#2977 = CARTESIAN_POINT('',(8.575065307182,15.282298934456,
    5.937197341538));
#2978 = CARTESIAN_POINT('',(8.575065307182,15.15,5.937197341538));
#2979 = PCURVE('',#2236,#2980);
#2980 = DEFINITIONAL_REPRESENTATION('',(#2981),#3007);
#2981 = B_SPLINE_CURVE_WITH_KNOTS('',3,(#2982,#2983,#2984,#2985,#2986,
    #2987,#2988,#2989,#2990,#2991,#2992,#2993,#2994,#2995,#2996,#2997,
    #2998,#2999,#3000,#3001,#3002,#3003,#3004,#3005,#3006),
  .UNSPECIFIED.,.F.,.F.,(4,1,1,1,1,1,1,1,1,1,1,1,1,1,1,1,1,1,1,1,1,1,4),
  (7.843649201753E-04,8.199348382922E-04,8.555047564091E-04,
    8.91074674526E-04,9.266445926429E-04,9.622145107598E-04,
    9.977844288767E-04,1.033354346994E-03,1.06892426511E-03,
    1.104494183227E-03,1.140064101344E-03,1.175634019461E-03,
    1.211203937578E-03,1.246773855695E-03,1.282343773812E-03,
    1.317913691929E-03,1.353483610046E-03,1.389053528163E-03,
    1.424623446279E-03,1.460193364396E-03,1.495763282513E-03,
    1.53133320063E-03,1.566903118747E-03),.QUASI_UNIFORM_KNOTS.);
#2982 = CARTESIAN_POINT('',(2.262306615085,1.570796326795));
#2983 = CARTESIAN_POINT('',(2.263002493217,1.547152714978));
#2984 = CARTESIAN_POINT('',(2.264362503286,1.499874240497));
#2985 = CARTESIAN_POINT('',(2.266305719603,1.428944698849));
#2986 = CARTESIAN_POINT('',(2.268150284343,1.357957137659));
#2987 = CARTESIAN_POINT('',(2.269895368797,1.286893760102));
#2988 = CARTESIAN_POINT('',(2.271540606644,1.215747711758));
#2989 = CARTESIAN_POINT('',(2.273086057506,1.144519908416));
#2990 = CARTESIAN_POINT('',(2.274532064983,1.073210734649));
#2991 = CARTESIAN_POINT('',(2.275879116646,1.001816907541));
#2992 = CARTESIAN_POINT('',(2.277127893707,0.930312788287));
#2993 = CARTESIAN_POINT('',(2.278278638558,0.858689805041));
#2994 = CARTESIAN_POINT('',(2.279333126301,0.786781055206));
#2995 = CARTESIAN_POINT('',(2.280286954393,0.714889978462));
#2996 = CARTESIAN_POINT('',(2.281139758195,0.643315459454));
#2997 = CARTESIAN_POINT('',(2.281896495038,0.571876200693));
#2998 = CARTESIAN_POINT('',(2.282559854578,0.500540491791));
#2999 = CARTESIAN_POINT('',(2.283132340361,0.429252059975));
#3000 = CARTESIAN_POINT('',(2.283615747506,0.357970947953));
#3001 = CARTESIAN_POINT('',(2.284011324112,0.28665646883));
#3002 = CARTESIAN_POINT('',(2.284319744455,0.215265797068));
#3003 = CARTESIAN_POINT('',(2.284541095653,0.143747659544));
#3004 = CARTESIAN_POINT('',(2.284674943029,7.204047807122E-02));
#3005 = CARTESIAN_POINT('',(2.284704987528,2.405272103372E-02));
#3006 = CARTESIAN_POINT('',(2.284705040307,0.));
#3007 = ( GEOMETRIC_REPRESENTATION_CONTEXT(2) 
PARAMETRIC_REPRESENTATION_CONTEXT() REPRESENTATION_CONTEXT('2D SPACE',''
  ) );
#3008 = PCURVE('',#2207,#3009);
#3009 = DEFINITIONAL_REPRESENTATION('',(#3010),#3017);
#3010 = B_SPLINE_CURVE_WITH_KNOTS('',3,(#3011,#3012,#3013,#3014,#3015,
    #3016),.UNSPECIFIED.,.F.,.F.,(4,2,4),(7.843649201753E-04,
    1.175634019461E-03,1.566903118747E-03),.UNSPECIFIED.);
#3011 = CARTESIAN_POINT('',(-0.654986872389,7.8));
#3012 = CARTESIAN_POINT('',(-0.524360709852,7.8));
#3013 = CARTESIAN_POINT('',(-0.394376523581,7.747238303722));
#3014 = CARTESIAN_POINT('',(-0.206914922142,7.560847733105));
#3015 = CARTESIAN_POINT('',(-0.153304098031,7.432298934456));
#3016 = CARTESIAN_POINT('',(-0.153304098031,7.3));
#3017 = ( GEOMETRIC_REPRESENTATION_CONTEXT(2) 
PARAMETRIC_REPRESENTATION_CONTEXT() REPRESENTATION_CONTEXT('2D SPACE',''
  ) );
#3018 = ORIENTED_EDGE('',*,*,#2665,.F.);
#3019 = ADVANCED_FACE('',(#3020),#1872,.T.);
#3020 = FACE_BOUND('',#3021,.T.);
#3021 = EDGE_LOOP('',(#3022,#3045,#3046,#3070,#3093));
#3022 = ORIENTED_EDGE('',*,*,#3023,.F.);
#3023 = EDGE_CURVE('',#1828,#3024,#3026,.T.);
#3024 = VERTEX_POINT('',#3025);
#3025 = CARTESIAN_POINT('',(8.432454049785,15.65,3.329677984571));
#3026 = SURFACE_CURVE('',#3027,(#3031,#3038),.PCURVE_S1.);
#3027 = LINE('',#3028,#3029);
#3028 = CARTESIAN_POINT('',(8.895599708839,15.65,2.866532325516));
#3029 = VECTOR('',#3030,1.);
#3030 = DIRECTION('',(0.707106781187,-0.,-0.707106781187));
#3031 = PCURVE('',#1872,#3032);
#3032 = DEFINITIONAL_REPRESENTATION('',(#3033),#3037);
#3033 = LINE('',#3034,#3035);
#3034 = CARTESIAN_POINT('',(-1.695599708839,-1.483467674484));
#3035 = VECTOR('',#3036,1.);
#3036 = DIRECTION('',(-0.707106781187,-0.707106781187));
#3037 = ( GEOMETRIC_REPRESENTATION_CONTEXT(2) 
PARAMETRIC_REPRESENTATION_CONTEXT() REPRESENTATION_CONTEXT('2D SPACE',''
  ) );
#3038 = PCURVE('',#1843,#3039);
#3039 = DEFINITIONAL_REPRESENTATION('',(#3040),#3044);
#3040 = LINE('',#3041,#3042);
#3041 = CARTESIAN_POINT('',(0.,7.8));
#3042 = VECTOR('',#3043,1.);
#3043 = DIRECTION('',(1.,0.));
#3044 = ( GEOMETRIC_REPRESENTATION_CONTEXT(2) 
PARAMETRIC_REPRESENTATION_CONTEXT() REPRESENTATION_CONTEXT('2D SPACE',''
  ) );
#3045 = ORIENTED_EDGE('',*,*,#1855,.F.);
#3046 = ORIENTED_EDGE('',*,*,#3047,.F.);
#3047 = EDGE_CURVE('',#3048,#1856,#3050,.T.);
#3048 = VERTEX_POINT('',#3049);
#3049 = CARTESIAN_POINT('',(7.825681259449,15.65,4.763549225093));
#3050 = SURFACE_CURVE('',#3051,(#3056,#3063),.PCURVE_S1.);
#3051 = CIRCLE('',#3052,0.75);
#3052 = AXIS2_PLACEMENT_3D('',#3053,#3054,#3055);
#3053 = CARTESIAN_POINT('',(7.2,15.65,4.35));
#3054 = DIRECTION('',(0.,1.,-0.));
#3055 = DIRECTION('',(-1.,0.,0.));
#3056 = PCURVE('',#1872,#3057);
#3057 = DEFINITIONAL_REPRESENTATION('',(#3058),#3062);
#3058 = CIRCLE('',#3059,0.75);
#3059 = AXIS2_PLACEMENT_2D('',#3060,#3061);
#3060 = CARTESIAN_POINT('',(0.,0.));
#3061 = DIRECTION('',(1.,0.));
#3062 = ( GEOMETRIC_REPRESENTATION_CONTEXT(2) 
PARAMETRIC_REPRESENTATION_CONTEXT() REPRESENTATION_CONTEXT('2D SPACE',''
  ) );
#3063 = PCURVE('',#1900,#3064);
#3064 = DEFINITIONAL_REPRESENTATION('',(#3065),#3069);
#3065 = LINE('',#3066,#3067);
#3066 = CARTESIAN_POINT('',(3.14159265359,0.));
#3067 = VECTOR('',#3068,1.);
#3068 = DIRECTION('',(-1.,0.));
#3069 = ( GEOMETRIC_REPRESENTATION_CONTEXT(2) 
PARAMETRIC_REPRESENTATION_CONTEXT() REPRESENTATION_CONTEXT('2D SPACE',''
  ) );
#3070 = ORIENTED_EDGE('',*,*,#3071,.F.);
#3071 = EDGE_CURVE('',#3072,#3048,#3074,.T.);
#3072 = VERTEX_POINT('',#3073);
#3073 = CARTESIAN_POINT('',(8.432454049785,15.65,5.370322015429));
#3074 = SURFACE_CURVE('',#3075,(#3079,#3086),.PCURVE_S1.);
#3075 = LINE('',#3076,#3077);
#3076 = CARTESIAN_POINT('',(8.89559970884,15.65,5.833467674484));
#3077 = VECTOR('',#3078,1.);
#3078 = DIRECTION('',(-0.707106781187,0.,-0.707106781187));
#3079 = PCURVE('',#1872,#3080);
#3080 = DEFINITIONAL_REPRESENTATION('',(#3081),#3085);
#3081 = LINE('',#3082,#3083);
#3082 = CARTESIAN_POINT('',(-1.69559970884,1.483467674484));
#3083 = VECTOR('',#3084,1.);
#3084 = DIRECTION('',(0.707106781187,-0.707106781187));
#3085 = ( GEOMETRIC_REPRESENTATION_CONTEXT(2) 
PARAMETRIC_REPRESENTATION_CONTEXT() REPRESENTATION_CONTEXT('2D SPACE',''
  ) );
#3086 = PCURVE('',#2150,#3087);
#3087 = DEFINITIONAL_REPRESENTATION('',(#3088),#3092);
#3088 = LINE('',#3089,#3090);
#3089 = CARTESIAN_POINT('',(0.,7.8));
#3090 = VECTOR('',#3091,1.);
#3091 = DIRECTION('',(1.,0.));
#3092 = ( GEOMETRIC_REPRESENTATION_CONTEXT(2) 
PARAMETRIC_REPRESENTATION_CONTEXT() REPRESENTATION_CONTEXT('2D SPACE',''
  ) );
#3093 = ORIENTED_EDGE('',*,*,#3094,.T.);
#3094 = EDGE_CURVE('',#3072,#3024,#3095,.T.);
#3095 = SURFACE_CURVE('',#3096,(#3101,#3108),.PCURVE_S1.);
#3096 = CIRCLE('',#3097,1.6);
#3097 = AXIS2_PLACEMENT_3D('',#3098,#3099,#3100);
#3098 = CARTESIAN_POINT('',(7.2,15.65,4.35));
#3099 = DIRECTION('',(0.,1.,-0.));
#3100 = DIRECTION('',(-1.,0.,0.));
#3101 = PCURVE('',#1872,#3102);
#3102 = DEFINITIONAL_REPRESENTATION('',(#3103),#3107);
#3103 = CIRCLE('',#3104,1.6);
#3104 = AXIS2_PLACEMENT_2D('',#3105,#3106);
#3105 = CARTESIAN_POINT('',(0.,0.));
#3106 = DIRECTION('',(1.,0.));
#3107 = ( GEOMETRIC_REPRESENTATION_CONTEXT(2) 
PARAMETRIC_REPRESENTATION_CONTEXT() REPRESENTATION_CONTEXT('2D SPACE',''
  ) );
#3108 = PCURVE('',#2122,#3109);
#3109 = DEFINITIONAL_REPRESENTATION('',(#3110),#3114);
#3110 = LINE('',#3111,#3112);
#3111 = CARTESIAN_POINT('',(0.,1.570796326795));
#3112 = VECTOR('',#3113,1.);
#3113 = DIRECTION('',(1.,-4.816514128968E-16));
#3114 = ( GEOMETRIC_REPRESENTATION_CONTEXT(2) 
PARAMETRIC_REPRESENTATION_CONTEXT() REPRESENTATION_CONTEXT('2D SPACE',''
  ) );
#3115 = ADVANCED_FACE('',(#3116,#3141),#1929,.F.);
#3116 = FACE_BOUND('',#3117,.T.);
#3117 = EDGE_LOOP('',(#3118,#3140));
#3118 = ORIENTED_EDGE('',*,*,#3119,.F.);
#3119 = EDGE_CURVE('',#2059,#2031,#3120,.T.);
#3120 = SURFACE_CURVE('',#3121,(#3126,#3133),.PCURVE_S1.);
#3121 = CIRCLE('',#3122,2.1);
#3122 = AXIS2_PLACEMENT_3D('',#3123,#3124,#3125);
#3123 = CARTESIAN_POINT('',(7.2,7.65,4.35));
#3124 = DIRECTION('',(0.,1.,-0.));
#3125 = DIRECTION('',(-1.,0.,0.));
#3126 = PCURVE('',#1929,#3127);
#3127 = DEFINITIONAL_REPRESENTATION('',(#3128),#3132);
#3128 = CIRCLE('',#3129,2.1);
#3129 = AXIS2_PLACEMENT_2D('',#3130,#3131);
#3130 = CARTESIAN_POINT('',(0.,0.));
#3131 = DIRECTION('',(1.,0.));
#3132 = ( GEOMETRIC_REPRESENTATION_CONTEXT(2) 
PARAMETRIC_REPRESENTATION_CONTEXT() REPRESENTATION_CONTEXT('2D SPACE',''
  ) );
#3133 = PCURVE('',#2046,#3134);
#3134 = DEFINITIONAL_REPRESENTATION('',(#3135),#3139);
#3135 = LINE('',#3136,#3137);
#3136 = CARTESIAN_POINT('',(9.424777960769,8.));
#3137 = VECTOR('',#3138,1.);
#3138 = DIRECTION('',(-1.,0.));
#3139 = ( GEOMETRIC_REPRESENTATION_CONTEXT(2) 
PARAMETRIC_REPRESENTATION_CONTEXT() REPRESENTATION_CONTEXT('2D SPACE',''
  ) );
#3140 = ORIENTED_EDGE('',*,*,#2058,.F.);
#3141 = FACE_BOUND('',#3142,.T.);
#3142 = EDGE_LOOP('',(#3143,#3144));
#3143 = ORIENTED_EDGE('',*,*,#1912,.T.);
#3144 = ORIENTED_EDGE('',*,*,#3145,.T.);
#3145 = EDGE_CURVE('',#1913,#1885,#3146,.T.);
#3146 = SURFACE_CURVE('',#3147,(#3152,#3159),.PCURVE_S1.);
#3147 = CIRCLE('',#3148,0.75);
#3148 = AXIS2_PLACEMENT_3D('',#3149,#3150,#3151);
#3149 = CARTESIAN_POINT('',(7.2,7.65,4.35));
#3150 = DIRECTION('',(0.,1.,-0.));
#3151 = DIRECTION('',(-1.,0.,0.));
#3152 = PCURVE('',#1929,#3153);
#3153 = DEFINITIONAL_REPRESENTATION('',(#3154),#3158);
#3154 = CIRCLE('',#3155,0.75);
#3155 = AXIS2_PLACEMENT_2D('',#3156,#3157);
#3156 = CARTESIAN_POINT('',(0.,0.));
#3157 = DIRECTION('',(1.,0.));
#3158 = ( GEOMETRIC_REPRESENTATION_CONTEXT(2) 
PARAMETRIC_REPRESENTATION_CONTEXT() REPRESENTATION_CONTEXT('2D SPACE',''
  ) );
#3159 = PCURVE('',#1900,#3160);
#3160 = DEFINITIONAL_REPRESENTATION('',(#3161),#3165);
#3161 = LINE('',#3162,#3163);
#3162 = CARTESIAN_POINT('',(3.14159265359,8.));
#3163 = VECTOR('',#3164,1.);
#3164 = DIRECTION('',(-1.,0.));
#3165 = ( GEOMETRIC_REPRESENTATION_CONTEXT(2) 
PARAMETRIC_REPRESENTATION_CONTEXT() REPRESENTATION_CONTEXT('2D SPACE',''
  ) );
#3166 = ADVANCED_FACE('',(#3167),#2046,.T.);
#3167 = FACE_BOUND('',#3168,.T.);
#3168 = EDGE_LOOP('',(#3169,#3170,#3171,#3194,#3218,#3239,#3240,#3263,
    #3287,#3310,#3332,#3333));
#3169 = ORIENTED_EDGE('',*,*,#2030,.F.);
#3170 = ORIENTED_EDGE('',*,*,#2334,.T.);
#3171 = ORIENTED_EDGE('',*,*,#3172,.T.);
#3172 = EDGE_CURVE('',#2335,#3173,#3175,.T.);
#3173 = VERTEX_POINT('',#3174);
#3174 = CARTESIAN_POINT('',(5.612802658462,7.85,2.974934692818));
#3175 = SURFACE_CURVE('',#3176,(#3180,#3187),.PCURVE_S1.);
#3176 = LINE('',#3177,#3178);
#3177 = CARTESIAN_POINT('',(5.612802658462,15.65,2.974934692818));
#3178 = VECTOR('',#3179,1.);
#3179 = DIRECTION('',(0.,-1.,-0.));
#3180 = PCURVE('',#2046,#3181);
#3181 = DEFINITIONAL_REPRESENTATION('',(#3182),#3186);
#3182 = LINE('',#3183,#3184);
#3183 = CARTESIAN_POINT('',(3.855501367102,0.));
#3184 = VECTOR('',#3185,1.);
#3185 = DIRECTION('',(0.,1.));
#3186 = ( GEOMETRIC_REPRESENTATION_CONTEXT(2) 
PARAMETRIC_REPRESENTATION_CONTEXT() REPRESENTATION_CONTEXT('2D SPACE',''
  ) );
#3187 = PCURVE('',#1664,#3188);
#3188 = DEFINITIONAL_REPRESENTATION('',(#3189),#3193);
#3189 = LINE('',#3190,#3191);
#3190 = CARTESIAN_POINT('',(0.153304098031,7.8));
#3191 = VECTOR('',#3192,1.);
#3192 = DIRECTION('',(0.,-1.));
#3193 = ( GEOMETRIC_REPRESENTATION_CONTEXT(2) 
PARAMETRIC_REPRESENTATION_CONTEXT() REPRESENTATION_CONTEXT('2D SPACE',''
  ) );
#3194 = ORIENTED_EDGE('',*,*,#3195,.F.);
#3195 = EDGE_CURVE('',#3196,#3173,#3198,.T.);
#3196 = VERTEX_POINT('',#3197);
#3197 = CARTESIAN_POINT('',(5.824934692818,7.85,2.762802658462));
#3198 = SURFACE_CURVE('',#3199,(#3204,#3211),.PCURVE_S1.);
#3199 = CIRCLE('',#3200,2.1);
#3200 = AXIS2_PLACEMENT_3D('',#3201,#3202,#3203);
#3201 = CARTESIAN_POINT('',(7.2,7.85,4.35));
#3202 = DIRECTION('',(0.,1.,-0.));
#3203 = DIRECTION('',(-1.,0.,0.));
#3204 = PCURVE('',#2046,#3205);
#3205 = DEFINITIONAL_REPRESENTATION('',(#3206),#3210);
#3206 = LINE('',#3207,#3208);
#3207 = CARTESIAN_POINT('',(9.424777960769,7.8));
#3208 = VECTOR('',#3209,1.);
#3209 = DIRECTION('',(-1.,0.));
#3210 = ( GEOMETRIC_REPRESENTATION_CONTEXT(2) 
PARAMETRIC_REPRESENTATION_CONTEXT() REPRESENTATION_CONTEXT('2D SPACE',''
  ) );
#3211 = PCURVE('',#1693,#3212);
#3212 = DEFINITIONAL_REPRESENTATION('',(#3213),#3217);
#3213 = CIRCLE('',#3214,2.1);
#3214 = AXIS2_PLACEMENT_2D('',#3215,#3216);
#3215 = CARTESIAN_POINT('',(0.,0.));
#3216 = DIRECTION('',(1.,0.));
#3217 = ( GEOMETRIC_REPRESENTATION_CONTEXT(2) 
PARAMETRIC_REPRESENTATION_CONTEXT() REPRESENTATION_CONTEXT('2D SPACE',''
  ) );
#3218 = ORIENTED_EDGE('',*,*,#3219,.T.);
#3219 = EDGE_CURVE('',#3196,#2789,#3220,.T.);
#3220 = SURFACE_CURVE('',#3221,(#3225,#3232),.PCURVE_S1.);
#3221 = LINE('',#3222,#3223);
#3222 = CARTESIAN_POINT('',(5.824934692818,15.65,2.762802658462));
#3223 = VECTOR('',#3224,1.);
#3224 = DIRECTION('',(0.,1.,0.));
#3225 = PCURVE('',#2046,#3226);
#3226 = DEFINITIONAL_REPRESENTATION('',(#3227),#3231);
#3227 = LINE('',#3228,#3229);
#3228 = CARTESIAN_POINT('',(3.998480266873,0.));
#3229 = VECTOR('',#3230,1.);
#3230 = DIRECTION('',(0.,-1.));
#3231 = ( GEOMETRIC_REPRESENTATION_CONTEXT(2) 
PARAMETRIC_REPRESENTATION_CONTEXT() REPRESENTATION_CONTEXT('2D SPACE',''
  ) );
#3232 = PCURVE('',#1725,#3233);
#3233 = DEFINITIONAL_REPRESENTATION('',(#3234),#3238);
#3234 = LINE('',#3235,#3236);
#3235 = CARTESIAN_POINT('',(-0.153304098031,7.8));
#3236 = VECTOR('',#3237,1.);
#3237 = DIRECTION('',(0.,1.));
#3238 = ( GEOMETRIC_REPRESENTATION_CONTEXT(2) 
PARAMETRIC_REPRESENTATION_CONTEXT() REPRESENTATION_CONTEXT('2D SPACE',''
  ) );
#3239 = ORIENTED_EDGE('',*,*,#2788,.T.);
#3240 = ORIENTED_EDGE('',*,*,#3241,.T.);
#3241 = EDGE_CURVE('',#2738,#3242,#3244,.T.);
#3242 = VERTEX_POINT('',#3243);
#3243 = CARTESIAN_POINT('',(8.575065307182,7.85,2.762802658462));
#3244 = SURFACE_CURVE('',#3245,(#3249,#3256),.PCURVE_S1.);
#3245 = LINE('',#3246,#3247);
#3246 = CARTESIAN_POINT('',(8.575065307182,15.65,2.762802658462));
#3247 = VECTOR('',#3248,1.);
#3248 = DIRECTION('',(0.,-1.,-0.));
#3249 = PCURVE('',#2046,#3250);
#3250 = DEFINITIONAL_REPRESENTATION('',(#3251),#3255);
#3251 = LINE('',#3252,#3253);
#3252 = CARTESIAN_POINT('',(5.426297693897,0.));
#3253 = VECTOR('',#3254,1.);
#3254 = DIRECTION('',(0.,1.));
#3255 = ( GEOMETRIC_REPRESENTATION_CONTEXT(2) 
PARAMETRIC_REPRESENTATION_CONTEXT() REPRESENTATION_CONTEXT('2D SPACE',''
  ) );
#3256 = PCURVE('',#1782,#3257);
#3257 = DEFINITIONAL_REPRESENTATION('',(#3258),#3262);
#3258 = LINE('',#3259,#3260);
#3259 = CARTESIAN_POINT('',(0.153304098031,7.8));
#3260 = VECTOR('',#3261,1.);
#3261 = DIRECTION('',(0.,-1.));
#3262 = ( GEOMETRIC_REPRESENTATION_CONTEXT(2) 
PARAMETRIC_REPRESENTATION_CONTEXT() REPRESENTATION_CONTEXT('2D SPACE',''
  ) );
#3263 = ORIENTED_EDGE('',*,*,#3264,.F.);
#3264 = EDGE_CURVE('',#3265,#3242,#3267,.T.);
#3265 = VERTEX_POINT('',#3266);
#3266 = CARTESIAN_POINT('',(8.787197341538,7.85,2.974934692818));
#3267 = SURFACE_CURVE('',#3268,(#3273,#3280),.PCURVE_S1.);
#3268 = CIRCLE('',#3269,2.1);
#3269 = AXIS2_PLACEMENT_3D('',#3270,#3271,#3272);
#3270 = CARTESIAN_POINT('',(7.2,7.85,4.35));
#3271 = DIRECTION('',(0.,1.,-0.));
#3272 = DIRECTION('',(-1.,0.,0.));
#3273 = PCURVE('',#2046,#3274);
#3274 = DEFINITIONAL_REPRESENTATION('',(#3275),#3279);
#3275 = LINE('',#3276,#3277);
#3276 = CARTESIAN_POINT('',(9.424777960769,7.8));
#3277 = VECTOR('',#3278,1.);
#3278 = DIRECTION('',(-1.,0.));
#3279 = ( GEOMETRIC_REPRESENTATION_CONTEXT(2) 
PARAMETRIC_REPRESENTATION_CONTEXT() REPRESENTATION_CONTEXT('2D SPACE',''
  ) );
#3280 = PCURVE('',#1811,#3281);
#3281 = DEFINITIONAL_REPRESENTATION('',(#3282),#3286);
#3282 = CIRCLE('',#3283,2.1);
#3283 = AXIS2_PLACEMENT_2D('',#3284,#3285);
#3284 = CARTESIAN_POINT('',(0.,0.));
#3285 = DIRECTION('',(1.,0.));
#3286 = ( GEOMETRIC_REPRESENTATION_CONTEXT(2) 
PARAMETRIC_REPRESENTATION_CONTEXT() REPRESENTATION_CONTEXT('2D SPACE',''
  ) );
#3287 = ORIENTED_EDGE('',*,*,#3288,.T.);
#3288 = EDGE_CURVE('',#3265,#3289,#3291,.T.);
#3289 = VERTEX_POINT('',#3290);
#3290 = CARTESIAN_POINT('',(8.787197341538,15.15,2.974934692818));
#3291 = SURFACE_CURVE('',#3292,(#3296,#3303),.PCURVE_S1.);
#3292 = LINE('',#3293,#3294);
#3293 = CARTESIAN_POINT('',(8.787197341538,15.65,2.974934692818));
#3294 = VECTOR('',#3295,1.);
#3295 = DIRECTION('',(0.,1.,0.));
#3296 = PCURVE('',#2046,#3297);
#3297 = DEFINITIONAL_REPRESENTATION('',(#3298),#3302);
#3298 = LINE('',#3299,#3300);
#3299 = CARTESIAN_POINT('',(5.569276593668,0.));
#3300 = VECTOR('',#3301,1.);
#3301 = DIRECTION('',(0.,-1.));
#3302 = ( GEOMETRIC_REPRESENTATION_CONTEXT(2) 
PARAMETRIC_REPRESENTATION_CONTEXT() REPRESENTATION_CONTEXT('2D SPACE',''
  ) );
#3303 = PCURVE('',#1843,#3304);
#3304 = DEFINITIONAL_REPRESENTATION('',(#3305),#3309);
#3305 = LINE('',#3306,#3307);
#3306 = CARTESIAN_POINT('',(-0.153304098031,7.8));
#3307 = VECTOR('',#3308,1.);
#3308 = DIRECTION('',(0.,1.));
#3309 = ( GEOMETRIC_REPRESENTATION_CONTEXT(2) 
PARAMETRIC_REPRESENTATION_CONTEXT() REPRESENTATION_CONTEXT('2D SPACE',''
  ) );
#3310 = ORIENTED_EDGE('',*,*,#3311,.T.);
#3311 = EDGE_CURVE('',#3289,#2083,#3312,.T.);
#3312 = SURFACE_CURVE('',#3313,(#3318,#3325),.PCURVE_S1.);
#3313 = CIRCLE('',#3314,2.1);
#3314 = AXIS2_PLACEMENT_3D('',#3315,#3316,#3317);
#3315 = CARTESIAN_POINT('',(7.2,15.15,4.35));
#3316 = DIRECTION('',(-0.,-1.,0.));
#3317 = DIRECTION('',(-1.,0.,1.781189283369E-15));
#3318 = PCURVE('',#2046,#3319);
#3319 = DEFINITIONAL_REPRESENTATION('',(#3320),#3324);
#3320 = LINE('',#3321,#3322);
#3321 = CARTESIAN_POINT('',(3.14159265359,0.5));
#3322 = VECTOR('',#3323,1.);
#3323 = DIRECTION('',(1.,0.));
#3324 = ( GEOMETRIC_REPRESENTATION_CONTEXT(2) 
PARAMETRIC_REPRESENTATION_CONTEXT() REPRESENTATION_CONTEXT('2D SPACE',''
  ) );
#3325 = PCURVE('',#2122,#3326);
#3326 = DEFINITIONAL_REPRESENTATION('',(#3327),#3331);
#3327 = LINE('',#3328,#3329);
#3328 = CARTESIAN_POINT('',(6.28318530718,0.));
#3329 = VECTOR('',#3330,1.);
#3330 = DIRECTION('',(-1.,0.));
#3331 = ( GEOMETRIC_REPRESENTATION_CONTEXT(2) 
PARAMETRIC_REPRESENTATION_CONTEXT() REPRESENTATION_CONTEXT('2D SPACE',''
  ) );
#3332 = ORIENTED_EDGE('',*,*,#2082,.T.);
#3333 = ORIENTED_EDGE('',*,*,#3119,.T.);
#3334 = ADVANCED_FACE('',(#3335),#1900,.F.);
#3335 = FACE_BOUND('',#3336,.F.);
#3336 = EDGE_LOOP('',(#3337,#3338,#3339,#3340,#3363,#3391,#3412,#3413,
    #3436,#3464,#3485,#3486));
#3337 = ORIENTED_EDGE('',*,*,#3145,.T.);
#3338 = ORIENTED_EDGE('',*,*,#1884,.F.);
#3339 = ORIENTED_EDGE('',*,*,#3047,.F.);
#3340 = ORIENTED_EDGE('',*,*,#3341,.F.);
#3341 = EDGE_CURVE('',#3342,#3048,#3344,.T.);
#3342 = VERTEX_POINT('',#3343);
#3343 = CARTESIAN_POINT('',(7.825681259449,7.85,4.763549225093));
#3344 = SURFACE_CURVE('',#3345,(#3349,#3356),.PCURVE_S1.);
#3345 = LINE('',#3346,#3347);
#3346 = CARTESIAN_POINT('',(7.825681259449,7.85,4.763549225093));
#3347 = VECTOR('',#3348,1.);
#3348 = DIRECTION('',(0.,1.,0.));
#3349 = PCURVE('',#1900,#3350);
#3350 = DEFINITIONAL_REPRESENTATION('',(#3351),#3355);
#3351 = LINE('',#3352,#3353);
#3352 = CARTESIAN_POINT('',(0.584040242607,7.8));
#3353 = VECTOR('',#3354,1.);
#3354 = DIRECTION('',(0.,-1.));
#3355 = ( GEOMETRIC_REPRESENTATION_CONTEXT(2) 
PARAMETRIC_REPRESENTATION_CONTEXT() REPRESENTATION_CONTEXT('2D SPACE',''
  ) );
#3356 = PCURVE('',#2150,#3357);
#3357 = DEFINITIONAL_REPRESENTATION('',(#3358),#3362);
#3358 = LINE('',#3359,#3360);
#3359 = CARTESIAN_POINT('',(1.513093181762,0.));
#3360 = VECTOR('',#3361,1.);
#3361 = DIRECTION('',(0.,1.));
#3362 = ( GEOMETRIC_REPRESENTATION_CONTEXT(2) 
PARAMETRIC_REPRESENTATION_CONTEXT() REPRESENTATION_CONTEXT('2D SPACE',''
  ) );
#3363 = ORIENTED_EDGE('',*,*,#3364,.T.);
#3364 = EDGE_CURVE('',#3342,#3365,#3367,.T.);
#3365 = VERTEX_POINT('',#3366);
#3366 = CARTESIAN_POINT('',(7.613549225093,7.85,4.975681259449));
#3367 = SURFACE_CURVE('',#3368,(#3373,#3380),.PCURVE_S1.);
#3368 = CIRCLE('',#3369,0.75);
#3369 = AXIS2_PLACEMENT_3D('',#3370,#3371,#3372);
#3370 = CARTESIAN_POINT('',(7.2,7.85,4.35));
#3371 = DIRECTION('',(-0.,-1.,-0.));
#3372 = DIRECTION('',(-1.,0.,0.));
#3373 = PCURVE('',#1900,#3374);
#3374 = DEFINITIONAL_REPRESENTATION('',(#3375),#3379);
#3375 = LINE('',#3376,#3377);
#3376 = CARTESIAN_POINT('',(-3.14159265359,7.8));
#3377 = VECTOR('',#3378,1.);
#3378 = DIRECTION('',(1.,0.));
#3379 = ( GEOMETRIC_REPRESENTATION_CONTEXT(2) 
PARAMETRIC_REPRESENTATION_CONTEXT() REPRESENTATION_CONTEXT('2D SPACE',''
  ) );
#3380 = PCURVE('',#2179,#3381);
#3381 = DEFINITIONAL_REPRESENTATION('',(#3382),#3390);
#3382 = ( BOUNDED_CURVE() B_SPLINE_CURVE(2,(#3383,#3384,#3385,#3386,
#3387,#3388,#3389),.UNSPECIFIED.,.T.,.F.) B_SPLINE_CURVE_WITH_KNOTS((1,2
    ,2,2,2,1),(-2.094395102393,0.,2.094395102393,4.188790204786,
6.28318530718,8.377580409573),.UNSPECIFIED.) CURVE() 
GEOMETRIC_REPRESENTATION_ITEM() RATIONAL_B_SPLINE_CURVE((1.,0.5,1.,0.5,
1.,0.5,1.)) REPRESENTATION_ITEM('') );
#3383 = CARTESIAN_POINT('',(0.75,0.));
#3384 = CARTESIAN_POINT('',(0.75,-1.299038105677));
#3385 = CARTESIAN_POINT('',(-0.375,-0.649519052838));
#3386 = CARTESIAN_POINT('',(-1.5,-1.836970198721E-16));
#3387 = CARTESIAN_POINT('',(-0.375,0.649519052838));
#3388 = CARTESIAN_POINT('',(0.75,1.299038105677));
#3389 = CARTESIAN_POINT('',(0.75,0.));
#3390 = ( GEOMETRIC_REPRESENTATION_CONTEXT(2) 
PARAMETRIC_REPRESENTATION_CONTEXT() REPRESENTATION_CONTEXT('2D SPACE',''
  ) );
#3391 = ORIENTED_EDGE('',*,*,#3392,.T.);
#3392 = EDGE_CURVE('',#3365,#2690,#3393,.T.);
#3393 = SURFACE_CURVE('',#3394,(#3398,#3405),.PCURVE_S1.);
#3394 = LINE('',#3395,#3396);
#3395 = CARTESIAN_POINT('',(7.613549225093,7.85,4.975681259449));
#3396 = VECTOR('',#3397,1.);
#3397 = DIRECTION('',(0.,1.,0.));
#3398 = PCURVE('',#1900,#3399);
#3399 = DEFINITIONAL_REPRESENTATION('',(#3400),#3404);
#3400 = LINE('',#3401,#3402);
#3401 = CARTESIAN_POINT('',(0.986756084188,7.8));
#3402 = VECTOR('',#3403,1.);
#3403 = DIRECTION('',(0.,-1.));
#3404 = ( GEOMETRIC_REPRESENTATION_CONTEXT(2) 
PARAMETRIC_REPRESENTATION_CONTEXT() REPRESENTATION_CONTEXT('2D SPACE',''
  ) );
#3405 = PCURVE('',#2207,#3406);
#3406 = DEFINITIONAL_REPRESENTATION('',(#3407),#3411);
#3407 = LINE('',#3408,#3409);
#3408 = CARTESIAN_POINT('',(-1.513093181762,0.));
#3409 = VECTOR('',#3410,1.);
#3410 = DIRECTION('',(0.,1.));
#3411 = ( GEOMETRIC_REPRESENTATION_CONTEXT(2) 
PARAMETRIC_REPRESENTATION_CONTEXT() REPRESENTATION_CONTEXT('2D SPACE',''
  ) );
#3412 = ORIENTED_EDGE('',*,*,#2712,.F.);
#3413 = ORIENTED_EDGE('',*,*,#3414,.F.);
#3414 = EDGE_CURVE('',#3415,#2638,#3417,.T.);
#3415 = VERTEX_POINT('',#3416);
#3416 = CARTESIAN_POINT('',(6.786450774907,7.85,4.975681259449));
#3417 = SURFACE_CURVE('',#3418,(#3422,#3429),.PCURVE_S1.);
#3418 = LINE('',#3419,#3420);
#3419 = CARTESIAN_POINT('',(6.786450774907,7.85,4.975681259449));
#3420 = VECTOR('',#3421,1.);
#3421 = DIRECTION('',(0.,1.,0.));
#3422 = PCURVE('',#1900,#3423);
#3423 = DEFINITIONAL_REPRESENTATION('',(#3424),#3428);
#3424 = LINE('',#3425,#3426);
#3425 = CARTESIAN_POINT('',(2.154836569402,7.8));
#3426 = VECTOR('',#3427,1.);
#3427 = DIRECTION('',(0.,-1.));
#3428 = ( GEOMETRIC_REPRESENTATION_CONTEXT(2) 
PARAMETRIC_REPRESENTATION_CONTEXT() REPRESENTATION_CONTEXT('2D SPACE',''
  ) );
#3429 = PCURVE('',#2264,#3430);
#3430 = DEFINITIONAL_REPRESENTATION('',(#3431),#3435);
#3431 = LINE('',#3432,#3433);
#3432 = CARTESIAN_POINT('',(1.513093181762,0.));
#3433 = VECTOR('',#3434,1.);
#3434 = DIRECTION('',(0.,1.));
#3435 = ( GEOMETRIC_REPRESENTATION_CONTEXT(2) 
PARAMETRIC_REPRESENTATION_CONTEXT() REPRESENTATION_CONTEXT('2D SPACE',''
  ) );
#3436 = ORIENTED_EDGE('',*,*,#3437,.T.);
#3437 = EDGE_CURVE('',#3415,#3438,#3440,.T.);
#3438 = VERTEX_POINT('',#3439);
#3439 = CARTESIAN_POINT('',(6.574318740551,7.85,4.763549225093));
#3440 = SURFACE_CURVE('',#3441,(#3446,#3453),.PCURVE_S1.);
#3441 = CIRCLE('',#3442,0.75);
#3442 = AXIS2_PLACEMENT_3D('',#3443,#3444,#3445);
#3443 = CARTESIAN_POINT('',(7.2,7.85,4.35));
#3444 = DIRECTION('',(-0.,-1.,-0.));
#3445 = DIRECTION('',(-1.,0.,0.));
#3446 = PCURVE('',#1900,#3447);
#3447 = DEFINITIONAL_REPRESENTATION('',(#3448),#3452);
#3448 = LINE('',#3449,#3450);
#3449 = CARTESIAN_POINT('',(-3.14159265359,7.8));
#3450 = VECTOR('',#3451,1.);
#3451 = DIRECTION('',(1.,0.));
#3452 = ( GEOMETRIC_REPRESENTATION_CONTEXT(2) 
PARAMETRIC_REPRESENTATION_CONTEXT() REPRESENTATION_CONTEXT('2D SPACE',''
  ) );
#3453 = PCURVE('',#2293,#3454);
#3454 = DEFINITIONAL_REPRESENTATION('',(#3455),#3463);
#3455 = ( BOUNDED_CURVE() B_SPLINE_CURVE(2,(#3456,#3457,#3458,#3459,
#3460,#3461,#3462),.UNSPECIFIED.,.T.,.F.) B_SPLINE_CURVE_WITH_KNOTS((1,2
    ,2,2,2,1),(-2.094395102393,0.,2.094395102393,4.188790204786,
6.28318530718,8.377580409573),.UNSPECIFIED.) CURVE() 
GEOMETRIC_REPRESENTATION_ITEM() RATIONAL_B_SPLINE_CURVE((1.,0.5,1.,0.5,
1.,0.5,1.)) REPRESENTATION_ITEM('') );
#3456 = CARTESIAN_POINT('',(0.75,0.));
#3457 = CARTESIAN_POINT('',(0.75,-1.299038105677));
#3458 = CARTESIAN_POINT('',(-0.375,-0.649519052838));
#3459 = CARTESIAN_POINT('',(-1.5,-1.836970198721E-16));
#3460 = CARTESIAN_POINT('',(-0.375,0.649519052838));
#3461 = CARTESIAN_POINT('',(0.75,1.299038105677));
#3462 = CARTESIAN_POINT('',(0.75,0.));
#3463 = ( GEOMETRIC_REPRESENTATION_CONTEXT(2) 
PARAMETRIC_REPRESENTATION_CONTEXT() REPRESENTATION_CONTEXT('2D SPACE',''
  ) );
#3464 = ORIENTED_EDGE('',*,*,#3465,.T.);
#3465 = EDGE_CURVE('',#3438,#2587,#3466,.T.);
#3466 = SURFACE_CURVE('',#3467,(#3471,#3478),.PCURVE_S1.);
#3467 = LINE('',#3468,#3469);
#3468 = CARTESIAN_POINT('',(6.574318740551,7.85,4.763549225093));
#3469 = VECTOR('',#3470,1.);
#3470 = DIRECTION('',(0.,1.,0.));
#3471 = PCURVE('',#1900,#3472);
#3472 = DEFINITIONAL_REPRESENTATION('',(#3473),#3477);
#3473 = LINE('',#3474,#3475);
#3474 = CARTESIAN_POINT('',(2.557552410983,7.8));
#3475 = VECTOR('',#3476,1.);
#3476 = DIRECTION('',(0.,-1.));
#3477 = ( GEOMETRIC_REPRESENTATION_CONTEXT(2) 
PARAMETRIC_REPRESENTATION_CONTEXT() REPRESENTATION_CONTEXT('2D SPACE',''
  ) );
#3478 = PCURVE('',#2319,#3479);
#3479 = DEFINITIONAL_REPRESENTATION('',(#3480),#3484);
#3480 = LINE('',#3481,#3482);
#3481 = CARTESIAN_POINT('',(-1.513093181762,0.));
#3482 = VECTOR('',#3483,1.);
#3483 = DIRECTION('',(0.,1.));
#3484 = ( GEOMETRIC_REPRESENTATION_CONTEXT(2) 
PARAMETRIC_REPRESENTATION_CONTEXT() REPRESENTATION_CONTEXT('2D SPACE',''
  ) );
#3485 = ORIENTED_EDGE('',*,*,#2609,.F.);
#3486 = ORIENTED_EDGE('',*,*,#1941,.T.);
#3487 = ADVANCED_FACE('',(#3488),#2122,.T.);
#3488 = FACE_BOUND('',#3489,.T.);
#3489 = EDGE_LOOP('',(#3490,#3539,#3540,#3589,#3590));
#3490 = ORIENTED_EDGE('',*,*,#3491,.F.);
#3491 = EDGE_CURVE('',#3024,#3289,#3492,.T.);
#3492 = SURFACE_CURVE('',#3493,(#3500,#3529),.PCURVE_S1.);
#3493 = B_SPLINE_CURVE_WITH_KNOTS('',3,(#3494,#3495,#3496,#3497,#3498,
    #3499),.UNSPECIFIED.,.F.,.F.,(4,2,4),(7.843649201753E-04,
    1.175634019461E-03,1.566903118747E-03),.UNSPECIFIED.);
#3494 = CARTESIAN_POINT('',(8.432454049785,15.65,3.329677984571));
#3495 = CARTESIAN_POINT('',(8.524820695115,15.65,3.237311339241));
#3496 = CARTESIAN_POINT('',(8.616733394675,15.597238303722,
    3.145398639681));
#3497 = CARTESIAN_POINT('',(8.749288764264,15.410847733105,
    3.012843270092));
#3498 = CARTESIAN_POINT('',(8.787197341538,15.282298934456,
    2.974934692818));
#3499 = CARTESIAN_POINT('',(8.787197341538,15.15,2.974934692818));
#3500 = PCURVE('',#2122,#3501);
#3501 = DEFINITIONAL_REPRESENTATION('',(#3502),#3528);
#3502 = B_SPLINE_CURVE_WITH_KNOTS('',3,(#3503,#3504,#3505,#3506,#3507,
    #3508,#3509,#3510,#3511,#3512,#3513,#3514,#3515,#3516,#3517,#3518,
    #3519,#3520,#3521,#3522,#3523,#3524,#3525,#3526,#3527),
  .UNSPECIFIED.,.F.,.F.,(4,1,1,1,1,1,1,1,1,1,1,1,1,1,1,1,1,1,1,1,1,1,4),
  (7.843649201753E-04,8.199348382922E-04,8.555047564091E-04,
    8.91074674526E-04,9.266445926429E-04,9.622145107598E-04,
    9.977844288767E-04,1.033354346994E-03,1.06892426511E-03,
    1.104494183227E-03,1.140064101344E-03,1.175634019461E-03,
    1.211203937578E-03,1.246773855695E-03,1.282343773812E-03,
    1.317913691929E-03,1.353483610046E-03,1.389053528163E-03,
    1.424623446279E-03,1.460193364396E-03,1.495763282513E-03,
    1.53133320063E-03,1.566903118747E-03),.QUASI_UNIFORM_KNOTS.);
#3503 = CARTESIAN_POINT('',(3.83310294188,1.570796326795));
#3504 = CARTESIAN_POINT('',(3.833798820012,1.547152714978));
#3505 = CARTESIAN_POINT('',(3.835158830081,1.499874240497));
#3506 = CARTESIAN_POINT('',(3.837102046398,1.428944698849));
#3507 = CARTESIAN_POINT('',(3.838946611138,1.357957137659));
#3508 = CARTESIAN_POINT('',(3.840691695592,1.286893760102));
#3509 = CARTESIAN_POINT('',(3.842336933439,1.215747711758));
#3510 = CARTESIAN_POINT('',(3.843882384301,1.144519908416));
#3511 = CARTESIAN_POINT('',(3.845328391778,1.073210734649));
#3512 = CARTESIAN_POINT('',(3.846675443441,1.001816907541));
#3513 = CARTESIAN_POINT('',(3.847924220502,0.930312788287));
#3514 = CARTESIAN_POINT('',(3.849074965353,0.858689805041));
#3515 = CARTESIAN_POINT('',(3.850129453096,0.786781055206));
#3516 = CARTESIAN_POINT('',(3.851083281188,0.714889978462));
#3517 = CARTESIAN_POINT('',(3.85193608499,0.643315459454));
#3518 = CARTESIAN_POINT('',(3.852692821833,0.571876200693));
#3519 = CARTESIAN_POINT('',(3.853356181373,0.500540491791));
#3520 = CARTESIAN_POINT('',(3.853928667156,0.429252059975));
#3521 = CARTESIAN_POINT('',(3.854412074301,0.357970947953));
#3522 = CARTESIAN_POINT('',(3.854807650907,0.28665646883));
#3523 = CARTESIAN_POINT('',(3.85511607125,0.215265797068));
#3524 = CARTESIAN_POINT('',(3.855337422447,0.143747659544));
#3525 = CARTESIAN_POINT('',(3.855471269824,7.204047807122E-02));
#3526 = CARTESIAN_POINT('',(3.855501314323,2.405272103372E-02));
#3527 = CARTESIAN_POINT('',(3.855501367102,0.));
#3528 = ( GEOMETRIC_REPRESENTATION_CONTEXT(2) 
PARAMETRIC_REPRESENTATION_CONTEXT() REPRESENTATION_CONTEXT('2D SPACE',''
  ) );
#3529 = PCURVE('',#1843,#3530);
#3530 = DEFINITIONAL_REPRESENTATION('',(#3531),#3538);
#3531 = B_SPLINE_CURVE_WITH_KNOTS('',3,(#3532,#3533,#3534,#3535,#3536,
    #3537),.UNSPECIFIED.,.F.,.F.,(4,2,4),(7.843649201753E-04,
    1.175634019461E-03,1.566903118747E-03),.UNSPECIFIED.);
#3532 = CARTESIAN_POINT('',(-0.654986872389,7.8));
#3533 = CARTESIAN_POINT('',(-0.524360709852,7.8));
#3534 = CARTESIAN_POINT('',(-0.394376523581,7.747238303722));
#3535 = CARTESIAN_POINT('',(-0.206914922142,7.560847733105));
#3536 = CARTESIAN_POINT('',(-0.153304098031,7.432298934456));
#3537 = CARTESIAN_POINT('',(-0.153304098031,7.3));
#3538 = ( GEOMETRIC_REPRESENTATION_CONTEXT(2) 
PARAMETRIC_REPRESENTATION_CONTEXT() REPRESENTATION_CONTEXT('2D SPACE',''
  ) );
#3539 = ORIENTED_EDGE('',*,*,#3094,.F.);
#3540 = ORIENTED_EDGE('',*,*,#3541,.F.);
#3541 = EDGE_CURVE('',#2106,#3072,#3542,.T.);
#3542 = SURFACE_CURVE('',#3543,(#3550,#3579),.PCURVE_S1.);
#3543 = B_SPLINE_CURVE_WITH_KNOTS('',3,(#3544,#3545,#3546,#3547,#3548,
    #3549),.UNSPECIFIED.,.F.,.F.,(4,2,4),(1.97165671932E-07,
    3.917772435257E-04,7.833573213795E-04),.UNSPECIFIED.);
#3544 = CARTESIAN_POINT('',(8.787197341538,15.15,5.725065307182));
#3545 = CARTESIAN_POINT('',(8.787197341538,15.282398548944,
    5.725065307182));
#3546 = CARTESIAN_POINT('',(8.748572031389,15.411844140656,
    5.686439997033));
#3547 = CARTESIAN_POINT('',(8.617481201327,15.596198199582,
    5.555349166971));
#3548 = CARTESIAN_POINT('',(8.524895582838,15.65,5.462763548482));
#3549 = CARTESIAN_POINT('',(8.432454049785,15.65,5.370322015429));
#3550 = PCURVE('',#2122,#3551);
#3551 = DEFINITIONAL_REPRESENTATION('',(#3552),#3578);
#3552 = B_SPLINE_CURVE_WITH_KNOTS('',3,(#3553,#3554,#3555,#3556,#3557,
    #3558,#3559,#3560,#3561,#3562,#3563,#3564,#3565,#3566,#3567,#3568,
    #3569,#3570,#3571,#3572,#3573,#3574,#3575,#3576,#3577),
  .UNSPECIFIED.,.F.,.F.,(4,1,1,1,1,1,1,1,1,1,1,1,1,1,1,1,1,1,1,1,1,1,4),
  (1.97165671932E-07,3.579535456773E-05,7.139354346353E-05,
    1.069917323593E-04,1.425899212551E-04,1.781881101509E-04,
    2.137862990467E-04,2.493844879425E-04,2.849826768383E-04,
    3.205808657341E-04,3.561790546299E-04,3.917772435257E-04,
    4.273754324215E-04,4.629736213173E-04,4.985718102131E-04,
    5.341699991089E-04,5.697681880047E-04,6.053663769005E-04,
    6.409645657963E-04,6.765627546921E-04,7.121609435879E-04,
    7.477591324837E-04,7.833573213795E-04),.QUASI_UNIFORM_KNOTS.);
#3553 = CARTESIAN_POINT('',(2.427683940078,0.));
#3554 = CARTESIAN_POINT('',(2.427683993803,2.40700697323E-02));
#3555 = CARTESIAN_POINT('',(2.427714606135,7.212180658261E-02));
#3556 = CARTESIAN_POINT('',(2.427850557615,0.143994026997));
#3557 = CARTESIAN_POINT('',(2.428074818007,0.215730791766));
#3558 = CARTESIAN_POINT('',(2.428386511682,0.287366658287));
#3559 = CARTESIAN_POINT('',(2.428785273816,0.358920035786));
#3560 = CARTESIAN_POINT('',(2.429271308812,0.430395702577));
#3561 = CARTESIAN_POINT('',(2.429845353785,0.501792386071));
#3562 = CARTESIAN_POINT('',(2.430508680565,0.573108893461));
#3563 = CARTESIAN_POINT('',(2.431263089143,0.644352047604));
#3564 = CARTESIAN_POINT('',(2.432110944819,0.71553881236));
#3565 = CARTESIAN_POINT('',(2.433055095772,0.786718744944));
#3566 = CARTESIAN_POINT('',(2.434099272018,0.85791893095));
#3567 = CARTESIAN_POINT('',(2.435243760683,0.929161262929));
#3568 = CARTESIAN_POINT('',(2.436488708338,1.000480204021));
#3569 = CARTESIAN_POINT('',(2.437834408733,1.071868731821));
#3570 = CARTESIAN_POINT('',(2.439281115409,1.14330202086));
#3571 = CARTESIAN_POINT('',(2.440828970773,1.214741065038));
#3572 = CARTESIAN_POINT('',(2.4424778864,1.286142344552));
#3573 = CARTESIAN_POINT('',(2.444227429237,1.357465786367));
#3574 = CARTESIAN_POINT('',(2.446076645499,1.428684421993));
#3575 = CARTESIAN_POINT('',(2.448024026093,1.499788245743));
#3576 = CARTESIAN_POINT('',(2.449385910706,1.547134310449));
#3577 = CARTESIAN_POINT('',(2.4500823653,1.570796326795));
#3578 = ( GEOMETRIC_REPRESENTATION_CONTEXT(2) 
PARAMETRIC_REPRESENTATION_CONTEXT() REPRESENTATION_CONTEXT('2D SPACE',''
  ) );
#3579 = PCURVE('',#2150,#3580);
#3580 = DEFINITIONAL_REPRESENTATION('',(#3581),#3588);
#3581 = B_SPLINE_CURVE_WITH_KNOTS('',3,(#3582,#3583,#3584,#3585,#3586,
    #3587),.UNSPECIFIED.,.F.,.F.,(4,2,4),(1.97165671932E-07,
    3.917772435257E-04,7.833573213795E-04),.UNSPECIFIED.);
#3582 = CARTESIAN_POINT('',(0.153304098031,7.3));
#3583 = CARTESIAN_POINT('',(0.153304098031,7.432398548944));
#3584 = CARTESIAN_POINT('',(0.207928535495,7.561844140656));
#3585 = CARTESIAN_POINT('',(0.393318965271,7.746198199582));
#3586 = CARTESIAN_POINT('',(0.524254802619,7.8));
#3587 = CARTESIAN_POINT('',(0.654986872389,7.8));
#3588 = ( GEOMETRIC_REPRESENTATION_CONTEXT(2) 
PARAMETRIC_REPRESENTATION_CONTEXT() REPRESENTATION_CONTEXT('2D SPACE',''
  ) );
#3589 = ORIENTED_EDGE('',*,*,#2105,.F.);
#3590 = ORIENTED_EDGE('',*,*,#3311,.F.);
#3591 = ADVANCED_FACE('',(#3592),#2179,.T.);
#3592 = FACE_BOUND('',#3593,.T.);
#3593 = EDGE_LOOP('',(#3594,#3595,#3616,#3617));
#3594 = ORIENTED_EDGE('',*,*,#2162,.T.);
#3595 = ORIENTED_EDGE('',*,*,#3596,.T.);
#3596 = EDGE_CURVE('',#2135,#3342,#3597,.T.);
#3597 = SURFACE_CURVE('',#3598,(#3602,#3609),.PCURVE_S1.);
#3598 = LINE('',#3599,#3600);
#3599 = CARTESIAN_POINT('',(8.89559970884,7.85,5.833467674484));
#3600 = VECTOR('',#3601,1.);
#3601 = DIRECTION('',(-0.707106781187,0.,-0.707106781187));
#3602 = PCURVE('',#2179,#3603);
#3603 = DEFINITIONAL_REPRESENTATION('',(#3604),#3608);
#3604 = LINE('',#3605,#3606);
#3605 = CARTESIAN_POINT('',(-1.69559970884,1.483467674484));
#3606 = VECTOR('',#3607,1.);
#3607 = DIRECTION('',(0.707106781187,-0.707106781187));
#3608 = ( GEOMETRIC_REPRESENTATION_CONTEXT(2) 
PARAMETRIC_REPRESENTATION_CONTEXT() REPRESENTATION_CONTEXT('2D SPACE',''
  ) );
#3609 = PCURVE('',#2150,#3610);
#3610 = DEFINITIONAL_REPRESENTATION('',(#3611),#3615);
#3611 = LINE('',#3612,#3613);
#3612 = CARTESIAN_POINT('',(0.,0.));
#3613 = VECTOR('',#3614,1.);
#3614 = DIRECTION('',(1.,0.));
#3615 = ( GEOMETRIC_REPRESENTATION_CONTEXT(2) 
PARAMETRIC_REPRESENTATION_CONTEXT() REPRESENTATION_CONTEXT('2D SPACE',''
  ) );
#3616 = ORIENTED_EDGE('',*,*,#3364,.T.);
#3617 = ORIENTED_EDGE('',*,*,#3618,.T.);
#3618 = EDGE_CURVE('',#3365,#2163,#3619,.T.);
#3619 = SURFACE_CURVE('',#3620,(#3624,#3631),.PCURVE_S1.);
#3620 = LINE('',#3621,#3622);
#3621 = CARTESIAN_POINT('',(8.683467674484,7.85,6.045599708839));
#3622 = VECTOR('',#3623,1.);
#3623 = DIRECTION('',(0.707106781187,0.,0.707106781187));
#3624 = PCURVE('',#2179,#3625);
#3625 = DEFINITIONAL_REPRESENTATION('',(#3626),#3630);
#3626 = LINE('',#3627,#3628);
#3627 = CARTESIAN_POINT('',(-1.483467674484,1.695599708839));
#3628 = VECTOR('',#3629,1.);
#3629 = DIRECTION('',(-0.707106781187,0.707106781187));
#3630 = ( GEOMETRIC_REPRESENTATION_CONTEXT(2) 
PARAMETRIC_REPRESENTATION_CONTEXT() REPRESENTATION_CONTEXT('2D SPACE',''
  ) );
#3631 = PCURVE('',#2207,#3632);
#3632 = DEFINITIONAL_REPRESENTATION('',(#3633),#3637);
#3633 = LINE('',#3634,#3635);
#3634 = CARTESIAN_POINT('',(0.,0.));
#3635 = VECTOR('',#3636,1.);
#3636 = DIRECTION('',(1.,0.));
#3637 = ( GEOMETRIC_REPRESENTATION_CONTEXT(2) 
PARAMETRIC_REPRESENTATION_CONTEXT() REPRESENTATION_CONTEXT('2D SPACE',''
  ) );
#3638 = ADVANCED_FACE('',(#3639),#2150,.F.);
#3639 = FACE_BOUND('',#3640,.T.);
#3640 = EDGE_LOOP('',(#3641,#3642,#3643,#3644,#3645));
#3641 = ORIENTED_EDGE('',*,*,#3541,.T.);
#3642 = ORIENTED_EDGE('',*,*,#3071,.T.);
#3643 = ORIENTED_EDGE('',*,*,#3341,.F.);
#3644 = ORIENTED_EDGE('',*,*,#3596,.F.);
#3645 = ORIENTED_EDGE('',*,*,#2134,.F.);
#3646 = ADVANCED_FACE('',(#3647),#2207,.F.);
#3647 = FACE_BOUND('',#3648,.T.);
#3648 = EDGE_LOOP('',(#3649,#3650,#3651,#3652,#3653));
#3649 = ORIENTED_EDGE('',*,*,#3618,.F.);
#3650 = ORIENTED_EDGE('',*,*,#3392,.T.);
#3651 = ORIENTED_EDGE('',*,*,#2689,.T.);
#3652 = ORIENTED_EDGE('',*,*,#2970,.T.);
#3653 = ORIENTED_EDGE('',*,*,#2191,.F.);
#3654 = ADVANCED_FACE('',(#3655),#2293,.T.);
#3655 = FACE_BOUND('',#3656,.T.);
#3656 = EDGE_LOOP('',(#3657,#3658,#3679,#3680));
#3657 = ORIENTED_EDGE('',*,*,#2276,.T.);
#3658 = ORIENTED_EDGE('',*,*,#3659,.T.);
#3659 = EDGE_CURVE('',#2249,#3415,#3660,.T.);
#3660 = SURFACE_CURVE('',#3661,(#3665,#3672),.PCURVE_S1.);
#3661 = LINE('',#3662,#3663);
#3662 = CARTESIAN_POINT('',(5.716532325516,7.85,6.04559970884));
#3663 = VECTOR('',#3664,1.);
#3664 = DIRECTION('',(0.707106781187,0.,-0.707106781187));
#3665 = PCURVE('',#2293,#3666);
#3666 = DEFINITIONAL_REPRESENTATION('',(#3667),#3671);
#3667 = LINE('',#3668,#3669);
#3668 = CARTESIAN_POINT('',(1.483467674484,1.69559970884));
#3669 = VECTOR('',#3670,1.);
#3670 = DIRECTION('',(-0.707106781187,-0.707106781187));
#3671 = ( GEOMETRIC_REPRESENTATION_CONTEXT(2) 
PARAMETRIC_REPRESENTATION_CONTEXT() REPRESENTATION_CONTEXT('2D SPACE',''
  ) );
#3672 = PCURVE('',#2264,#3673);
#3673 = DEFINITIONAL_REPRESENTATION('',(#3674),#3678);
#3674 = LINE('',#3675,#3676);
#3675 = CARTESIAN_POINT('',(0.,0.));
#3676 = VECTOR('',#3677,1.);
#3677 = DIRECTION('',(1.,0.));
#3678 = ( GEOMETRIC_REPRESENTATION_CONTEXT(2) 
PARAMETRIC_REPRESENTATION_CONTEXT() REPRESENTATION_CONTEXT('2D SPACE',''
  ) );
#3679 = ORIENTED_EDGE('',*,*,#3437,.T.);
#3680 = ORIENTED_EDGE('',*,*,#3681,.T.);
#3681 = EDGE_CURVE('',#3438,#2277,#3682,.T.);
#3682 = SURFACE_CURVE('',#3683,(#3687,#3694),.PCURVE_S1.);
#3683 = LINE('',#3684,#3685);
#3684 = CARTESIAN_POINT('',(5.50440029116,7.85,5.833467674484));
#3685 = VECTOR('',#3686,1.);
#3686 = DIRECTION('',(-0.707106781187,0.,0.707106781187));
#3687 = PCURVE('',#2293,#3688);
#3688 = DEFINITIONAL_REPRESENTATION('',(#3689),#3693);
#3689 = LINE('',#3690,#3691);
#3690 = CARTESIAN_POINT('',(1.69559970884,1.483467674484));
#3691 = VECTOR('',#3692,1.);
#3692 = DIRECTION('',(0.707106781187,0.707106781187));
#3693 = ( GEOMETRIC_REPRESENTATION_CONTEXT(2) 
PARAMETRIC_REPRESENTATION_CONTEXT() REPRESENTATION_CONTEXT('2D SPACE',''
  ) );
#3694 = PCURVE('',#2319,#3695);
#3695 = DEFINITIONAL_REPRESENTATION('',(#3696),#3700);
#3696 = LINE('',#3697,#3698);
#3697 = CARTESIAN_POINT('',(0.,0.));
#3698 = VECTOR('',#3699,1.);
#3699 = DIRECTION('',(1.,0.));
#3700 = ( GEOMETRIC_REPRESENTATION_CONTEXT(2) 
PARAMETRIC_REPRESENTATION_CONTEXT() REPRESENTATION_CONTEXT('2D SPACE',''
  ) );
#3701 = ADVANCED_FACE('',(#3702),#2264,.F.);
#3702 = FACE_BOUND('',#3703,.T.);
#3703 = EDGE_LOOP('',(#3704,#3705,#3706,#3707,#3708));
#3704 = ORIENTED_EDGE('',*,*,#2920,.T.);
#3705 = ORIENTED_EDGE('',*,*,#2635,.T.);
#3706 = ORIENTED_EDGE('',*,*,#3414,.F.);
#3707 = ORIENTED_EDGE('',*,*,#3659,.F.);
#3708 = ORIENTED_EDGE('',*,*,#2248,.F.);
#3709 = ADVANCED_FACE('',(#3710),#2319,.F.);
#3710 = FACE_BOUND('',#3711,.T.);
#3711 = EDGE_LOOP('',(#3712,#3713,#3714,#3715,#3716));
#3712 = ORIENTED_EDGE('',*,*,#3681,.F.);
#3713 = ORIENTED_EDGE('',*,*,#3465,.T.);
#3714 = ORIENTED_EDGE('',*,*,#2586,.T.);
#3715 = ORIENTED_EDGE('',*,*,#2867,.T.);
#3716 = ORIENTED_EDGE('',*,*,#2305,.F.);
#3717 = ADVANCED_FACE('',(#3718),#1693,.T.);
#3718 = FACE_BOUND('',#3719,.T.);
#3719 = EDGE_LOOP('',(#3720,#3721,#3742,#3743));
#3720 = ORIENTED_EDGE('',*,*,#3195,.T.);
#3721 = ORIENTED_EDGE('',*,*,#3722,.T.);
#3722 = EDGE_CURVE('',#3173,#1642,#3723,.T.);
#3723 = SURFACE_CURVE('',#3724,(#3728,#3735),.PCURVE_S1.);
#3724 = LINE('',#3725,#3726);
#3725 = CARTESIAN_POINT('',(5.50440029116,7.85,2.866532325516));
#3726 = VECTOR('',#3727,1.);
#3727 = DIRECTION('',(0.707106781187,0.,0.707106781187));
#3728 = PCURVE('',#1693,#3729);
#3729 = DEFINITIONAL_REPRESENTATION('',(#3730),#3734);
#3730 = LINE('',#3731,#3732);
#3731 = CARTESIAN_POINT('',(1.69559970884,-1.483467674484));
#3732 = VECTOR('',#3733,1.);
#3733 = DIRECTION('',(-0.707106781187,0.707106781187));
#3734 = ( GEOMETRIC_REPRESENTATION_CONTEXT(2) 
PARAMETRIC_REPRESENTATION_CONTEXT() REPRESENTATION_CONTEXT('2D SPACE',''
  ) );
#3735 = PCURVE('',#1664,#3736);
#3736 = DEFINITIONAL_REPRESENTATION('',(#3737),#3741);
#3737 = LINE('',#3738,#3739);
#3738 = CARTESIAN_POINT('',(0.,0.));
#3739 = VECTOR('',#3740,1.);
#3740 = DIRECTION('',(1.,0.));
#3741 = ( GEOMETRIC_REPRESENTATION_CONTEXT(2) 
PARAMETRIC_REPRESENTATION_CONTEXT() REPRESENTATION_CONTEXT('2D SPACE',''
  ) );
#3742 = ORIENTED_EDGE('',*,*,#1676,.T.);
#3743 = ORIENTED_EDGE('',*,*,#3744,.T.);
#3744 = EDGE_CURVE('',#1677,#3196,#3745,.T.);
#3745 = SURFACE_CURVE('',#3746,(#3750,#3757),.PCURVE_S1.);
#3746 = LINE('',#3747,#3748);
#3747 = CARTESIAN_POINT('',(5.716532325516,7.85,2.654400291161));
#3748 = VECTOR('',#3749,1.);
#3749 = DIRECTION('',(-0.707106781187,0.,-0.707106781187));
#3750 = PCURVE('',#1693,#3751);
#3751 = DEFINITIONAL_REPRESENTATION('',(#3752),#3756);
#3752 = LINE('',#3753,#3754);
#3753 = CARTESIAN_POINT('',(1.483467674484,-1.695599708839));
#3754 = VECTOR('',#3755,1.);
#3755 = DIRECTION('',(0.707106781187,-0.707106781187));
#3756 = ( GEOMETRIC_REPRESENTATION_CONTEXT(2) 
PARAMETRIC_REPRESENTATION_CONTEXT() REPRESENTATION_CONTEXT('2D SPACE',''
  ) );
#3757 = PCURVE('',#1725,#3758);
#3758 = DEFINITIONAL_REPRESENTATION('',(#3759),#3763);
#3759 = LINE('',#3760,#3761);
#3760 = CARTESIAN_POINT('',(0.,0.));
#3761 = VECTOR('',#3762,1.);
#3762 = DIRECTION('',(1.,0.));
#3763 = ( GEOMETRIC_REPRESENTATION_CONTEXT(2) 
PARAMETRIC_REPRESENTATION_CONTEXT() REPRESENTATION_CONTEXT('2D SPACE',''
  ) );
#3764 = ADVANCED_FACE('',(#3765),#1664,.F.);
#3765 = FACE_BOUND('',#3766,.T.);
#3766 = EDGE_LOOP('',(#3767,#3768,#3769,#3770,#3771));
#3767 = ORIENTED_EDGE('',*,*,#2411,.T.);
#3768 = ORIENTED_EDGE('',*,*,#2540,.T.);
#3769 = ORIENTED_EDGE('',*,*,#1641,.F.);
#3770 = ORIENTED_EDGE('',*,*,#3722,.F.);
#3771 = ORIENTED_EDGE('',*,*,#3172,.F.);
#3772 = ADVANCED_FACE('',(#3773),#1725,.F.);
#3773 = FACE_BOUND('',#3774,.T.);
#3774 = EDGE_LOOP('',(#3775,#3776,#3777,#3778,#3779));
#3775 = ORIENTED_EDGE('',*,*,#3744,.F.);
#3776 = ORIENTED_EDGE('',*,*,#1709,.T.);
#3777 = ORIENTED_EDGE('',*,*,#2515,.T.);
#3778 = ORIENTED_EDGE('',*,*,#2812,.T.);
#3779 = ORIENTED_EDGE('',*,*,#3219,.F.);
#3780 = ADVANCED_FACE('',(#3781),#1811,.T.);
#3781 = FACE_BOUND('',#3782,.T.);
#3782 = EDGE_LOOP('',(#3783,#3784,#3805,#3806));
#3783 = ORIENTED_EDGE('',*,*,#3264,.T.);
#3784 = ORIENTED_EDGE('',*,*,#3785,.T.);
#3785 = EDGE_CURVE('',#3242,#1767,#3786,.T.);
#3786 = SURFACE_CURVE('',#3787,(#3791,#3798),.PCURVE_S1.);
#3787 = LINE('',#3788,#3789);
#3788 = CARTESIAN_POINT('',(8.683467674484,7.85,2.654400291161));
#3789 = VECTOR('',#3790,1.);
#3790 = DIRECTION('',(-0.707106781187,0.,0.707106781187));
#3791 = PCURVE('',#1811,#3792);
#3792 = DEFINITIONAL_REPRESENTATION('',(#3793),#3797);
#3793 = LINE('',#3794,#3795);
#3794 = CARTESIAN_POINT('',(-1.483467674484,-1.695599708839));
#3795 = VECTOR('',#3796,1.);
#3796 = DIRECTION('',(0.707106781187,0.707106781187));
#3797 = ( GEOMETRIC_REPRESENTATION_CONTEXT(2) 
PARAMETRIC_REPRESENTATION_CONTEXT() REPRESENTATION_CONTEXT('2D SPACE',''
  ) );
#3798 = PCURVE('',#1782,#3799);
#3799 = DEFINITIONAL_REPRESENTATION('',(#3800),#3804);
#3800 = LINE('',#3801,#3802);
#3801 = CARTESIAN_POINT('',(0.,0.));
#3802 = VECTOR('',#3803,1.);
#3803 = DIRECTION('',(1.,0.));
#3804 = ( GEOMETRIC_REPRESENTATION_CONTEXT(2) 
PARAMETRIC_REPRESENTATION_CONTEXT() REPRESENTATION_CONTEXT('2D SPACE',''
  ) );
#3805 = ORIENTED_EDGE('',*,*,#1794,.T.);
#3806 = ORIENTED_EDGE('',*,*,#3807,.T.);
#3807 = EDGE_CURVE('',#1795,#3265,#3808,.T.);
#3808 = SURFACE_CURVE('',#3809,(#3813,#3820),.PCURVE_S1.);
#3809 = LINE('',#3810,#3811);
#3810 = CARTESIAN_POINT('',(8.895599708839,7.85,2.866532325516));
#3811 = VECTOR('',#3812,1.);
#3812 = DIRECTION('',(0.707106781187,-0.,-0.707106781187));
#3813 = PCURVE('',#1811,#3814);
#3814 = DEFINITIONAL_REPRESENTATION('',(#3815),#3819);
#3815 = LINE('',#3816,#3817);
#3816 = CARTESIAN_POINT('',(-1.695599708839,-1.483467674484));
#3817 = VECTOR('',#3818,1.);
#3818 = DIRECTION('',(-0.707106781187,-0.707106781187));
#3819 = ( GEOMETRIC_REPRESENTATION_CONTEXT(2) 
PARAMETRIC_REPRESENTATION_CONTEXT() REPRESENTATION_CONTEXT('2D SPACE',''
  ) );
#3820 = PCURVE('',#1843,#3821);
#3821 = DEFINITIONAL_REPRESENTATION('',(#3822),#3826);
#3822 = LINE('',#3823,#3824);
#3823 = CARTESIAN_POINT('',(0.,0.));
#3824 = VECTOR('',#3825,1.);
#3825 = DIRECTION('',(1.,0.));
#3826 = ( GEOMETRIC_REPRESENTATION_CONTEXT(2) 
PARAMETRIC_REPRESENTATION_CONTEXT() REPRESENTATION_CONTEXT('2D SPACE',''
  ) );
#3827 = ADVANCED_FACE('',(#3828),#1782,.F.);
#3828 = FACE_BOUND('',#3829,.T.);
#3829 = EDGE_LOOP('',(#3830,#3831,#3832,#3833,#3834));
#3830 = ORIENTED_EDGE('',*,*,#2737,.T.);
#3831 = ORIENTED_EDGE('',*,*,#2463,.T.);
#3832 = ORIENTED_EDGE('',*,*,#1766,.F.);
#3833 = ORIENTED_EDGE('',*,*,#3785,.F.);
#3834 = ORIENTED_EDGE('',*,*,#3241,.F.);
#3835 = ADVANCED_FACE('',(#3836),#1843,.F.);
#3836 = FACE_BOUND('',#3837,.T.);
#3837 = EDGE_LOOP('',(#3838,#3839,#3840,#3841,#3842));
#3838 = ORIENTED_EDGE('',*,*,#3807,.F.);
#3839 = ORIENTED_EDGE('',*,*,#1827,.T.);
#3840 = ORIENTED_EDGE('',*,*,#3023,.T.);
#3841 = ORIENTED_EDGE('',*,*,#3491,.T.);
#3842 = ORIENTED_EDGE('',*,*,#3288,.F.);
#3843 = ( GEOMETRIC_REPRESENTATION_CONTEXT(3) 
GLOBAL_UNCERTAINTY_ASSIGNED_CONTEXT((#3847)) 
GLOBAL_UNIT_ASSIGNED_CONTEXT((#3844,#3845,#3846)) REPRESENTATION_CONTEXT
('Context #1','3D Context with UNIT and UNCERTAINTY') );
#3844 = ( LENGTH_UNIT() NAMED_UNIT(*) SI_UNIT(.MILLI.,.METRE.) );
#3845 = ( NAMED_UNIT(*) PLANE_ANGLE_UNIT() SI_UNIT($,.RADIAN.) );
#3846 = ( NAMED_UNIT(*) SI_UNIT($,.STERADIAN.) SOLID_ANGLE_UNIT() );
#3847 = UNCERTAINTY_MEASURE_WITH_UNIT(LENGTH_MEASURE(1.E-04),#3844,
  'distance_accuracy_value','confusion accuracy');
#3848 = PRODUCT_RELATED_PRODUCT_CATEGORY('part',$,(#1631));
#3849 = SHAPE_DEFINITION_REPRESENTATION(#3850,#3856);
#3850 = PRODUCT_DEFINITION_SHAPE('','',#3851);
#3851 = PRODUCT_DEFINITION('design','',#3852,#3855);
#3852 = PRODUCT_DEFINITION_FORMATION('','',#3853);
#3853 = PRODUCT('Contact_6','Contact_6','',(#3854));
#3854 = PRODUCT_CONTEXT('',#2,'mechanical');
#3855 = PRODUCT_DEFINITION_CONTEXT('part definition',#2,'design');
#3856 = ADVANCED_BREP_SHAPE_REPRESENTATION('',(#11,#3857),#6125);
#3857 = MANIFOLD_SOLID_BREP('',#3858);
#3858 = CLOSED_SHELL('',(#3859,#4220,#4572,#4705,#4815,#4918,#4999,#5102
    ,#5157,#5285,#5389,#5448,#5624,#5769,#5873,#5920,#5928,#5936,#5983,
    #5991,#5999,#6046,#6054,#6062,#6109,#6117));
#3859 = ADVANCED_FACE('',(#3860),#3874,.F.);
#3860 = FACE_BOUND('',#3861,.F.);
#3861 = EDGE_LOOP('',(#3862,#3897,#3926,#3954,#3987,#4015,#4044,#4072,
    #4105,#4133,#4166,#4189));
#3862 = ORIENTED_EDGE('',*,*,#3863,.F.);
#3863 = EDGE_CURVE('',#3864,#3866,#3868,.T.);
#3864 = VERTEX_POINT('',#3865);
#3865 = CARTESIAN_POINT('',(0.625681259449,7.85,4.763549225093));
#3866 = VERTEX_POINT('',#3867);
#3867 = CARTESIAN_POINT('',(0.625681259449,15.65,4.763549225093));
#3868 = SURFACE_CURVE('',#3869,(#3873,#3885),.PCURVE_S1.);
#3869 = LINE('',#3870,#3871);
#3870 = CARTESIAN_POINT('',(0.625681259449,7.85,4.763549225093));
#3871 = VECTOR('',#3872,1.);
#3872 = DIRECTION('',(0.,1.,0.));
#3873 = PCURVE('',#3874,#3879);
#3874 = CYLINDRICAL_SURFACE('',#3875,0.75);
#3875 = AXIS2_PLACEMENT_3D('',#3876,#3877,#3878);
#3876 = CARTESIAN_POINT('',(0.,15.65,4.35));
#3877 = DIRECTION('',(-0.,-1.,0.));
#3878 = DIRECTION('',(-1.,0.,0.));
#3879 = DEFINITIONAL_REPRESENTATION('',(#3880),#3884);
#3880 = LINE('',#3881,#3882);
#3881 = CARTESIAN_POINT('',(3.725632896197,7.8));
#3882 = VECTOR('',#3883,1.);
#3883 = DIRECTION('',(0.,-1.));
#3884 = ( GEOMETRIC_REPRESENTATION_CONTEXT(2) 
PARAMETRIC_REPRESENTATION_CONTEXT() REPRESENTATION_CONTEXT('2D SPACE',''
  ) );
#3885 = PCURVE('',#3886,#3891);
#3886 = PLANE('',#3887);
#3887 = AXIS2_PLACEMENT_3D('',#3888,#3889,#3890);
#3888 = CARTESIAN_POINT('',(1.69559970884,7.85,5.833467674484));
#3889 = DIRECTION('',(0.707106781187,0.,-0.707106781187));
#3890 = DIRECTION('',(0.707106781187,0.,0.707106781187));
#3891 = DEFINITIONAL_REPRESENTATION('',(#3892),#3896);
#3892 = LINE('',#3893,#3894);
#3893 = CARTESIAN_POINT('',(-1.513093181762,-0.));
#3894 = VECTOR('',#3895,1.);
#3895 = DIRECTION('',(0.,-1.));
#3896 = ( GEOMETRIC_REPRESENTATION_CONTEXT(2) 
PARAMETRIC_REPRESENTATION_CONTEXT() REPRESENTATION_CONTEXT('2D SPACE',''
  ) );
#3897 = ORIENTED_EDGE('',*,*,#3898,.F.);
#3898 = EDGE_CURVE('',#3899,#3864,#3901,.T.);
#3899 = VERTEX_POINT('',#3900);
#3900 = CARTESIAN_POINT('',(0.413549225093,7.85,4.975681259449));
#3901 = SURFACE_CURVE('',#3902,(#3907,#3914),.PCURVE_S1.);
#3902 = CIRCLE('',#3903,0.75);
#3903 = AXIS2_PLACEMENT_3D('',#3904,#3905,#3906);
#3904 = CARTESIAN_POINT('',(0.,7.85,4.35));
#3905 = DIRECTION('',(-0.,1.,0.));
#3906 = DIRECTION('',(1.,0.,0.));
#3907 = PCURVE('',#3874,#3908);
#3908 = DEFINITIONAL_REPRESENTATION('',(#3909),#3913);
#3909 = LINE('',#3910,#3911);
#3910 = CARTESIAN_POINT('',(9.424777960769,7.8));
#3911 = VECTOR('',#3912,1.);
#3912 = DIRECTION('',(-1.,0.));
#3913 = ( GEOMETRIC_REPRESENTATION_CONTEXT(2) 
PARAMETRIC_REPRESENTATION_CONTEXT() REPRESENTATION_CONTEXT('2D SPACE',''
  ) );
#3914 = PCURVE('',#3915,#3920);
#3915 = PLANE('',#3916);
#3916 = AXIS2_PLACEMENT_3D('',#3917,#3918,#3919);
#3917 = CARTESIAN_POINT('',(0.,7.85,4.35));
#3918 = DIRECTION('',(0.,1.,0.));
#3919 = DIRECTION('',(1.,0.,0.));
#3920 = DEFINITIONAL_REPRESENTATION('',(#3921),#3925);
#3921 = CIRCLE('',#3922,0.75);
#3922 = AXIS2_PLACEMENT_2D('',#3923,#3924);
#3923 = CARTESIAN_POINT('',(0.,0.));
#3924 = DIRECTION('',(1.,0.));
#3925 = ( GEOMETRIC_REPRESENTATION_CONTEXT(2) 
PARAMETRIC_REPRESENTATION_CONTEXT() REPRESENTATION_CONTEXT('2D SPACE',''
  ) );
#3926 = ORIENTED_EDGE('',*,*,#3927,.T.);
#3927 = EDGE_CURVE('',#3899,#3928,#3930,.T.);
#3928 = VERTEX_POINT('',#3929);
#3929 = CARTESIAN_POINT('',(0.413549225093,15.65,4.975681259449));
#3930 = SURFACE_CURVE('',#3931,(#3935,#3942),.PCURVE_S1.);
#3931 = LINE('',#3932,#3933);
#3932 = CARTESIAN_POINT('',(0.413549225093,7.85,4.975681259449));
#3933 = VECTOR('',#3934,1.);
#3934 = DIRECTION('',(0.,1.,0.));
#3935 = PCURVE('',#3874,#3936);
#3936 = DEFINITIONAL_REPRESENTATION('',(#3937),#3941);
#3937 = LINE('',#3938,#3939);
#3938 = CARTESIAN_POINT('',(4.128348737778,7.8));
#3939 = VECTOR('',#3940,1.);
#3940 = DIRECTION('',(0.,-1.));
#3941 = ( GEOMETRIC_REPRESENTATION_CONTEXT(2) 
PARAMETRIC_REPRESENTATION_CONTEXT() REPRESENTATION_CONTEXT('2D SPACE',''
  ) );
#3942 = PCURVE('',#3943,#3948);
#3943 = PLANE('',#3944);
#3944 = AXIS2_PLACEMENT_3D('',#3945,#3946,#3947);
#3945 = CARTESIAN_POINT('',(1.483467674484,7.85,6.04559970884));
#3946 = DIRECTION('',(-0.707106781187,0.,0.707106781187));
#3947 = DIRECTION('',(-0.707106781187,0.,-0.707106781187));
#3948 = DEFINITIONAL_REPRESENTATION('',(#3949),#3953);
#3949 = LINE('',#3950,#3951);
#3950 = CARTESIAN_POINT('',(1.513093181762,-0.));
#3951 = VECTOR('',#3952,1.);
#3952 = DIRECTION('',(0.,-1.));
#3953 = ( GEOMETRIC_REPRESENTATION_CONTEXT(2) 
PARAMETRIC_REPRESENTATION_CONTEXT() REPRESENTATION_CONTEXT('2D SPACE',''
  ) );
#3954 = ORIENTED_EDGE('',*,*,#3955,.T.);
#3955 = EDGE_CURVE('',#3928,#3956,#3958,.T.);
#3956 = VERTEX_POINT('',#3957);
#3957 = CARTESIAN_POINT('',(-0.413549225093,15.65,4.975681259449));
#3958 = SURFACE_CURVE('',#3959,(#3964,#3971),.PCURVE_S1.);
#3959 = CIRCLE('',#3960,0.75);
#3960 = AXIS2_PLACEMENT_3D('',#3961,#3962,#3963);
#3961 = CARTESIAN_POINT('',(0.,15.65,4.35));
#3962 = DIRECTION('',(0.,-1.,0.));
#3963 = DIRECTION('',(1.,0.,0.));
#3964 = PCURVE('',#3874,#3965);
#3965 = DEFINITIONAL_REPRESENTATION('',(#3966),#3970);
#3966 = LINE('',#3967,#3968);
#3967 = CARTESIAN_POINT('',(3.14159265359,0.));
#3968 = VECTOR('',#3969,1.);
#3969 = DIRECTION('',(1.,0.));
#3970 = ( GEOMETRIC_REPRESENTATION_CONTEXT(2) 
PARAMETRIC_REPRESENTATION_CONTEXT() REPRESENTATION_CONTEXT('2D SPACE',''
  ) );
#3971 = PCURVE('',#3972,#3977);
#3972 = PLANE('',#3973);
#3973 = AXIS2_PLACEMENT_3D('',#3974,#3975,#3976);
#3974 = CARTESIAN_POINT('',(0.,15.65,4.35));
#3975 = DIRECTION('',(0.,1.,0.));
#3976 = DIRECTION('',(1.,0.,0.));
#3977 = DEFINITIONAL_REPRESENTATION('',(#3978),#3986);
#3978 = ( BOUNDED_CURVE() B_SPLINE_CURVE(2,(#3979,#3980,#3981,#3982,
#3983,#3984,#3985),.UNSPECIFIED.,.T.,.F.) B_SPLINE_CURVE_WITH_KNOTS((1,2
    ,2,2,2,1),(-2.094395102393,0.,2.094395102393,4.188790204786,
6.28318530718,8.377580409573),.UNSPECIFIED.) CURVE() 
GEOMETRIC_REPRESENTATION_ITEM() RATIONAL_B_SPLINE_CURVE((1.,0.5,1.,0.5,
1.,0.5,1.)) REPRESENTATION_ITEM('') );
#3979 = CARTESIAN_POINT('',(0.75,0.));
#3980 = CARTESIAN_POINT('',(0.75,-1.299038105677));
#3981 = CARTESIAN_POINT('',(-0.375,-0.649519052838));
#3982 = CARTESIAN_POINT('',(-1.5,-1.836970198721E-16));
#3983 = CARTESIAN_POINT('',(-0.375,0.649519052838));
#3984 = CARTESIAN_POINT('',(0.75,1.299038105677));
#3985 = CARTESIAN_POINT('',(0.75,0.));
#3986 = ( GEOMETRIC_REPRESENTATION_CONTEXT(2) 
PARAMETRIC_REPRESENTATION_CONTEXT() REPRESENTATION_CONTEXT('2D SPACE',''
  ) );
#3987 = ORIENTED_EDGE('',*,*,#3988,.F.);
#3988 = EDGE_CURVE('',#3989,#3956,#3991,.T.);
#3989 = VERTEX_POINT('',#3990);
#3990 = CARTESIAN_POINT('',(-0.413549225093,7.85,4.975681259449));
#3991 = SURFACE_CURVE('',#3992,(#3996,#4003),.PCURVE_S1.);
#3992 = LINE('',#3993,#3994);
#3993 = CARTESIAN_POINT('',(-0.413549225093,7.85,4.975681259449));
#3994 = VECTOR('',#3995,1.);
#3995 = DIRECTION('',(0.,1.,0.));
#3996 = PCURVE('',#3874,#3997);
#3997 = DEFINITIONAL_REPRESENTATION('',(#3998),#4002);
#3998 = LINE('',#3999,#4000);
#3999 = CARTESIAN_POINT('',(5.296429222992,7.8));
#4000 = VECTOR('',#4001,1.);
#4001 = DIRECTION('',(0.,-1.));
#4002 = ( GEOMETRIC_REPRESENTATION_CONTEXT(2) 
PARAMETRIC_REPRESENTATION_CONTEXT() REPRESENTATION_CONTEXT('2D SPACE',''
  ) );
#4003 = PCURVE('',#4004,#4009);
#4004 = PLANE('',#4005);
#4005 = AXIS2_PLACEMENT_3D('',#4006,#4007,#4008);
#4006 = CARTESIAN_POINT('',(-1.483467674484,7.85,6.045599708839));
#4007 = DIRECTION('',(0.707106781187,0.,0.707106781187));
#4008 = DIRECTION('',(-0.707106781187,0.,0.707106781187));
#4009 = DEFINITIONAL_REPRESENTATION('',(#4010),#4014);
#4010 = LINE('',#4011,#4012);
#4011 = CARTESIAN_POINT('',(-1.513093181762,0.));
#4012 = VECTOR('',#4013,1.);
#4013 = DIRECTION('',(0.,-1.));
#4014 = ( GEOMETRIC_REPRESENTATION_CONTEXT(2) 
PARAMETRIC_REPRESENTATION_CONTEXT() REPRESENTATION_CONTEXT('2D SPACE',''
  ) );
#4015 = ORIENTED_EDGE('',*,*,#4016,.F.);
#4016 = EDGE_CURVE('',#4017,#3989,#4019,.T.);
#4017 = VERTEX_POINT('',#4018);
#4018 = CARTESIAN_POINT('',(-0.625681259449,7.85,4.763549225093));
#4019 = SURFACE_CURVE('',#4020,(#4025,#4032),.PCURVE_S1.);
#4020 = CIRCLE('',#4021,0.75);
#4021 = AXIS2_PLACEMENT_3D('',#4022,#4023,#4024);
#4022 = CARTESIAN_POINT('',(0.,7.85,4.35));
#4023 = DIRECTION('',(-0.,1.,0.));
#4024 = DIRECTION('',(1.,0.,0.));
#4025 = PCURVE('',#3874,#4026);
#4026 = DEFINITIONAL_REPRESENTATION('',(#4027),#4031);
#4027 = LINE('',#4028,#4029);
#4028 = CARTESIAN_POINT('',(9.424777960769,7.8));
#4029 = VECTOR('',#4030,1.);
#4030 = DIRECTION('',(-1.,0.));
#4031 = ( GEOMETRIC_REPRESENTATION_CONTEXT(2) 
PARAMETRIC_REPRESENTATION_CONTEXT() REPRESENTATION_CONTEXT('2D SPACE',''
  ) );
#4032 = PCURVE('',#4033,#4038);
#4033 = PLANE('',#4034);
#4034 = AXIS2_PLACEMENT_3D('',#4035,#4036,#4037);
#4035 = CARTESIAN_POINT('',(0.,7.85,4.35));
#4036 = DIRECTION('',(0.,1.,0.));
#4037 = DIRECTION('',(1.,0.,0.));
#4038 = DEFINITIONAL_REPRESENTATION('',(#4039),#4043);
#4039 = CIRCLE('',#4040,0.75);
#4040 = AXIS2_PLACEMENT_2D('',#4041,#4042);
#4041 = CARTESIAN_POINT('',(0.,0.));
#4042 = DIRECTION('',(1.,0.));
#4043 = ( GEOMETRIC_REPRESENTATION_CONTEXT(2) 
PARAMETRIC_REPRESENTATION_CONTEXT() REPRESENTATION_CONTEXT('2D SPACE',''
  ) );
#4044 = ORIENTED_EDGE('',*,*,#4045,.T.);
#4045 = EDGE_CURVE('',#4017,#4046,#4048,.T.);
#4046 = VERTEX_POINT('',#4047);
#4047 = CARTESIAN_POINT('',(-0.625681259449,15.65,4.763549225093));
#4048 = SURFACE_CURVE('',#4049,(#4053,#4060),.PCURVE_S1.);
#4049 = LINE('',#4050,#4051);
#4050 = CARTESIAN_POINT('',(-0.625681259449,7.85,4.763549225093));
#4051 = VECTOR('',#4052,1.);
#4052 = DIRECTION('',(0.,1.,0.));
#4053 = PCURVE('',#3874,#4054);
#4054 = DEFINITIONAL_REPRESENTATION('',(#4055),#4059);
#4055 = LINE('',#4056,#4057);
#4056 = CARTESIAN_POINT('',(5.699145064572,7.8));
#4057 = VECTOR('',#4058,1.);
#4058 = DIRECTION('',(0.,-1.));
#4059 = ( GEOMETRIC_REPRESENTATION_CONTEXT(2) 
PARAMETRIC_REPRESENTATION_CONTEXT() REPRESENTATION_CONTEXT('2D SPACE',''
  ) );
#4060 = PCURVE('',#4061,#4066);
#4061 = PLANE('',#4062);
#4062 = AXIS2_PLACEMENT_3D('',#4063,#4064,#4065);
#4063 = CARTESIAN_POINT('',(-1.69559970884,7.85,5.833467674484));
#4064 = DIRECTION('',(-0.707106781187,0.,-0.707106781187));
#4065 = DIRECTION('',(0.707106781187,0.,-0.707106781187));
#4066 = DEFINITIONAL_REPRESENTATION('',(#4067),#4071);
#4067 = LINE('',#4068,#4069);
#4068 = CARTESIAN_POINT('',(1.513093181762,0.));
#4069 = VECTOR('',#4070,1.);
#4070 = DIRECTION('',(0.,-1.));
#4071 = ( GEOMETRIC_REPRESENTATION_CONTEXT(2) 
PARAMETRIC_REPRESENTATION_CONTEXT() REPRESENTATION_CONTEXT('2D SPACE',''
  ) );
#4072 = ORIENTED_EDGE('',*,*,#4073,.T.);
#4073 = EDGE_CURVE('',#4046,#4074,#4076,.T.);
#4074 = VERTEX_POINT('',#4075);
#4075 = CARTESIAN_POINT('',(-0.75,15.65,4.35));
#4076 = SURFACE_CURVE('',#4077,(#4082,#4089),.PCURVE_S1.);
#4077 = CIRCLE('',#4078,0.75);
#4078 = AXIS2_PLACEMENT_3D('',#4079,#4080,#4081);
#4079 = CARTESIAN_POINT('',(0.,15.65,4.35));
#4080 = DIRECTION('',(0.,-1.,0.));
#4081 = DIRECTION('',(1.,0.,0.));
#4082 = PCURVE('',#3874,#4083);
#4083 = DEFINITIONAL_REPRESENTATION('',(#4084),#4088);
#4084 = LINE('',#4085,#4086);
#4085 = CARTESIAN_POINT('',(3.14159265359,0.));
#4086 = VECTOR('',#4087,1.);
#4087 = DIRECTION('',(1.,0.));
#4088 = ( GEOMETRIC_REPRESENTATION_CONTEXT(2) 
PARAMETRIC_REPRESENTATION_CONTEXT() REPRESENTATION_CONTEXT('2D SPACE',''
  ) );
#4089 = PCURVE('',#4090,#4095);
#4090 = PLANE('',#4091);
#4091 = AXIS2_PLACEMENT_3D('',#4092,#4093,#4094);
#4092 = CARTESIAN_POINT('',(0.,15.65,4.35));
#4093 = DIRECTION('',(0.,1.,0.));
#4094 = DIRECTION('',(1.,0.,0.));
#4095 = DEFINITIONAL_REPRESENTATION('',(#4096),#4104);
#4096 = ( BOUNDED_CURVE() B_SPLINE_CURVE(2,(#4097,#4098,#4099,#4100,
#4101,#4102,#4103),.UNSPECIFIED.,.T.,.F.) B_SPLINE_CURVE_WITH_KNOTS((1,2
    ,2,2,2,1),(-2.094395102393,0.,2.094395102393,4.188790204786,
6.28318530718,8.377580409573),.UNSPECIFIED.) CURVE() 
GEOMETRIC_REPRESENTATION_ITEM() RATIONAL_B_SPLINE_CURVE((1.,0.5,1.,0.5,
1.,0.5,1.)) REPRESENTATION_ITEM('') );
#4097 = CARTESIAN_POINT('',(0.75,0.));
#4098 = CARTESIAN_POINT('',(0.75,-1.299038105677));
#4099 = CARTESIAN_POINT('',(-0.375,-0.649519052838));
#4100 = CARTESIAN_POINT('',(-1.5,-1.836970198721E-16));
#4101 = CARTESIAN_POINT('',(-0.375,0.649519052838));
#4102 = CARTESIAN_POINT('',(0.75,1.299038105677));
#4103 = CARTESIAN_POINT('',(0.75,0.));
#4104 = ( GEOMETRIC_REPRESENTATION_CONTEXT(2) 
PARAMETRIC_REPRESENTATION_CONTEXT() REPRESENTATION_CONTEXT('2D SPACE',''
  ) );
#4105 = ORIENTED_EDGE('',*,*,#4106,.T.);
#4106 = EDGE_CURVE('',#4074,#4107,#4109,.T.);
#4107 = VERTEX_POINT('',#4108);
#4108 = CARTESIAN_POINT('',(-0.75,7.65,4.35));
#4109 = SURFACE_CURVE('',#4110,(#4114,#4121),.PCURVE_S1.);
#4110 = LINE('',#4111,#4112);
#4111 = CARTESIAN_POINT('',(-0.75,15.65,4.35));
#4112 = VECTOR('',#4113,1.);
#4113 = DIRECTION('',(-0.,-1.,0.));
#4114 = PCURVE('',#3874,#4115);
#4115 = DEFINITIONAL_REPRESENTATION('',(#4116),#4120);
#4116 = LINE('',#4117,#4118);
#4117 = CARTESIAN_POINT('',(6.28318530718,0.));
#4118 = VECTOR('',#4119,1.);
#4119 = DIRECTION('',(0.,1.));
#4120 = ( GEOMETRIC_REPRESENTATION_CONTEXT(2) 
PARAMETRIC_REPRESENTATION_CONTEXT() REPRESENTATION_CONTEXT('2D SPACE',''
  ) );
#4121 = PCURVE('',#4122,#4127);
#4122 = CYLINDRICAL_SURFACE('',#4123,0.75);
#4123 = AXIS2_PLACEMENT_3D('',#4124,#4125,#4126);
#4124 = CARTESIAN_POINT('',(0.,15.65,4.35));
#4125 = DIRECTION('',(-0.,-1.,0.));
#4126 = DIRECTION('',(-1.,0.,0.));
#4127 = DEFINITIONAL_REPRESENTATION('',(#4128),#4132);
#4128 = LINE('',#4129,#4130);
#4129 = CARTESIAN_POINT('',(0.,0.));
#4130 = VECTOR('',#4131,1.);
#4131 = DIRECTION('',(0.,1.));
#4132 = ( GEOMETRIC_REPRESENTATION_CONTEXT(2) 
PARAMETRIC_REPRESENTATION_CONTEXT() REPRESENTATION_CONTEXT('2D SPACE',''
  ) );
#4133 = ORIENTED_EDGE('',*,*,#4134,.F.);
#4134 = EDGE_CURVE('',#4135,#4107,#4137,.T.);
#4135 = VERTEX_POINT('',#4136);
#4136 = CARTESIAN_POINT('',(0.75,7.65,4.35));
#4137 = SURFACE_CURVE('',#4138,(#4143,#4150),.PCURVE_S1.);
#4138 = CIRCLE('',#4139,0.75);
#4139 = AXIS2_PLACEMENT_3D('',#4140,#4141,#4142);
#4140 = CARTESIAN_POINT('',(0.,7.65,4.35));
#4141 = DIRECTION('',(0.,-1.,0.));
#4142 = DIRECTION('',(1.,0.,0.));
#4143 = PCURVE('',#3874,#4144);
#4144 = DEFINITIONAL_REPRESENTATION('',(#4145),#4149);
#4145 = LINE('',#4146,#4147);
#4146 = CARTESIAN_POINT('',(3.14159265359,8.));
#4147 = VECTOR('',#4148,1.);
#4148 = DIRECTION('',(1.,0.));
#4149 = ( GEOMETRIC_REPRESENTATION_CONTEXT(2) 
PARAMETRIC_REPRESENTATION_CONTEXT() REPRESENTATION_CONTEXT('2D SPACE',''
  ) );
#4150 = PCURVE('',#4151,#4156);
#4151 = PLANE('',#4152);
#4152 = AXIS2_PLACEMENT_3D('',#4153,#4154,#4155);
#4153 = CARTESIAN_POINT('',(0.,7.65,4.35));
#4154 = DIRECTION('',(0.,1.,0.));
#4155 = DIRECTION('',(1.,0.,0.));
#4156 = DEFINITIONAL_REPRESENTATION('',(#4157),#4165);
#4157 = ( BOUNDED_CURVE() B_SPLINE_CURVE(2,(#4158,#4159,#4160,#4161,
#4162,#4163,#4164),.UNSPECIFIED.,.T.,.F.) B_SPLINE_CURVE_WITH_KNOTS((1,2
    ,2,2,2,1),(-2.094395102393,0.,2.094395102393,4.188790204786,
6.28318530718,8.377580409573),.UNSPECIFIED.) CURVE() 
GEOMETRIC_REPRESENTATION_ITEM() RATIONAL_B_SPLINE_CURVE((1.,0.5,1.,0.5,
1.,0.5,1.)) REPRESENTATION_ITEM('') );
#4158 = CARTESIAN_POINT('',(0.75,0.));
#4159 = CARTESIAN_POINT('',(0.75,-1.299038105677));
#4160 = CARTESIAN_POINT('',(-0.375,-0.649519052838));
#4161 = CARTESIAN_POINT('',(-1.5,-1.836970198721E-16));
#4162 = CARTESIAN_POINT('',(-0.375,0.649519052838));
#4163 = CARTESIAN_POINT('',(0.75,1.299038105677));
#4164 = CARTESIAN_POINT('',(0.75,0.));
#4165 = ( GEOMETRIC_REPRESENTATION_CONTEXT(2) 
PARAMETRIC_REPRESENTATION_CONTEXT() REPRESENTATION_CONTEXT('2D SPACE',''
  ) );
#4166 = ORIENTED_EDGE('',*,*,#4167,.F.);
#4167 = EDGE_CURVE('',#4168,#4135,#4170,.T.);
#4168 = VERTEX_POINT('',#4169);
#4169 = CARTESIAN_POINT('',(0.75,15.65,4.35));
#4170 = SURFACE_CURVE('',#4171,(#4175,#4182),.PCURVE_S1.);
#4171 = LINE('',#4172,#4173);
#4172 = CARTESIAN_POINT('',(0.75,15.65,4.35));
#4173 = VECTOR('',#4174,1.);
#4174 = DIRECTION('',(-0.,-1.,0.));
#4175 = PCURVE('',#3874,#4176);
#4176 = DEFINITIONAL_REPRESENTATION('',(#4177),#4181);
#4177 = LINE('',#4178,#4179);
#4178 = CARTESIAN_POINT('',(3.14159265359,0.));
#4179 = VECTOR('',#4180,1.);
#4180 = DIRECTION('',(0.,1.));
#4181 = ( GEOMETRIC_REPRESENTATION_CONTEXT(2) 
PARAMETRIC_REPRESENTATION_CONTEXT() REPRESENTATION_CONTEXT('2D SPACE',''
  ) );
#4182 = PCURVE('',#4122,#4183);
#4183 = DEFINITIONAL_REPRESENTATION('',(#4184),#4188);
#4184 = LINE('',#4185,#4186);
#4185 = CARTESIAN_POINT('',(3.14159265359,0.));
#4186 = VECTOR('',#4187,1.);
#4187 = DIRECTION('',(0.,1.));
#4188 = ( GEOMETRIC_REPRESENTATION_CONTEXT(2) 
PARAMETRIC_REPRESENTATION_CONTEXT() REPRESENTATION_CONTEXT('2D SPACE',''
  ) );
#4189 = ORIENTED_EDGE('',*,*,#4190,.T.);
#4190 = EDGE_CURVE('',#4168,#3866,#4191,.T.);
#4191 = SURFACE_CURVE('',#4192,(#4197,#4204),.PCURVE_S1.);
#4192 = CIRCLE('',#4193,0.75);
#4193 = AXIS2_PLACEMENT_3D('',#4194,#4195,#4196);
#4194 = CARTESIAN_POINT('',(0.,15.65,4.35));
#4195 = DIRECTION('',(0.,-1.,0.));
#4196 = DIRECTION('',(1.,0.,0.));
#4197 = PCURVE('',#3874,#4198);
#4198 = DEFINITIONAL_REPRESENTATION('',(#4199),#4203);
#4199 = LINE('',#4200,#4201);
#4200 = CARTESIAN_POINT('',(3.14159265359,0.));
#4201 = VECTOR('',#4202,1.);
#4202 = DIRECTION('',(1.,0.));
#4203 = ( GEOMETRIC_REPRESENTATION_CONTEXT(2) 
PARAMETRIC_REPRESENTATION_CONTEXT() REPRESENTATION_CONTEXT('2D SPACE',''
  ) );
#4204 = PCURVE('',#4205,#4210);
#4205 = PLANE('',#4206);
#4206 = AXIS2_PLACEMENT_3D('',#4207,#4208,#4209);
#4207 = CARTESIAN_POINT('',(0.,15.65,4.35));
#4208 = DIRECTION('',(0.,1.,0.));
#4209 = DIRECTION('',(1.,0.,0.));
#4210 = DEFINITIONAL_REPRESENTATION('',(#4211),#4219);
#4211 = ( BOUNDED_CURVE() B_SPLINE_CURVE(2,(#4212,#4213,#4214,#4215,
#4216,#4217,#4218),.UNSPECIFIED.,.T.,.F.) B_SPLINE_CURVE_WITH_KNOTS((1,2
    ,2,2,2,1),(-2.094395102393,0.,2.094395102393,4.188790204786,
6.28318530718,8.377580409573),.UNSPECIFIED.) CURVE() 
GEOMETRIC_REPRESENTATION_ITEM() RATIONAL_B_SPLINE_CURVE((1.,0.5,1.,0.5,
1.,0.5,1.)) REPRESENTATION_ITEM('') );
#4212 = CARTESIAN_POINT('',(0.75,0.));
#4213 = CARTESIAN_POINT('',(0.75,-1.299038105677));
#4214 = CARTESIAN_POINT('',(-0.375,-0.649519052838));
#4215 = CARTESIAN_POINT('',(-1.5,-1.836970198721E-16));
#4216 = CARTESIAN_POINT('',(-0.375,0.649519052838));
#4217 = CARTESIAN_POINT('',(0.75,1.299038105677));
#4218 = CARTESIAN_POINT('',(0.75,0.));
#4219 = ( GEOMETRIC_REPRESENTATION_CONTEXT(2) 
PARAMETRIC_REPRESENTATION_CONTEXT() REPRESENTATION_CONTEXT('2D SPACE',''
  ) );
#4220 = ADVANCED_FACE('',(#4221),#4236,.T.);
#4221 = FACE_BOUND('',#4222,.T.);
#4222 = EDGE_LOOP('',(#4223,#4259,#4287,#4315,#4338,#4367,#4395,#4428,
    #4456,#4485,#4513,#4546));
#4223 = ORIENTED_EDGE('',*,*,#4224,.F.);
#4224 = EDGE_CURVE('',#4225,#4227,#4229,.T.);
#4225 = VERTEX_POINT('',#4226);
#4226 = CARTESIAN_POINT('',(2.1,15.15,4.35));
#4227 = VERTEX_POINT('',#4228);
#4228 = CARTESIAN_POINT('',(1.587197341538,15.15,2.974934692818));
#4229 = SURFACE_CURVE('',#4230,(#4235,#4247),.PCURVE_S1.);
#4230 = CIRCLE('',#4231,2.1);
#4231 = AXIS2_PLACEMENT_3D('',#4232,#4233,#4234);
#4232 = CARTESIAN_POINT('',(0.,15.15,4.35));
#4233 = DIRECTION('',(-0.,1.,0.));
#4234 = DIRECTION('',(1.,0.,0.));
#4235 = PCURVE('',#4236,#4241);
#4236 = CYLINDRICAL_SURFACE('',#4237,2.1);
#4237 = AXIS2_PLACEMENT_3D('',#4238,#4239,#4240);
#4238 = CARTESIAN_POINT('',(0.,15.65,4.35));
#4239 = DIRECTION('',(-0.,-1.,0.));
#4240 = DIRECTION('',(-1.,0.,0.));
#4241 = DEFINITIONAL_REPRESENTATION('',(#4242),#4246);
#4242 = LINE('',#4243,#4244);
#4243 = CARTESIAN_POINT('',(3.14159265359,0.5));
#4244 = VECTOR('',#4245,1.);
#4245 = DIRECTION('',(-1.,0.));
#4246 = ( GEOMETRIC_REPRESENTATION_CONTEXT(2) 
PARAMETRIC_REPRESENTATION_CONTEXT() REPRESENTATION_CONTEXT('2D SPACE',''
  ) );
#4247 = PCURVE('',#4248,#4253);
#4248 = TOROIDAL_SURFACE('',#4249,1.6,0.5);
#4249 = AXIS2_PLACEMENT_3D('',#4250,#4251,#4252);
#4250 = CARTESIAN_POINT('',(0.,15.15,4.35));
#4251 = DIRECTION('',(0.,1.,0.));
#4252 = DIRECTION('',(1.,0.,0.));
#4253 = DEFINITIONAL_REPRESENTATION('',(#4254),#4258);
#4254 = LINE('',#4255,#4256);
#4255 = CARTESIAN_POINT('',(0.,0.));
#4256 = VECTOR('',#4257,1.);
#4257 = DIRECTION('',(1.,0.));
#4258 = ( GEOMETRIC_REPRESENTATION_CONTEXT(2) 
PARAMETRIC_REPRESENTATION_CONTEXT() REPRESENTATION_CONTEXT('2D SPACE',''
  ) );
#4259 = ORIENTED_EDGE('',*,*,#4260,.T.);
#4260 = EDGE_CURVE('',#4225,#4261,#4263,.T.);
#4261 = VERTEX_POINT('',#4262);
#4262 = CARTESIAN_POINT('',(2.1,7.65,4.35));
#4263 = SURFACE_CURVE('',#4264,(#4268,#4275),.PCURVE_S1.);
#4264 = LINE('',#4265,#4266);
#4265 = CARTESIAN_POINT('',(2.1,15.65,4.35));
#4266 = VECTOR('',#4267,1.);
#4267 = DIRECTION('',(-0.,-1.,0.));
#4268 = PCURVE('',#4236,#4269);
#4269 = DEFINITIONAL_REPRESENTATION('',(#4270),#4274);
#4270 = LINE('',#4271,#4272);
#4271 = CARTESIAN_POINT('',(3.14159265359,0.));
#4272 = VECTOR('',#4273,1.);
#4273 = DIRECTION('',(0.,1.));
#4274 = ( GEOMETRIC_REPRESENTATION_CONTEXT(2) 
PARAMETRIC_REPRESENTATION_CONTEXT() REPRESENTATION_CONTEXT('2D SPACE',''
  ) );
#4275 = PCURVE('',#4276,#4281);
#4276 = CYLINDRICAL_SURFACE('',#4277,2.1);
#4277 = AXIS2_PLACEMENT_3D('',#4278,#4279,#4280);
#4278 = CARTESIAN_POINT('',(0.,15.65,4.35));
#4279 = DIRECTION('',(-0.,-1.,0.));
#4280 = DIRECTION('',(-1.,0.,0.));
#4281 = DEFINITIONAL_REPRESENTATION('',(#4282),#4286);
#4282 = LINE('',#4283,#4284);
#4283 = CARTESIAN_POINT('',(3.14159265359,0.));
#4284 = VECTOR('',#4285,1.);
#4285 = DIRECTION('',(0.,1.));
#4286 = ( GEOMETRIC_REPRESENTATION_CONTEXT(2) 
PARAMETRIC_REPRESENTATION_CONTEXT() REPRESENTATION_CONTEXT('2D SPACE',''
  ) );
#4287 = ORIENTED_EDGE('',*,*,#4288,.F.);
#4288 = EDGE_CURVE('',#4289,#4261,#4291,.T.);
#4289 = VERTEX_POINT('',#4290);
#4290 = CARTESIAN_POINT('',(-2.1,7.65,4.35));
#4291 = SURFACE_CURVE('',#4292,(#4297,#4304),.PCURVE_S1.);
#4292 = CIRCLE('',#4293,2.1);
#4293 = AXIS2_PLACEMENT_3D('',#4294,#4295,#4296);
#4294 = CARTESIAN_POINT('',(0.,7.65,4.35));
#4295 = DIRECTION('',(0.,-1.,0.));
#4296 = DIRECTION('',(1.,0.,0.));
#4297 = PCURVE('',#4236,#4298);
#4298 = DEFINITIONAL_REPRESENTATION('',(#4299),#4303);
#4299 = LINE('',#4300,#4301);
#4300 = CARTESIAN_POINT('',(-3.14159265359,8.));
#4301 = VECTOR('',#4302,1.);
#4302 = DIRECTION('',(1.,0.));
#4303 = ( GEOMETRIC_REPRESENTATION_CONTEXT(2) 
PARAMETRIC_REPRESENTATION_CONTEXT() REPRESENTATION_CONTEXT('2D SPACE',''
  ) );
#4304 = PCURVE('',#4151,#4305);
#4305 = DEFINITIONAL_REPRESENTATION('',(#4306),#4314);
#4306 = ( BOUNDED_CURVE() B_SPLINE_CURVE(2,(#4307,#4308,#4309,#4310,
#4311,#4312,#4313),.UNSPECIFIED.,.T.,.F.) B_SPLINE_CURVE_WITH_KNOTS((1,2
    ,2,2,2,1),(-2.094395102393,0.,2.094395102393,4.188790204786,
6.28318530718,8.377580409573),.UNSPECIFIED.) CURVE() 
GEOMETRIC_REPRESENTATION_ITEM() RATIONAL_B_SPLINE_CURVE((1.,0.5,1.,0.5,
1.,0.5,1.)) REPRESENTATION_ITEM('') );
#4307 = CARTESIAN_POINT('',(2.1,0.));
#4308 = CARTESIAN_POINT('',(2.1,-3.637306695895));
#4309 = CARTESIAN_POINT('',(-1.05,-1.818653347947));
#4310 = CARTESIAN_POINT('',(-4.2,-5.143516556419E-16));
#4311 = CARTESIAN_POINT('',(-1.05,1.818653347947));
#4312 = CARTESIAN_POINT('',(2.1,3.637306695895));
#4313 = CARTESIAN_POINT('',(2.1,0.));
#4314 = ( GEOMETRIC_REPRESENTATION_CONTEXT(2) 
PARAMETRIC_REPRESENTATION_CONTEXT() REPRESENTATION_CONTEXT('2D SPACE',''
  ) );
#4315 = ORIENTED_EDGE('',*,*,#4316,.F.);
#4316 = EDGE_CURVE('',#4317,#4289,#4319,.T.);
#4317 = VERTEX_POINT('',#4318);
#4318 = CARTESIAN_POINT('',(-2.1,15.15,4.35));
#4319 = SURFACE_CURVE('',#4320,(#4324,#4331),.PCURVE_S1.);
#4320 = LINE('',#4321,#4322);
#4321 = CARTESIAN_POINT('',(-2.1,15.65,4.35));
#4322 = VECTOR('',#4323,1.);
#4323 = DIRECTION('',(-0.,-1.,0.));
#4324 = PCURVE('',#4236,#4325);
#4325 = DEFINITIONAL_REPRESENTATION('',(#4326),#4330);
#4326 = LINE('',#4327,#4328);
#4327 = CARTESIAN_POINT('',(0.,0.));
#4328 = VECTOR('',#4329,1.);
#4329 = DIRECTION('',(0.,1.));
#4330 = ( GEOMETRIC_REPRESENTATION_CONTEXT(2) 
PARAMETRIC_REPRESENTATION_CONTEXT() REPRESENTATION_CONTEXT('2D SPACE',''
  ) );
#4331 = PCURVE('',#4276,#4332);
#4332 = DEFINITIONAL_REPRESENTATION('',(#4333),#4337);
#4333 = LINE('',#4334,#4335);
#4334 = CARTESIAN_POINT('',(6.28318530718,0.));
#4335 = VECTOR('',#4336,1.);
#4336 = DIRECTION('',(0.,1.));
#4337 = ( GEOMETRIC_REPRESENTATION_CONTEXT(2) 
PARAMETRIC_REPRESENTATION_CONTEXT() REPRESENTATION_CONTEXT('2D SPACE',''
  ) );
#4338 = ORIENTED_EDGE('',*,*,#4339,.F.);
#4339 = EDGE_CURVE('',#4340,#4317,#4342,.T.);
#4340 = VERTEX_POINT('',#4341);
#4341 = CARTESIAN_POINT('',(-1.587197341538,15.15,2.974934692818));
#4342 = SURFACE_CURVE('',#4343,(#4348,#4355),.PCURVE_S1.);
#4343 = CIRCLE('',#4344,2.1);
#4344 = AXIS2_PLACEMENT_3D('',#4345,#4346,#4347);
#4345 = CARTESIAN_POINT('',(0.,15.15,4.35));
#4346 = DIRECTION('',(-0.,1.,0.));
#4347 = DIRECTION('',(1.,0.,1.781189283369E-15));
#4348 = PCURVE('',#4236,#4349);
#4349 = DEFINITIONAL_REPRESENTATION('',(#4350),#4354);
#4350 = LINE('',#4351,#4352);
#4351 = CARTESIAN_POINT('',(3.14159265359,0.5));
#4352 = VECTOR('',#4353,1.);
#4353 = DIRECTION('',(-1.,0.));
#4354 = ( GEOMETRIC_REPRESENTATION_CONTEXT(2) 
PARAMETRIC_REPRESENTATION_CONTEXT() REPRESENTATION_CONTEXT('2D SPACE',''
  ) );
#4355 = PCURVE('',#4356,#4361);
#4356 = TOROIDAL_SURFACE('',#4357,1.6,0.5);
#4357 = AXIS2_PLACEMENT_3D('',#4358,#4359,#4360);
#4358 = CARTESIAN_POINT('',(0.,15.15,4.35));
#4359 = DIRECTION('',(0.,1.,0.));
#4360 = DIRECTION('',(1.,0.,0.));
#4361 = DEFINITIONAL_REPRESENTATION('',(#4362),#4366);
#4362 = LINE('',#4363,#4364);
#4363 = CARTESIAN_POINT('',(-2.22044604925E-15,0.));
#4364 = VECTOR('',#4365,1.);
#4365 = DIRECTION('',(1.,0.));
#4366 = ( GEOMETRIC_REPRESENTATION_CONTEXT(2) 
PARAMETRIC_REPRESENTATION_CONTEXT() REPRESENTATION_CONTEXT('2D SPACE',''
  ) );
#4367 = ORIENTED_EDGE('',*,*,#4368,.F.);
#4368 = EDGE_CURVE('',#4369,#4340,#4371,.T.);
#4369 = VERTEX_POINT('',#4370);
#4370 = CARTESIAN_POINT('',(-1.587197341538,7.85,2.974934692818));
#4371 = SURFACE_CURVE('',#4372,(#4376,#4383),.PCURVE_S1.);
#4372 = LINE('',#4373,#4374);
#4373 = CARTESIAN_POINT('',(-1.587197341538,15.65,2.974934692818));
#4374 = VECTOR('',#4375,1.);
#4375 = DIRECTION('',(0.,1.,0.));
#4376 = PCURVE('',#4236,#4377);
#4377 = DEFINITIONAL_REPRESENTATION('',(#4378),#4382);
#4378 = LINE('',#4379,#4380);
#4379 = CARTESIAN_POINT('',(0.713908713512,0.));
#4380 = VECTOR('',#4381,1.);
#4381 = DIRECTION('',(0.,-1.));
#4382 = ( GEOMETRIC_REPRESENTATION_CONTEXT(2) 
PARAMETRIC_REPRESENTATION_CONTEXT() REPRESENTATION_CONTEXT('2D SPACE',''
  ) );
#4383 = PCURVE('',#4384,#4389);
#4384 = PLANE('',#4385);
#4385 = AXIS2_PLACEMENT_3D('',#4386,#4387,#4388);
#4386 = CARTESIAN_POINT('',(-1.695599708839,7.85,2.866532325516));
#4387 = DIRECTION('',(-0.707106781187,0.,0.707106781187));
#4388 = DIRECTION('',(-0.707106781187,0.,-0.707106781187));
#4389 = DEFINITIONAL_REPRESENTATION('',(#4390),#4394);
#4390 = LINE('',#4391,#4392);
#4391 = CARTESIAN_POINT('',(-0.153304098031,-7.8));
#4392 = VECTOR('',#4393,1.);
#4393 = DIRECTION('',(0.,-1.));
#4394 = ( GEOMETRIC_REPRESENTATION_CONTEXT(2) 
PARAMETRIC_REPRESENTATION_CONTEXT() REPRESENTATION_CONTEXT('2D SPACE',''
  ) );
#4395 = ORIENTED_EDGE('',*,*,#4396,.T.);
#4396 = EDGE_CURVE('',#4369,#4397,#4399,.T.);
#4397 = VERTEX_POINT('',#4398);
#4398 = CARTESIAN_POINT('',(-1.375065307182,7.85,2.762802658462));
#4399 = SURFACE_CURVE('',#4400,(#4405,#4412),.PCURVE_S1.);
#4400 = CIRCLE('',#4401,2.1);
#4401 = AXIS2_PLACEMENT_3D('',#4402,#4403,#4404);
#4402 = CARTESIAN_POINT('',(0.,7.85,4.35));
#4403 = DIRECTION('',(0.,-1.,0.));
#4404 = DIRECTION('',(1.,0.,0.));
#4405 = PCURVE('',#4236,#4406);
#4406 = DEFINITIONAL_REPRESENTATION('',(#4407),#4411);
#4407 = LINE('',#4408,#4409);
#4408 = CARTESIAN_POINT('',(-3.14159265359,7.8));
#4409 = VECTOR('',#4410,1.);
#4410 = DIRECTION('',(1.,0.));
#4411 = ( GEOMETRIC_REPRESENTATION_CONTEXT(2) 
PARAMETRIC_REPRESENTATION_CONTEXT() REPRESENTATION_CONTEXT('2D SPACE',''
  ) );
#4412 = PCURVE('',#4413,#4418);
#4413 = PLANE('',#4414);
#4414 = AXIS2_PLACEMENT_3D('',#4415,#4416,#4417);
#4415 = CARTESIAN_POINT('',(0.,7.85,4.35));
#4416 = DIRECTION('',(0.,1.,0.));
#4417 = DIRECTION('',(1.,0.,0.));
#4418 = DEFINITIONAL_REPRESENTATION('',(#4419),#4427);
#4419 = ( BOUNDED_CURVE() B_SPLINE_CURVE(2,(#4420,#4421,#4422,#4423,
#4424,#4425,#4426),.UNSPECIFIED.,.T.,.F.) B_SPLINE_CURVE_WITH_KNOTS((1,2
    ,2,2,2,1),(-2.094395102393,0.,2.094395102393,4.188790204786,
6.28318530718,8.377580409573),.UNSPECIFIED.) CURVE() 
GEOMETRIC_REPRESENTATION_ITEM() RATIONAL_B_SPLINE_CURVE((1.,0.5,1.,0.5,
1.,0.5,1.)) REPRESENTATION_ITEM('') );
#4420 = CARTESIAN_POINT('',(2.1,0.));
#4421 = CARTESIAN_POINT('',(2.1,-3.637306695895));
#4422 = CARTESIAN_POINT('',(-1.05,-1.818653347947));
#4423 = CARTESIAN_POINT('',(-4.2,-5.143516556419E-16));
#4424 = CARTESIAN_POINT('',(-1.05,1.818653347947));
#4425 = CARTESIAN_POINT('',(2.1,3.637306695895));
#4426 = CARTESIAN_POINT('',(2.1,0.));
#4427 = ( GEOMETRIC_REPRESENTATION_CONTEXT(2) 
PARAMETRIC_REPRESENTATION_CONTEXT() REPRESENTATION_CONTEXT('2D SPACE',''
  ) );
#4428 = ORIENTED_EDGE('',*,*,#4429,.F.);
#4429 = EDGE_CURVE('',#4430,#4397,#4432,.T.);
#4430 = VERTEX_POINT('',#4431);
#4431 = CARTESIAN_POINT('',(-1.375065307182,15.15,2.762802658462));
#4432 = SURFACE_CURVE('',#4433,(#4437,#4444),.PCURVE_S1.);
#4433 = LINE('',#4434,#4435);
#4434 = CARTESIAN_POINT('',(-1.375065307182,15.65,2.762802658462));
#4435 = VECTOR('',#4436,1.);
#4436 = DIRECTION('',(-0.,-1.,0.));
#4437 = PCURVE('',#4236,#4438);
#4438 = DEFINITIONAL_REPRESENTATION('',(#4439),#4443);
#4439 = LINE('',#4440,#4441);
#4440 = CARTESIAN_POINT('',(0.856887613283,0.));
#4441 = VECTOR('',#4442,1.);
#4442 = DIRECTION('',(0.,1.));
#4443 = ( GEOMETRIC_REPRESENTATION_CONTEXT(2) 
PARAMETRIC_REPRESENTATION_CONTEXT() REPRESENTATION_CONTEXT('2D SPACE',''
  ) );
#4444 = PCURVE('',#4445,#4450);
#4445 = PLANE('',#4446);
#4446 = AXIS2_PLACEMENT_3D('',#4447,#4448,#4449);
#4447 = CARTESIAN_POINT('',(-1.483467674484,7.85,2.654400291161));
#4448 = DIRECTION('',(0.707106781187,0.,-0.707106781187));
#4449 = DIRECTION('',(0.707106781187,0.,0.707106781187));
#4450 = DEFINITIONAL_REPRESENTATION('',(#4451),#4455);
#4451 = LINE('',#4452,#4453);
#4452 = CARTESIAN_POINT('',(0.153304098031,-7.8));
#4453 = VECTOR('',#4454,1.);
#4454 = DIRECTION('',(0.,1.));
#4455 = ( GEOMETRIC_REPRESENTATION_CONTEXT(2) 
PARAMETRIC_REPRESENTATION_CONTEXT() REPRESENTATION_CONTEXT('2D SPACE',''
  ) );
#4456 = ORIENTED_EDGE('',*,*,#4457,.F.);
#4457 = EDGE_CURVE('',#4458,#4430,#4460,.T.);
#4458 = VERTEX_POINT('',#4459);
#4459 = CARTESIAN_POINT('',(1.375065307182,15.15,2.762802658462));
#4460 = SURFACE_CURVE('',#4461,(#4466,#4473),.PCURVE_S1.);
#4461 = CIRCLE('',#4462,2.1);
#4462 = AXIS2_PLACEMENT_3D('',#4463,#4464,#4465);
#4463 = CARTESIAN_POINT('',(0.,15.15,4.35));
#4464 = DIRECTION('',(-0.,1.,0.));
#4465 = DIRECTION('',(1.,0.,0.));
#4466 = PCURVE('',#4236,#4467);
#4467 = DEFINITIONAL_REPRESENTATION('',(#4468),#4472);
#4468 = LINE('',#4469,#4470);
#4469 = CARTESIAN_POINT('',(3.14159265359,0.5));
#4470 = VECTOR('',#4471,1.);
#4471 = DIRECTION('',(-1.,0.));
#4472 = ( GEOMETRIC_REPRESENTATION_CONTEXT(2) 
PARAMETRIC_REPRESENTATION_CONTEXT() REPRESENTATION_CONTEXT('2D SPACE',''
  ) );
#4473 = PCURVE('',#4474,#4479);
#4474 = TOROIDAL_SURFACE('',#4475,1.6,0.5);
#4475 = AXIS2_PLACEMENT_3D('',#4476,#4477,#4478);
#4476 = CARTESIAN_POINT('',(0.,15.15,4.35));
#4477 = DIRECTION('',(0.,1.,0.));
#4478 = DIRECTION('',(1.,0.,0.));
#4479 = DEFINITIONAL_REPRESENTATION('',(#4480),#4484);
#4480 = LINE('',#4481,#4482);
#4481 = CARTESIAN_POINT('',(0.,0.));
#4482 = VECTOR('',#4483,1.);
#4483 = DIRECTION('',(1.,0.));
#4484 = ( GEOMETRIC_REPRESENTATION_CONTEXT(2) 
PARAMETRIC_REPRESENTATION_CONTEXT() REPRESENTATION_CONTEXT('2D SPACE',''
  ) );
#4485 = ORIENTED_EDGE('',*,*,#4486,.F.);
#4486 = EDGE_CURVE('',#4487,#4458,#4489,.T.);
#4487 = VERTEX_POINT('',#4488);
#4488 = CARTESIAN_POINT('',(1.375065307182,7.85,2.762802658462));
#4489 = SURFACE_CURVE('',#4490,(#4494,#4501),.PCURVE_S1.);
#4490 = LINE('',#4491,#4492);
#4491 = CARTESIAN_POINT('',(1.375065307182,15.65,2.762802658462));
#4492 = VECTOR('',#4493,1.);
#4493 = DIRECTION('',(0.,1.,0.));
#4494 = PCURVE('',#4236,#4495);
#4495 = DEFINITIONAL_REPRESENTATION('',(#4496),#4500);
#4496 = LINE('',#4497,#4498);
#4497 = CARTESIAN_POINT('',(2.284705040307,0.));
#4498 = VECTOR('',#4499,1.);
#4499 = DIRECTION('',(0.,-1.));
#4500 = ( GEOMETRIC_REPRESENTATION_CONTEXT(2) 
PARAMETRIC_REPRESENTATION_CONTEXT() REPRESENTATION_CONTEXT('2D SPACE',''
  ) );
#4501 = PCURVE('',#4502,#4507);
#4502 = PLANE('',#4503);
#4503 = AXIS2_PLACEMENT_3D('',#4504,#4505,#4506);
#4504 = CARTESIAN_POINT('',(1.483467674484,7.85,2.654400291161));
#4505 = DIRECTION('',(-0.707106781187,0.,-0.707106781187));
#4506 = DIRECTION('',(0.707106781187,0.,-0.707106781187));
#4507 = DEFINITIONAL_REPRESENTATION('',(#4508),#4512);
#4508 = LINE('',#4509,#4510);
#4509 = CARTESIAN_POINT('',(-0.153304098031,-7.8));
#4510 = VECTOR('',#4511,1.);
#4511 = DIRECTION('',(0.,-1.));
#4512 = ( GEOMETRIC_REPRESENTATION_CONTEXT(2) 
PARAMETRIC_REPRESENTATION_CONTEXT() REPRESENTATION_CONTEXT('2D SPACE',''
  ) );
#4513 = ORIENTED_EDGE('',*,*,#4514,.T.);
#4514 = EDGE_CURVE('',#4487,#4515,#4517,.T.);
#4515 = VERTEX_POINT('',#4516);
#4516 = CARTESIAN_POINT('',(1.587197341538,7.85,2.974934692818));
#4517 = SURFACE_CURVE('',#4518,(#4523,#4530),.PCURVE_S1.);
#4518 = CIRCLE('',#4519,2.1);
#4519 = AXIS2_PLACEMENT_3D('',#4520,#4521,#4522);
#4520 = CARTESIAN_POINT('',(0.,7.85,4.35));
#4521 = DIRECTION('',(0.,-1.,0.));
#4522 = DIRECTION('',(1.,0.,0.));
#4523 = PCURVE('',#4236,#4524);
#4524 = DEFINITIONAL_REPRESENTATION('',(#4525),#4529);
#4525 = LINE('',#4526,#4527);
#4526 = CARTESIAN_POINT('',(-3.14159265359,7.8));
#4527 = VECTOR('',#4528,1.);
#4528 = DIRECTION('',(1.,0.));
#4529 = ( GEOMETRIC_REPRESENTATION_CONTEXT(2) 
PARAMETRIC_REPRESENTATION_CONTEXT() REPRESENTATION_CONTEXT('2D SPACE',''
  ) );
#4530 = PCURVE('',#4531,#4536);
#4531 = PLANE('',#4532);
#4532 = AXIS2_PLACEMENT_3D('',#4533,#4534,#4535);
#4533 = CARTESIAN_POINT('',(0.,7.85,4.35));
#4534 = DIRECTION('',(0.,1.,0.));
#4535 = DIRECTION('',(1.,0.,0.));
#4536 = DEFINITIONAL_REPRESENTATION('',(#4537),#4545);
#4537 = ( BOUNDED_CURVE() B_SPLINE_CURVE(2,(#4538,#4539,#4540,#4541,
#4542,#4543,#4544),.UNSPECIFIED.,.T.,.F.) B_SPLINE_CURVE_WITH_KNOTS((1,2
    ,2,2,2,1),(-2.094395102393,0.,2.094395102393,4.188790204786,
6.28318530718,8.377580409573),.UNSPECIFIED.) CURVE() 
GEOMETRIC_REPRESENTATION_ITEM() RATIONAL_B_SPLINE_CURVE((1.,0.5,1.,0.5,
1.,0.5,1.)) REPRESENTATION_ITEM('') );
#4538 = CARTESIAN_POINT('',(2.1,0.));
#4539 = CARTESIAN_POINT('',(2.1,-3.637306695895));
#4540 = CARTESIAN_POINT('',(-1.05,-1.818653347947));
#4541 = CARTESIAN_POINT('',(-4.2,-5.143516556419E-16));
#4542 = CARTESIAN_POINT('',(-1.05,1.818653347947));
#4543 = CARTESIAN_POINT('',(2.1,3.637306695895));
#4544 = CARTESIAN_POINT('',(2.1,0.));
#4545 = ( GEOMETRIC_REPRESENTATION_CONTEXT(2) 
PARAMETRIC_REPRESENTATION_CONTEXT() REPRESENTATION_CONTEXT('2D SPACE',''
  ) );
#4546 = ORIENTED_EDGE('',*,*,#4547,.F.);
#4547 = EDGE_CURVE('',#4227,#4515,#4548,.T.);
#4548 = SURFACE_CURVE('',#4549,(#4553,#4560),.PCURVE_S1.);
#4549 = LINE('',#4550,#4551);
#4550 = CARTESIAN_POINT('',(1.587197341538,15.65,2.974934692818));
#4551 = VECTOR('',#4552,1.);
#4552 = DIRECTION('',(-0.,-1.,0.));
#4553 = PCURVE('',#4236,#4554);
#4554 = DEFINITIONAL_REPRESENTATION('',(#4555),#4559);
#4555 = LINE('',#4556,#4557);
#4556 = CARTESIAN_POINT('',(2.427683940078,0.));
#4557 = VECTOR('',#4558,1.);
#4558 = DIRECTION('',(0.,1.));
#4559 = ( GEOMETRIC_REPRESENTATION_CONTEXT(2) 
PARAMETRIC_REPRESENTATION_CONTEXT() REPRESENTATION_CONTEXT('2D SPACE',''
  ) );
#4560 = PCURVE('',#4561,#4566);
#4561 = PLANE('',#4562);
#4562 = AXIS2_PLACEMENT_3D('',#4563,#4564,#4565);
#4563 = CARTESIAN_POINT('',(1.69559970884,7.85,2.866532325516));
#4564 = DIRECTION('',(0.707106781187,0.,0.707106781187));
#4565 = DIRECTION('',(-0.707106781187,0.,0.707106781187));
#4566 = DEFINITIONAL_REPRESENTATION('',(#4567),#4571);
#4567 = LINE('',#4568,#4569);
#4568 = CARTESIAN_POINT('',(0.153304098031,-7.8));
#4569 = VECTOR('',#4570,1.);
#4570 = DIRECTION('',(0.,1.));
#4571 = ( GEOMETRIC_REPRESENTATION_CONTEXT(2) 
PARAMETRIC_REPRESENTATION_CONTEXT() REPRESENTATION_CONTEXT('2D SPACE',''
  ) );
#4572 = ADVANCED_FACE('',(#4573),#4586,.T.);
#4573 = FACE_BOUND('',#4574,.T.);
#4574 = EDGE_LOOP('',(#4575,#4604,#4628,#4656));
#4575 = ORIENTED_EDGE('',*,*,#4576,.T.);
#4576 = EDGE_CURVE('',#4577,#4225,#4579,.T.);
#4577 = VERTEX_POINT('',#4578);
#4578 = CARTESIAN_POINT('',(1.587197341538,15.15,5.725065307182));
#4579 = SURFACE_CURVE('',#4580,(#4585,#4597),.PCURVE_S1.);
#4580 = CIRCLE('',#4581,2.1);
#4581 = AXIS2_PLACEMENT_3D('',#4582,#4583,#4584);
#4582 = CARTESIAN_POINT('',(0.,15.15,4.35));
#4583 = DIRECTION('',(0.,1.,0.));
#4584 = DIRECTION('',(1.,0.,-2.658876756333E-15));
#4585 = PCURVE('',#4586,#4591);
#4586 = TOROIDAL_SURFACE('',#4587,1.6,0.5);
#4587 = AXIS2_PLACEMENT_3D('',#4588,#4589,#4590);
#4588 = CARTESIAN_POINT('',(0.,15.15,4.35));
#4589 = DIRECTION('',(0.,1.,0.));
#4590 = DIRECTION('',(1.,0.,0.));
#4591 = DEFINITIONAL_REPRESENTATION('',(#4592),#4596);
#4592 = LINE('',#4593,#4594);
#4593 = CARTESIAN_POINT('',(2.6645352591E-15,0.));
#4594 = VECTOR('',#4595,1.);
#4595 = DIRECTION('',(1.,0.));
#4596 = ( GEOMETRIC_REPRESENTATION_CONTEXT(2) 
PARAMETRIC_REPRESENTATION_CONTEXT() REPRESENTATION_CONTEXT('2D SPACE',''
  ) );
#4597 = PCURVE('',#4276,#4598);
#4598 = DEFINITIONAL_REPRESENTATION('',(#4599),#4603);
#4599 = LINE('',#4600,#4601);
#4600 = CARTESIAN_POINT('',(9.424777960769,0.5));
#4601 = VECTOR('',#4602,1.);
#4602 = DIRECTION('',(-1.,0.));
#4603 = ( GEOMETRIC_REPRESENTATION_CONTEXT(2) 
PARAMETRIC_REPRESENTATION_CONTEXT() REPRESENTATION_CONTEXT('2D SPACE',''
  ) );
#4604 = ORIENTED_EDGE('',*,*,#4605,.T.);
#4605 = EDGE_CURVE('',#4225,#4606,#4608,.T.);
#4606 = VERTEX_POINT('',#4607);
#4607 = CARTESIAN_POINT('',(1.6,15.65,4.35));
#4608 = SURFACE_CURVE('',#4609,(#4614,#4621),.PCURVE_S1.);
#4609 = CIRCLE('',#4610,0.5);
#4610 = AXIS2_PLACEMENT_3D('',#4611,#4612,#4613);
#4611 = CARTESIAN_POINT('',(1.6,15.15,4.35));
#4612 = DIRECTION('',(0.,-0.,1.));
#4613 = DIRECTION('',(0.,1.,0.));
#4614 = PCURVE('',#4586,#4615);
#4615 = DEFINITIONAL_REPRESENTATION('',(#4616),#4620);
#4616 = LINE('',#4617,#4618);
#4617 = CARTESIAN_POINT('',(6.28318530718,-4.712388980385));
#4618 = VECTOR('',#4619,1.);
#4619 = DIRECTION('',(0.,1.));
#4620 = ( GEOMETRIC_REPRESENTATION_CONTEXT(2) 
PARAMETRIC_REPRESENTATION_CONTEXT() REPRESENTATION_CONTEXT('2D SPACE',''
  ) );
#4621 = PCURVE('',#4248,#4622);
#4622 = DEFINITIONAL_REPRESENTATION('',(#4623),#4627);
#4623 = LINE('',#4624,#4625);
#4624 = CARTESIAN_POINT('',(0.,-4.712388980385));
#4625 = VECTOR('',#4626,1.);
#4626 = DIRECTION('',(0.,1.));
#4627 = ( GEOMETRIC_REPRESENTATION_CONTEXT(2) 
PARAMETRIC_REPRESENTATION_CONTEXT() REPRESENTATION_CONTEXT('2D SPACE',''
  ) );
#4628 = ORIENTED_EDGE('',*,*,#4629,.T.);
#4629 = EDGE_CURVE('',#4606,#4630,#4632,.T.);
#4630 = VERTEX_POINT('',#4631);
#4631 = CARTESIAN_POINT('',(1.232454049785,15.65,5.370322015429));
#4632 = SURFACE_CURVE('',#4633,(#4638,#4645),.PCURVE_S1.);
#4633 = CIRCLE('',#4634,1.6);
#4634 = AXIS2_PLACEMENT_3D('',#4635,#4636,#4637);
#4635 = CARTESIAN_POINT('',(0.,15.65,4.35));
#4636 = DIRECTION('',(0.,-1.,0.));
#4637 = DIRECTION('',(1.,0.,0.));
#4638 = PCURVE('',#4586,#4639);
#4639 = DEFINITIONAL_REPRESENTATION('',(#4640),#4644);
#4640 = LINE('',#4641,#4642);
#4641 = CARTESIAN_POINT('',(6.28318530718,1.570796326795));
#4642 = VECTOR('',#4643,1.);
#4643 = DIRECTION('',(-1.,0.));
#4644 = ( GEOMETRIC_REPRESENTATION_CONTEXT(2) 
PARAMETRIC_REPRESENTATION_CONTEXT() REPRESENTATION_CONTEXT('2D SPACE',''
  ) );
#4645 = PCURVE('',#4205,#4646);
#4646 = DEFINITIONAL_REPRESENTATION('',(#4647),#4655);
#4647 = ( BOUNDED_CURVE() B_SPLINE_CURVE(2,(#4648,#4649,#4650,#4651,
#4652,#4653,#4654),.UNSPECIFIED.,.T.,.F.) B_SPLINE_CURVE_WITH_KNOTS((1,2
    ,2,2,2,1),(-2.094395102393,0.,2.094395102393,4.188790204786,
6.28318530718,8.377580409573),.UNSPECIFIED.) CURVE() 
GEOMETRIC_REPRESENTATION_ITEM() RATIONAL_B_SPLINE_CURVE((1.,0.5,1.,0.5,
1.,0.5,1.)) REPRESENTATION_ITEM('') );
#4648 = CARTESIAN_POINT('',(1.6,0.));
#4649 = CARTESIAN_POINT('',(1.6,-2.77128129211));
#4650 = CARTESIAN_POINT('',(-0.8,-1.385640646055));
#4651 = CARTESIAN_POINT('',(-3.2,-3.918869757272E-16));
#4652 = CARTESIAN_POINT('',(-0.8,1.385640646055));
#4653 = CARTESIAN_POINT('',(1.6,2.77128129211));
#4654 = CARTESIAN_POINT('',(1.6,0.));
#4655 = ( GEOMETRIC_REPRESENTATION_CONTEXT(2) 
PARAMETRIC_REPRESENTATION_CONTEXT() REPRESENTATION_CONTEXT('2D SPACE',''
  ) );
#4656 = ORIENTED_EDGE('',*,*,#4657,.T.);
#4657 = EDGE_CURVE('',#4630,#4577,#4658,.T.);
#4658 = SURFACE_CURVE('',#4659,(#4666,#4695),.PCURVE_S1.);
#4659 = B_SPLINE_CURVE_WITH_KNOTS('',3,(#4660,#4661,#4662,#4663,#4664,
    #4665),.UNSPECIFIED.,.F.,.F.,(4,2,4),(7.843649201753E-04,
    1.175634019461E-03,1.566903118747E-03),.UNSPECIFIED.);
#4660 = CARTESIAN_POINT('',(1.232454049785,15.65,5.370322015429));
#4661 = CARTESIAN_POINT('',(1.324820695115,15.65,5.462688660759));
#4662 = CARTESIAN_POINT('',(1.416733394675,15.597238303722,
    5.554601360319));
#4663 = CARTESIAN_POINT('',(1.549288764264,15.410847733105,
    5.687156729908));
#4664 = CARTESIAN_POINT('',(1.587197341538,15.282298934456,
    5.725065307182));
#4665 = CARTESIAN_POINT('',(1.587197341538,15.15,5.725065307182));
#4666 = PCURVE('',#4586,#4667);
#4667 = DEFINITIONAL_REPRESENTATION('',(#4668),#4694);
#4668 = B_SPLINE_CURVE_WITH_KNOTS('',3,(#4669,#4670,#4671,#4672,#4673,
    #4674,#4675,#4676,#4677,#4678,#4679,#4680,#4681,#4682,#4683,#4684,
    #4685,#4686,#4687,#4688,#4689,#4690,#4691,#4692,#4693),
  .UNSPECIFIED.,.F.,.F.,(4,1,1,1,1,1,1,1,1,1,1,1,1,1,1,1,1,1,1,1,1,1,4),
  (7.843649201753E-04,8.199348382922E-04,8.555047564091E-04,
    8.91074674526E-04,9.266445926429E-04,9.622145107598E-04,
    9.977844288767E-04,1.033354346994E-03,1.06892426511E-03,
    1.104494183227E-03,1.140064101344E-03,1.175634019461E-03,
    1.211203937578E-03,1.246773855695E-03,1.282343773812E-03,
    1.317913691929E-03,1.353483610046E-03,1.389053528163E-03,
    1.424623446279E-03,1.460193364396E-03,1.495763282513E-03,
    1.53133320063E-03,1.566903118747E-03),.QUASI_UNIFORM_KNOTS.);
#4669 = CARTESIAN_POINT('',(5.59167501889,1.570796326795));
#4670 = CARTESIAN_POINT('',(5.590979140757,1.547152714978));
#4671 = CARTESIAN_POINT('',(5.589619130689,1.499874240497));
#4672 = CARTESIAN_POINT('',(5.587675914371,1.428944698849));
#4673 = CARTESIAN_POINT('',(5.585831349632,1.357957137659));
#4674 = CARTESIAN_POINT('',(5.584086265177,1.286893760102));
#4675 = CARTESIAN_POINT('',(5.582441027331,1.215747711758));
#4676 = CARTESIAN_POINT('',(5.580895576469,1.144519908416));
#4677 = CARTESIAN_POINT('',(5.579449568991,1.073210734649));
#4678 = CARTESIAN_POINT('',(5.578102517329,1.001816907541));
#4679 = CARTESIAN_POINT('',(5.576853740267,0.930312788287));
#4680 = CARTESIAN_POINT('',(5.575702995416,0.858689805041));
#4681 = CARTESIAN_POINT('',(5.574648507673,0.786781055206));
#4682 = CARTESIAN_POINT('',(5.573694679581,0.714889978462));
#4683 = CARTESIAN_POINT('',(5.572841875779,0.643315459454));
#4684 = CARTESIAN_POINT('',(5.572085138937,0.571876200693));
#4685 = CARTESIAN_POINT('',(5.571421779396,0.500540491791));
#4686 = CARTESIAN_POINT('',(5.570849293614,0.429252059975));
#4687 = CARTESIAN_POINT('',(5.570365886468,0.357970947953));
#4688 = CARTESIAN_POINT('',(5.569970309863,0.28665646883));
#4689 = CARTESIAN_POINT('',(5.56966188952,0.215265797068));
#4690 = CARTESIAN_POINT('',(5.569440538322,0.143747659544));
#4691 = CARTESIAN_POINT('',(5.569306690945,7.204047807122E-02));
#4692 = CARTESIAN_POINT('',(5.569276646446,2.405272103372E-02));
#4693 = CARTESIAN_POINT('',(5.569276593668,0.));
#4694 = ( GEOMETRIC_REPRESENTATION_CONTEXT(2) 
PARAMETRIC_REPRESENTATION_CONTEXT() REPRESENTATION_CONTEXT('2D SPACE',''
  ) );
#4695 = PCURVE('',#3886,#4696);
#4696 = DEFINITIONAL_REPRESENTATION('',(#4697),#4704);
#4697 = B_SPLINE_CURVE_WITH_KNOTS('',3,(#4698,#4699,#4700,#4701,#4702,
    #4703),.UNSPECIFIED.,.F.,.F.,(4,2,4),(7.843649201753E-04,
    1.175634019461E-03,1.566903118747E-03),.UNSPECIFIED.);
#4698 = CARTESIAN_POINT('',(-0.654986872389,-7.8));
#4699 = CARTESIAN_POINT('',(-0.524360709852,-7.8));
#4700 = CARTESIAN_POINT('',(-0.394376523581,-7.747238303722));
#4701 = CARTESIAN_POINT('',(-0.206914922142,-7.560847733105));
#4702 = CARTESIAN_POINT('',(-0.153304098031,-7.432298934456));
#4703 = CARTESIAN_POINT('',(-0.153304098031,-7.3));
#4704 = ( GEOMETRIC_REPRESENTATION_CONTEXT(2) 
PARAMETRIC_REPRESENTATION_CONTEXT() REPRESENTATION_CONTEXT('2D SPACE',''
  ) );
#4705 = ADVANCED_FACE('',(#4706),#4720,.T.);
#4706 = FACE_BOUND('',#4707,.T.);
#4707 = EDGE_LOOP('',(#4708,#4738,#4766,#4789));
#4708 = ORIENTED_EDGE('',*,*,#4709,.T.);
#4709 = EDGE_CURVE('',#4710,#4712,#4714,.T.);
#4710 = VERTEX_POINT('',#4711);
#4711 = CARTESIAN_POINT('',(-1.020322015429,15.65,3.117545950215));
#4712 = VERTEX_POINT('',#4713);
#4713 = CARTESIAN_POINT('',(-0.413549225093,15.65,3.724318740551));
#4714 = SURFACE_CURVE('',#4715,(#4719,#4731),.PCURVE_S1.);
#4715 = LINE('',#4716,#4717);
#4716 = CARTESIAN_POINT('',(-1.483467674484,15.65,2.654400291161));
#4717 = VECTOR('',#4718,1.);
#4718 = DIRECTION('',(0.707106781187,0.,0.707106781187));
#4719 = PCURVE('',#4720,#4725);
#4720 = PLANE('',#4721);
#4721 = AXIS2_PLACEMENT_3D('',#4722,#4723,#4724);
#4722 = CARTESIAN_POINT('',(0.,15.65,4.35));
#4723 = DIRECTION('',(0.,1.,0.));
#4724 = DIRECTION('',(1.,0.,0.));
#4725 = DEFINITIONAL_REPRESENTATION('',(#4726),#4730);
#4726 = LINE('',#4727,#4728);
#4727 = CARTESIAN_POINT('',(-1.483467674484,1.695599708839));
#4728 = VECTOR('',#4729,1.);
#4729 = DIRECTION('',(0.707106781187,-0.707106781187));
#4730 = ( GEOMETRIC_REPRESENTATION_CONTEXT(2) 
PARAMETRIC_REPRESENTATION_CONTEXT() REPRESENTATION_CONTEXT('2D SPACE',''
  ) );
#4731 = PCURVE('',#4445,#4732);
#4732 = DEFINITIONAL_REPRESENTATION('',(#4733),#4737);
#4733 = LINE('',#4734,#4735);
#4734 = CARTESIAN_POINT('',(0.,-7.8));
#4735 = VECTOR('',#4736,1.);
#4736 = DIRECTION('',(1.,0.));
#4737 = ( GEOMETRIC_REPRESENTATION_CONTEXT(2) 
PARAMETRIC_REPRESENTATION_CONTEXT() REPRESENTATION_CONTEXT('2D SPACE',''
  ) );
#4738 = ORIENTED_EDGE('',*,*,#4739,.T.);
#4739 = EDGE_CURVE('',#4712,#4740,#4742,.T.);
#4740 = VERTEX_POINT('',#4741);
#4741 = CARTESIAN_POINT('',(0.413549225093,15.65,3.724318740551));
#4742 = SURFACE_CURVE('',#4743,(#4748,#4759),.PCURVE_S1.);
#4743 = CIRCLE('',#4744,0.75);
#4744 = AXIS2_PLACEMENT_3D('',#4745,#4746,#4747);
#4745 = CARTESIAN_POINT('',(0.,15.65,4.35));
#4746 = DIRECTION('',(0.,-1.,0.));
#4747 = DIRECTION('',(1.,0.,0.));
#4748 = PCURVE('',#4720,#4749);
#4749 = DEFINITIONAL_REPRESENTATION('',(#4750),#4758);
#4750 = ( BOUNDED_CURVE() B_SPLINE_CURVE(2,(#4751,#4752,#4753,#4754,
#4755,#4756,#4757),.UNSPECIFIED.,.T.,.F.) B_SPLINE_CURVE_WITH_KNOTS((1,2
    ,2,2,2,1),(-2.094395102393,0.,2.094395102393,4.188790204786,
6.28318530718,8.377580409573),.UNSPECIFIED.) CURVE() 
GEOMETRIC_REPRESENTATION_ITEM() RATIONAL_B_SPLINE_CURVE((1.,0.5,1.,0.5,
1.,0.5,1.)) REPRESENTATION_ITEM('') );
#4751 = CARTESIAN_POINT('',(0.75,0.));
#4752 = CARTESIAN_POINT('',(0.75,-1.299038105677));
#4753 = CARTESIAN_POINT('',(-0.375,-0.649519052838));
#4754 = CARTESIAN_POINT('',(-1.5,-1.836970198721E-16));
#4755 = CARTESIAN_POINT('',(-0.375,0.649519052838));
#4756 = CARTESIAN_POINT('',(0.75,1.299038105677));
#4757 = CARTESIAN_POINT('',(0.75,0.));
#4758 = ( GEOMETRIC_REPRESENTATION_CONTEXT(2) 
PARAMETRIC_REPRESENTATION_CONTEXT() REPRESENTATION_CONTEXT('2D SPACE',''
  ) );
#4759 = PCURVE('',#4122,#4760);
#4760 = DEFINITIONAL_REPRESENTATION('',(#4761),#4765);
#4761 = LINE('',#4762,#4763);
#4762 = CARTESIAN_POINT('',(-3.14159265359,0.));
#4763 = VECTOR('',#4764,1.);
#4764 = DIRECTION('',(1.,0.));
#4765 = ( GEOMETRIC_REPRESENTATION_CONTEXT(2) 
PARAMETRIC_REPRESENTATION_CONTEXT() REPRESENTATION_CONTEXT('2D SPACE',''
  ) );
#4766 = ORIENTED_EDGE('',*,*,#4767,.T.);
#4767 = EDGE_CURVE('',#4740,#4768,#4770,.T.);
#4768 = VERTEX_POINT('',#4769);
#4769 = CARTESIAN_POINT('',(1.020322015429,15.65,3.117545950215));
#4770 = SURFACE_CURVE('',#4771,(#4775,#4782),.PCURVE_S1.);
#4771 = LINE('',#4772,#4773);
#4772 = CARTESIAN_POINT('',(1.483467674484,15.65,2.654400291161));
#4773 = VECTOR('',#4774,1.);
#4774 = DIRECTION('',(0.707106781187,0.,-0.707106781187));
#4775 = PCURVE('',#4720,#4776);
#4776 = DEFINITIONAL_REPRESENTATION('',(#4777),#4781);
#4777 = LINE('',#4778,#4779);
#4778 = CARTESIAN_POINT('',(1.483467674484,1.695599708839));
#4779 = VECTOR('',#4780,1.);
#4780 = DIRECTION('',(0.707106781187,0.707106781187));
#4781 = ( GEOMETRIC_REPRESENTATION_CONTEXT(2) 
PARAMETRIC_REPRESENTATION_CONTEXT() REPRESENTATION_CONTEXT('2D SPACE',''
  ) );
#4782 = PCURVE('',#4502,#4783);
#4783 = DEFINITIONAL_REPRESENTATION('',(#4784),#4788);
#4784 = LINE('',#4785,#4786);
#4785 = CARTESIAN_POINT('',(0.,-7.8));
#4786 = VECTOR('',#4787,1.);
#4787 = DIRECTION('',(1.,0.));
#4788 = ( GEOMETRIC_REPRESENTATION_CONTEXT(2) 
PARAMETRIC_REPRESENTATION_CONTEXT() REPRESENTATION_CONTEXT('2D SPACE',''
  ) );
#4789 = ORIENTED_EDGE('',*,*,#4790,.F.);
#4790 = EDGE_CURVE('',#4710,#4768,#4791,.T.);
#4791 = SURFACE_CURVE('',#4792,(#4797,#4808),.PCURVE_S1.);
#4792 = CIRCLE('',#4793,1.6);
#4793 = AXIS2_PLACEMENT_3D('',#4794,#4795,#4796);
#4794 = CARTESIAN_POINT('',(0.,15.65,4.35));
#4795 = DIRECTION('',(0.,-1.,0.));
#4796 = DIRECTION('',(1.,0.,0.));
#4797 = PCURVE('',#4720,#4798);
#4798 = DEFINITIONAL_REPRESENTATION('',(#4799),#4807);
#4799 = ( BOUNDED_CURVE() B_SPLINE_CURVE(2,(#4800,#4801,#4802,#4803,
#4804,#4805,#4806),.UNSPECIFIED.,.T.,.F.) B_SPLINE_CURVE_WITH_KNOTS((1,2
    ,2,2,2,1),(-2.094395102393,0.,2.094395102393,4.188790204786,
6.28318530718,8.377580409573),.UNSPECIFIED.) CURVE() 
GEOMETRIC_REPRESENTATION_ITEM() RATIONAL_B_SPLINE_CURVE((1.,0.5,1.,0.5,
1.,0.5,1.)) REPRESENTATION_ITEM('') );
#4800 = CARTESIAN_POINT('',(1.6,0.));
#4801 = CARTESIAN_POINT('',(1.6,-2.77128129211));
#4802 = CARTESIAN_POINT('',(-0.8,-1.385640646055));
#4803 = CARTESIAN_POINT('',(-3.2,-3.918869757272E-16));
#4804 = CARTESIAN_POINT('',(-0.8,1.385640646055));
#4805 = CARTESIAN_POINT('',(1.6,2.77128129211));
#4806 = CARTESIAN_POINT('',(1.6,0.));
#4807 = ( GEOMETRIC_REPRESENTATION_CONTEXT(2) 
PARAMETRIC_REPRESENTATION_CONTEXT() REPRESENTATION_CONTEXT('2D SPACE',''
  ) );
#4808 = PCURVE('',#4474,#4809);
#4809 = DEFINITIONAL_REPRESENTATION('',(#4810),#4814);
#4810 = LINE('',#4811,#4812);
#4811 = CARTESIAN_POINT('',(6.28318530718,1.570796326795));
#4812 = VECTOR('',#4813,1.);
#4813 = DIRECTION('',(-1.,-3.211009419312E-16));
#4814 = ( GEOMETRIC_REPRESENTATION_CONTEXT(2) 
PARAMETRIC_REPRESENTATION_CONTEXT() REPRESENTATION_CONTEXT('2D SPACE',''
  ) );
#4815 = ADVANCED_FACE('',(#4816),#4205,.T.);
#4816 = FACE_BOUND('',#4817,.T.);
#4817 = EDGE_LOOP('',(#4818,#4843,#4869,#4870,#4891,#4892));
#4818 = ORIENTED_EDGE('',*,*,#4819,.T.);
#4819 = EDGE_CURVE('',#4820,#4822,#4824,.T.);
#4820 = VERTEX_POINT('',#4821);
#4821 = CARTESIAN_POINT('',(1.232454049785,15.65,3.329677984571));
#4822 = VERTEX_POINT('',#4823);
#4823 = CARTESIAN_POINT('',(0.625681259449,15.65,3.936450774907));
#4824 = SURFACE_CURVE('',#4825,(#4829,#4836),.PCURVE_S1.);
#4825 = LINE('',#4826,#4827);
#4826 = CARTESIAN_POINT('',(1.69559970884,15.65,2.866532325516));
#4827 = VECTOR('',#4828,1.);
#4828 = DIRECTION('',(-0.707106781187,0.,0.707106781187));
#4829 = PCURVE('',#4205,#4830);
#4830 = DEFINITIONAL_REPRESENTATION('',(#4831),#4835);
#4831 = LINE('',#4832,#4833);
#4832 = CARTESIAN_POINT('',(1.69559970884,1.483467674484));
#4833 = VECTOR('',#4834,1.);
#4834 = DIRECTION('',(-0.707106781187,-0.707106781187));
#4835 = ( GEOMETRIC_REPRESENTATION_CONTEXT(2) 
PARAMETRIC_REPRESENTATION_CONTEXT() REPRESENTATION_CONTEXT('2D SPACE',''
  ) );
#4836 = PCURVE('',#4561,#4837);
#4837 = DEFINITIONAL_REPRESENTATION('',(#4838),#4842);
#4838 = LINE('',#4839,#4840);
#4839 = CARTESIAN_POINT('',(0.,-7.8));
#4840 = VECTOR('',#4841,1.);
#4841 = DIRECTION('',(1.,0.));
#4842 = ( GEOMETRIC_REPRESENTATION_CONTEXT(2) 
PARAMETRIC_REPRESENTATION_CONTEXT() REPRESENTATION_CONTEXT('2D SPACE',''
  ) );
#4843 = ORIENTED_EDGE('',*,*,#4844,.T.);
#4844 = EDGE_CURVE('',#4822,#4168,#4845,.T.);
#4845 = SURFACE_CURVE('',#4846,(#4851,#4862),.PCURVE_S1.);
#4846 = CIRCLE('',#4847,0.75);
#4847 = AXIS2_PLACEMENT_3D('',#4848,#4849,#4850);
#4848 = CARTESIAN_POINT('',(0.,15.65,4.35));
#4849 = DIRECTION('',(0.,-1.,0.));
#4850 = DIRECTION('',(1.,0.,0.));
#4851 = PCURVE('',#4205,#4852);
#4852 = DEFINITIONAL_REPRESENTATION('',(#4853),#4861);
#4853 = ( BOUNDED_CURVE() B_SPLINE_CURVE(2,(#4854,#4855,#4856,#4857,
#4858,#4859,#4860),.UNSPECIFIED.,.T.,.F.) B_SPLINE_CURVE_WITH_KNOTS((1,2
    ,2,2,2,1),(-2.094395102393,0.,2.094395102393,4.188790204786,
6.28318530718,8.377580409573),.UNSPECIFIED.) CURVE() 
GEOMETRIC_REPRESENTATION_ITEM() RATIONAL_B_SPLINE_CURVE((1.,0.5,1.,0.5,
1.,0.5,1.)) REPRESENTATION_ITEM('') );
#4854 = CARTESIAN_POINT('',(0.75,0.));
#4855 = CARTESIAN_POINT('',(0.75,-1.299038105677));
#4856 = CARTESIAN_POINT('',(-0.375,-0.649519052838));
#4857 = CARTESIAN_POINT('',(-1.5,-1.836970198721E-16));
#4858 = CARTESIAN_POINT('',(-0.375,0.649519052838));
#4859 = CARTESIAN_POINT('',(0.75,1.299038105677));
#4860 = CARTESIAN_POINT('',(0.75,0.));
#4861 = ( GEOMETRIC_REPRESENTATION_CONTEXT(2) 
PARAMETRIC_REPRESENTATION_CONTEXT() REPRESENTATION_CONTEXT('2D SPACE',''
  ) );
#4862 = PCURVE('',#4122,#4863);
#4863 = DEFINITIONAL_REPRESENTATION('',(#4864),#4868);
#4864 = LINE('',#4865,#4866);
#4865 = CARTESIAN_POINT('',(-3.14159265359,0.));
#4866 = VECTOR('',#4867,1.);
#4867 = DIRECTION('',(1.,0.));
#4868 = ( GEOMETRIC_REPRESENTATION_CONTEXT(2) 
PARAMETRIC_REPRESENTATION_CONTEXT() REPRESENTATION_CONTEXT('2D SPACE',''
  ) );
#4869 = ORIENTED_EDGE('',*,*,#4190,.T.);
#4870 = ORIENTED_EDGE('',*,*,#4871,.T.);
#4871 = EDGE_CURVE('',#3866,#4630,#4872,.T.);
#4872 = SURFACE_CURVE('',#4873,(#4877,#4884),.PCURVE_S1.);
#4873 = LINE('',#4874,#4875);
#4874 = CARTESIAN_POINT('',(1.69559970884,15.65,5.833467674484));
#4875 = VECTOR('',#4876,1.);
#4876 = DIRECTION('',(0.707106781187,0.,0.707106781187));
#4877 = PCURVE('',#4205,#4878);
#4878 = DEFINITIONAL_REPRESENTATION('',(#4879),#4883);
#4879 = LINE('',#4880,#4881);
#4880 = CARTESIAN_POINT('',(1.69559970884,-1.483467674484));
#4881 = VECTOR('',#4882,1.);
#4882 = DIRECTION('',(0.707106781187,-0.707106781187));
#4883 = ( GEOMETRIC_REPRESENTATION_CONTEXT(2) 
PARAMETRIC_REPRESENTATION_CONTEXT() REPRESENTATION_CONTEXT('2D SPACE',''
  ) );
#4884 = PCURVE('',#3886,#4885);
#4885 = DEFINITIONAL_REPRESENTATION('',(#4886),#4890);
#4886 = LINE('',#4887,#4888);
#4887 = CARTESIAN_POINT('',(0.,-7.8));
#4888 = VECTOR('',#4889,1.);
#4889 = DIRECTION('',(1.,0.));
#4890 = ( GEOMETRIC_REPRESENTATION_CONTEXT(2) 
PARAMETRIC_REPRESENTATION_CONTEXT() REPRESENTATION_CONTEXT('2D SPACE',''
  ) );
#4891 = ORIENTED_EDGE('',*,*,#4629,.F.);
#4892 = ORIENTED_EDGE('',*,*,#4893,.F.);
#4893 = EDGE_CURVE('',#4820,#4606,#4894,.T.);
#4894 = SURFACE_CURVE('',#4895,(#4900,#4911),.PCURVE_S1.);
#4895 = CIRCLE('',#4896,1.6);
#4896 = AXIS2_PLACEMENT_3D('',#4897,#4898,#4899);
#4897 = CARTESIAN_POINT('',(0.,15.65,4.35));
#4898 = DIRECTION('',(0.,-1.,0.));
#4899 = DIRECTION('',(1.,0.,0.));
#4900 = PCURVE('',#4205,#4901);
#4901 = DEFINITIONAL_REPRESENTATION('',(#4902),#4910);
#4902 = ( BOUNDED_CURVE() B_SPLINE_CURVE(2,(#4903,#4904,#4905,#4906,
#4907,#4908,#4909),.UNSPECIFIED.,.T.,.F.) B_SPLINE_CURVE_WITH_KNOTS((1,2
    ,2,2,2,1),(-2.094395102393,0.,2.094395102393,4.188790204786,
6.28318530718,8.377580409573),.UNSPECIFIED.) CURVE() 
GEOMETRIC_REPRESENTATION_ITEM() RATIONAL_B_SPLINE_CURVE((1.,0.5,1.,0.5,
1.,0.5,1.)) REPRESENTATION_ITEM('') );
#4903 = CARTESIAN_POINT('',(1.6,0.));
#4904 = CARTESIAN_POINT('',(1.6,-2.77128129211));
#4905 = CARTESIAN_POINT('',(-0.8,-1.385640646055));
#4906 = CARTESIAN_POINT('',(-3.2,-3.918869757272E-16));
#4907 = CARTESIAN_POINT('',(-0.8,1.385640646055));
#4908 = CARTESIAN_POINT('',(1.6,2.77128129211));
#4909 = CARTESIAN_POINT('',(1.6,0.));
#4910 = ( GEOMETRIC_REPRESENTATION_CONTEXT(2) 
PARAMETRIC_REPRESENTATION_CONTEXT() REPRESENTATION_CONTEXT('2D SPACE',''
  ) );
#4911 = PCURVE('',#4248,#4912);
#4912 = DEFINITIONAL_REPRESENTATION('',(#4913),#4917);
#4913 = LINE('',#4914,#4915);
#4914 = CARTESIAN_POINT('',(6.28318530718,1.570796326795));
#4915 = VECTOR('',#4916,1.);
#4916 = DIRECTION('',(-1.,-3.211009419312E-16));
#4917 = ( GEOMETRIC_REPRESENTATION_CONTEXT(2) 
PARAMETRIC_REPRESENTATION_CONTEXT() REPRESENTATION_CONTEXT('2D SPACE',''
  ) );
#4918 = ADVANCED_FACE('',(#4919),#3972,.T.);
#4919 = FACE_BOUND('',#4920,.T.);
#4920 = EDGE_LOOP('',(#4921,#4944,#4945,#4968));
#4921 = ORIENTED_EDGE('',*,*,#4922,.T.);
#4922 = EDGE_CURVE('',#4923,#3928,#4925,.T.);
#4923 = VERTEX_POINT('',#4924);
#4924 = CARTESIAN_POINT('',(1.020322015429,15.65,5.582454049785));
#4925 = SURFACE_CURVE('',#4926,(#4930,#4937),.PCURVE_S1.);
#4926 = LINE('',#4927,#4928);
#4927 = CARTESIAN_POINT('',(1.483467674484,15.65,6.04559970884));
#4928 = VECTOR('',#4929,1.);
#4929 = DIRECTION('',(-0.707106781187,0.,-0.707106781187));
#4930 = PCURVE('',#3972,#4931);
#4931 = DEFINITIONAL_REPRESENTATION('',(#4932),#4936);
#4932 = LINE('',#4933,#4934);
#4933 = CARTESIAN_POINT('',(1.483467674484,-1.69559970884));
#4934 = VECTOR('',#4935,1.);
#4935 = DIRECTION('',(-0.707106781187,0.707106781187));
#4936 = ( GEOMETRIC_REPRESENTATION_CONTEXT(2) 
PARAMETRIC_REPRESENTATION_CONTEXT() REPRESENTATION_CONTEXT('2D SPACE',''
  ) );
#4937 = PCURVE('',#3943,#4938);
#4938 = DEFINITIONAL_REPRESENTATION('',(#4939),#4943);
#4939 = LINE('',#4940,#4941);
#4940 = CARTESIAN_POINT('',(0.,-7.8));
#4941 = VECTOR('',#4942,1.);
#4942 = DIRECTION('',(1.,-0.));
#4943 = ( GEOMETRIC_REPRESENTATION_CONTEXT(2) 
PARAMETRIC_REPRESENTATION_CONTEXT() REPRESENTATION_CONTEXT('2D SPACE',''
  ) );
#4944 = ORIENTED_EDGE('',*,*,#3955,.T.);
#4945 = ORIENTED_EDGE('',*,*,#4946,.T.);
#4946 = EDGE_CURVE('',#3956,#4947,#4949,.T.);
#4947 = VERTEX_POINT('',#4948);
#4948 = CARTESIAN_POINT('',(-1.020322015429,15.65,5.582454049785));
#4949 = SURFACE_CURVE('',#4950,(#4954,#4961),.PCURVE_S1.);
#4950 = LINE('',#4951,#4952);
#4951 = CARTESIAN_POINT('',(-1.483467674484,15.65,6.045599708839));
#4952 = VECTOR('',#4953,1.);
#4953 = DIRECTION('',(-0.707106781187,0.,0.707106781187));
#4954 = PCURVE('',#3972,#4955);
#4955 = DEFINITIONAL_REPRESENTATION('',(#4956),#4960);
#4956 = LINE('',#4957,#4958);
#4957 = CARTESIAN_POINT('',(-1.483467674484,-1.695599708839));
#4958 = VECTOR('',#4959,1.);
#4959 = DIRECTION('',(-0.707106781187,-0.707106781187));
#4960 = ( GEOMETRIC_REPRESENTATION_CONTEXT(2) 
PARAMETRIC_REPRESENTATION_CONTEXT() REPRESENTATION_CONTEXT('2D SPACE',''
  ) );
#4961 = PCURVE('',#4004,#4962);
#4962 = DEFINITIONAL_REPRESENTATION('',(#4963),#4967);
#4963 = LINE('',#4964,#4965);
#4964 = CARTESIAN_POINT('',(0.,-7.8));
#4965 = VECTOR('',#4966,1.);
#4966 = DIRECTION('',(1.,0.));
#4967 = ( GEOMETRIC_REPRESENTATION_CONTEXT(2) 
PARAMETRIC_REPRESENTATION_CONTEXT() REPRESENTATION_CONTEXT('2D SPACE',''
  ) );
#4968 = ORIENTED_EDGE('',*,*,#4969,.F.);
#4969 = EDGE_CURVE('',#4923,#4947,#4970,.T.);
#4970 = SURFACE_CURVE('',#4971,(#4976,#4987),.PCURVE_S1.);
#4971 = CIRCLE('',#4972,1.6);
#4972 = AXIS2_PLACEMENT_3D('',#4973,#4974,#4975);
#4973 = CARTESIAN_POINT('',(0.,15.65,4.35));
#4974 = DIRECTION('',(0.,-1.,0.));
#4975 = DIRECTION('',(1.,0.,0.));
#4976 = PCURVE('',#3972,#4977);
#4977 = DEFINITIONAL_REPRESENTATION('',(#4978),#4986);
#4978 = ( BOUNDED_CURVE() B_SPLINE_CURVE(2,(#4979,#4980,#4981,#4982,
#4983,#4984,#4985),.UNSPECIFIED.,.T.,.F.) B_SPLINE_CURVE_WITH_KNOTS((1,2
    ,2,2,2,1),(-2.094395102393,0.,2.094395102393,4.188790204786,
6.28318530718,8.377580409573),.UNSPECIFIED.) CURVE() 
GEOMETRIC_REPRESENTATION_ITEM() RATIONAL_B_SPLINE_CURVE((1.,0.5,1.,0.5,
1.,0.5,1.)) REPRESENTATION_ITEM('') );
#4979 = CARTESIAN_POINT('',(1.6,0.));
#4980 = CARTESIAN_POINT('',(1.6,-2.77128129211));
#4981 = CARTESIAN_POINT('',(-0.8,-1.385640646055));
#4982 = CARTESIAN_POINT('',(-3.2,-3.918869757272E-16));
#4983 = CARTESIAN_POINT('',(-0.8,1.385640646055));
#4984 = CARTESIAN_POINT('',(1.6,2.77128129211));
#4985 = CARTESIAN_POINT('',(1.6,0.));
#4986 = ( GEOMETRIC_REPRESENTATION_CONTEXT(2) 
PARAMETRIC_REPRESENTATION_CONTEXT() REPRESENTATION_CONTEXT('2D SPACE',''
  ) );
#4987 = PCURVE('',#4988,#4993);
#4988 = TOROIDAL_SURFACE('',#4989,1.6,0.5);
#4989 = AXIS2_PLACEMENT_3D('',#4990,#4991,#4992);
#4990 = CARTESIAN_POINT('',(0.,15.15,4.35));
#4991 = DIRECTION('',(0.,1.,0.));
#4992 = DIRECTION('',(1.,0.,0.));
#4993 = DEFINITIONAL_REPRESENTATION('',(#4994),#4998);
#4994 = LINE('',#4995,#4996);
#4995 = CARTESIAN_POINT('',(6.28318530718,1.570796326795));
#4996 = VECTOR('',#4997,1.);
#4997 = DIRECTION('',(-1.,1.605504709656E-16));
#4998 = ( GEOMETRIC_REPRESENTATION_CONTEXT(2) 
PARAMETRIC_REPRESENTATION_CONTEXT() REPRESENTATION_CONTEXT('2D SPACE',''
  ) );
#4999 = ADVANCED_FACE('',(#5000),#4474,.T.);
#5000 = FACE_BOUND('',#5001,.T.);
#5001 = EDGE_LOOP('',(#5002,#5051,#5052,#5101));
#5002 = ORIENTED_EDGE('',*,*,#5003,.T.);
#5003 = EDGE_CURVE('',#4430,#4710,#5004,.T.);
#5004 = SURFACE_CURVE('',#5005,(#5012,#5041),.PCURVE_S1.);
#5005 = B_SPLINE_CURVE_WITH_KNOTS('',3,(#5006,#5007,#5008,#5009,#5010,
    #5011),.UNSPECIFIED.,.F.,.F.,(4,2,4),(1.97165671932E-07,
    3.917772435257E-04,7.833573213795E-04),.UNSPECIFIED.);
#5006 = CARTESIAN_POINT('',(-1.375065307182,15.15,2.762802658462));
#5007 = CARTESIAN_POINT('',(-1.375065307182,15.282398548944,
    2.762802658462));
#5008 = CARTESIAN_POINT('',(-1.336439997033,15.411844140656,
    2.801427968611));
#5009 = CARTESIAN_POINT('',(-1.205349166971,15.596198199582,
    2.932518798673));
#5010 = CARTESIAN_POINT('',(-1.112763548482,15.65,3.025104417162));
#5011 = CARTESIAN_POINT('',(-1.020322015429,15.65,3.117545950215));
#5012 = PCURVE('',#4474,#5013);
#5013 = DEFINITIONAL_REPRESENTATION('',(#5014),#5040);
#5014 = B_SPLINE_CURVE_WITH_KNOTS('',3,(#5015,#5016,#5017,#5018,#5019,
    #5020,#5021,#5022,#5023,#5024,#5025,#5026,#5027,#5028,#5029,#5030,
    #5031,#5032,#5033,#5034,#5035,#5036,#5037,#5038,#5039),
  .UNSPECIFIED.,.F.,.F.,(4,1,1,1,1,1,1,1,1,1,1,1,1,1,1,1,1,1,1,1,1,1,4),
  (1.97165671932E-07,3.579535456773E-05,7.139354346353E-05,
    1.069917323593E-04,1.425899212551E-04,1.781881101509E-04,
    2.137862990467E-04,2.493844879425E-04,2.849826768383E-04,
    3.205808657341E-04,3.561790546299E-04,3.917772435257E-04,
    4.273754324215E-04,4.629736213173E-04,4.985718102131E-04,
    5.341699991089E-04,5.697681880047E-04,6.053663769005E-04,
    6.409645657963E-04,6.765627546921E-04,7.121609435879E-04,
    7.477591324837E-04,7.833573213795E-04),.QUASI_UNIFORM_KNOTS.);
#5015 = CARTESIAN_POINT('',(2.284705040307,0.));
#5016 = CARTESIAN_POINT('',(2.284704986581,2.40700697323E-02));
#5017 = CARTESIAN_POINT('',(2.28467437425,7.212180658261E-02));
#5018 = CARTESIAN_POINT('',(2.284538422769,0.143994026997));
#5019 = CARTESIAN_POINT('',(2.284314162378,0.215730791766));
#5020 = CARTESIAN_POINT('',(2.284002468702,0.287366658287));
#5021 = CARTESIAN_POINT('',(2.283603706569,0.358920035786));
#5022 = CARTESIAN_POINT('',(2.283117671572,0.430395702577));
#5023 = CARTESIAN_POINT('',(2.2825436266,0.501792386071));
#5024 = CARTESIAN_POINT('',(2.281880299819,0.573108893461));
#5025 = CARTESIAN_POINT('',(2.281125891242,0.644352047604));
#5026 = CARTESIAN_POINT('',(2.280278035566,0.71553881236));
#5027 = CARTESIAN_POINT('',(2.279333884613,0.786718744944));
#5028 = CARTESIAN_POINT('',(2.278289708367,0.85791893095));
#5029 = CARTESIAN_POINT('',(2.277145219702,0.929161262929));
#5030 = CARTESIAN_POINT('',(2.275900272047,1.000480204021));
#5031 = CARTESIAN_POINT('',(2.274554571652,1.071868731821));
#5032 = CARTESIAN_POINT('',(2.273107864976,1.14330202086));
#5033 = CARTESIAN_POINT('',(2.271560009612,1.214741065038));
#5034 = CARTESIAN_POINT('',(2.269911093985,1.286142344552));
#5035 = CARTESIAN_POINT('',(2.268161551148,1.357465786367));
#5036 = CARTESIAN_POINT('',(2.266312334886,1.428684421993));
#5037 = CARTESIAN_POINT('',(2.264364954292,1.499788245743));
#5038 = CARTESIAN_POINT('',(2.263003069679,1.547134310449));
#5039 = CARTESIAN_POINT('',(2.262306615085,1.570796326795));
#5040 = ( GEOMETRIC_REPRESENTATION_CONTEXT(2) 
PARAMETRIC_REPRESENTATION_CONTEXT() REPRESENTATION_CONTEXT('2D SPACE',''
  ) );
#5041 = PCURVE('',#4445,#5042);
#5042 = DEFINITIONAL_REPRESENTATION('',(#5043),#5050);
#5043 = B_SPLINE_CURVE_WITH_KNOTS('',3,(#5044,#5045,#5046,#5047,#5048,
    #5049),.UNSPECIFIED.,.F.,.F.,(4,2,4),(1.97165671932E-07,
    3.917772435257E-04,7.833573213795E-04),.UNSPECIFIED.);
#5044 = CARTESIAN_POINT('',(0.153304098031,-7.3));
#5045 = CARTESIAN_POINT('',(0.153304098031,-7.432398548944));
#5046 = CARTESIAN_POINT('',(0.207928535495,-7.561844140656));
#5047 = CARTESIAN_POINT('',(0.393318965271,-7.746198199582));
#5048 = CARTESIAN_POINT('',(0.524254802619,-7.8));
#5049 = CARTESIAN_POINT('',(0.654986872389,-7.8));
#5050 = ( GEOMETRIC_REPRESENTATION_CONTEXT(2) 
PARAMETRIC_REPRESENTATION_CONTEXT() REPRESENTATION_CONTEXT('2D SPACE',''
  ) );
#5051 = ORIENTED_EDGE('',*,*,#4790,.T.);
#5052 = ORIENTED_EDGE('',*,*,#5053,.T.);
#5053 = EDGE_CURVE('',#4768,#4458,#5054,.T.);
#5054 = SURFACE_CURVE('',#5055,(#5062,#5091),.PCURVE_S1.);
#5055 = B_SPLINE_CURVE_WITH_KNOTS('',3,(#5056,#5057,#5058,#5059,#5060,
    #5061),.UNSPECIFIED.,.F.,.F.,(4,2,4),(7.843649201753E-04,
    1.175634019461E-03,1.566903118747E-03),.UNSPECIFIED.);
#5056 = CARTESIAN_POINT('',(1.020322015429,15.65,3.117545950215));
#5057 = CARTESIAN_POINT('',(1.112688660759,15.65,3.025179304885));
#5058 = CARTESIAN_POINT('',(1.204601360319,15.597238303722,
    2.933266605325));
#5059 = CARTESIAN_POINT('',(1.337156729908,15.410847733105,
    2.800711235736));
#5060 = CARTESIAN_POINT('',(1.375065307182,15.282298934456,
    2.762802658462));
#5061 = CARTESIAN_POINT('',(1.375065307182,15.15,2.762802658462));
#5062 = PCURVE('',#4474,#5063);
#5063 = DEFINITIONAL_REPRESENTATION('',(#5064),#5090);
#5064 = B_SPLINE_CURVE_WITH_KNOTS('',3,(#5065,#5066,#5067,#5068,#5069,
    #5070,#5071,#5072,#5073,#5074,#5075,#5076,#5077,#5078,#5079,#5080,
    #5081,#5082,#5083,#5084,#5085,#5086,#5087,#5088,#5089),
  .UNSPECIFIED.,.F.,.F.,(4,1,1,1,1,1,1,1,1,1,1,1,1,1,1,1,1,1,1,1,1,1,4),
  (7.843649201753E-04,8.199348382922E-04,8.555047564091E-04,
    8.91074674526E-04,9.266445926429E-04,9.622145107598E-04,
    9.977844288767E-04,1.033354346994E-03,1.06892426511E-03,
    1.104494183227E-03,1.140064101344E-03,1.175634019461E-03,
    1.211203937578E-03,1.246773855695E-03,1.282343773812E-03,
    1.317913691929E-03,1.353483610046E-03,1.389053528163E-03,
    1.424623446279E-03,1.460193364396E-03,1.495763282513E-03,
    1.53133320063E-03,1.566903118747E-03),.QUASI_UNIFORM_KNOTS.);
#5065 = CARTESIAN_POINT('',(0.879286038505,1.570796326795));
#5066 = CARTESIAN_POINT('',(0.878590160373,1.547152714978));
#5067 = CARTESIAN_POINT('',(0.877230150304,1.499874240497));
#5068 = CARTESIAN_POINT('',(0.875286933986,1.428944698849));
#5069 = CARTESIAN_POINT('',(0.873442369247,1.357957137659));
#5070 = CARTESIAN_POINT('',(0.871697284793,1.286893760102));
#5071 = CARTESIAN_POINT('',(0.870052046946,1.215747711758));
#5072 = CARTESIAN_POINT('',(0.868506596084,1.144519908416));
#5073 = CARTESIAN_POINT('',(0.867060588607,1.073210734649));
#5074 = CARTESIAN_POINT('',(0.865713536944,1.001816907541));
#5075 = CARTESIAN_POINT('',(0.864464759882,0.930312788287));
#5076 = CARTESIAN_POINT('',(0.863314015032,0.858689805041));
#5077 = CARTESIAN_POINT('',(0.862259527289,0.786781055206));
#5078 = CARTESIAN_POINT('',(0.861305699197,0.714889978462));
#5079 = CARTESIAN_POINT('',(0.860452895395,0.643315459454));
#5080 = CARTESIAN_POINT('',(0.859696158552,0.571876200693));
#5081 = CARTESIAN_POINT('',(0.859032799011,0.500540491791));
#5082 = CARTESIAN_POINT('',(0.858460313229,0.429252059975));
#5083 = CARTESIAN_POINT('',(0.857976906084,0.357970947953));
#5084 = CARTESIAN_POINT('',(0.857581329478,0.28665646883));
#5085 = CARTESIAN_POINT('',(0.857272909135,0.215265797068));
#5086 = CARTESIAN_POINT('',(0.857051557937,0.143747659544));
#5087 = CARTESIAN_POINT('',(0.856917710561,7.204047807122E-02));
#5088 = CARTESIAN_POINT('',(0.856887666062,2.405272103372E-02));
#5089 = CARTESIAN_POINT('',(0.856887613283,0.));
#5090 = ( GEOMETRIC_REPRESENTATION_CONTEXT(2) 
PARAMETRIC_REPRESENTATION_CONTEXT() REPRESENTATION_CONTEXT('2D SPACE',''
  ) );
#5091 = PCURVE('',#4502,#5092);
#5092 = DEFINITIONAL_REPRESENTATION('',(#5093),#5100);
#5093 = B_SPLINE_CURVE_WITH_KNOTS('',3,(#5094,#5095,#5096,#5097,#5098,
    #5099),.UNSPECIFIED.,.F.,.F.,(4,2,4),(7.843649201753E-04,
    1.175634019461E-03,1.566903118747E-03),.UNSPECIFIED.);
#5094 = CARTESIAN_POINT('',(-0.654986872389,-7.8));
#5095 = CARTESIAN_POINT('',(-0.524360709852,-7.8));
#5096 = CARTESIAN_POINT('',(-0.394376523581,-7.747238303722));
#5097 = CARTESIAN_POINT('',(-0.206914922142,-7.560847733105));
#5098 = CARTESIAN_POINT('',(-0.153304098031,-7.432298934456));
#5099 = CARTESIAN_POINT('',(-0.153304098031,-7.3));
#5100 = ( GEOMETRIC_REPRESENTATION_CONTEXT(2) 
PARAMETRIC_REPRESENTATION_CONTEXT() REPRESENTATION_CONTEXT('2D SPACE',''
  ) );
#5101 = ORIENTED_EDGE('',*,*,#4457,.T.);
#5102 = ADVANCED_FACE('',(#5103),#4248,.T.);
#5103 = FACE_BOUND('',#5104,.T.);
#5104 = EDGE_LOOP('',(#5105,#5106,#5107,#5156));
#5105 = ORIENTED_EDGE('',*,*,#4605,.F.);
#5106 = ORIENTED_EDGE('',*,*,#4224,.T.);
#5107 = ORIENTED_EDGE('',*,*,#5108,.T.);
#5108 = EDGE_CURVE('',#4227,#4820,#5109,.T.);
#5109 = SURFACE_CURVE('',#5110,(#5117,#5146),.PCURVE_S1.);
#5110 = B_SPLINE_CURVE_WITH_KNOTS('',3,(#5111,#5112,#5113,#5114,#5115,
    #5116),.UNSPECIFIED.,.F.,.F.,(4,2,4),(1.971656719321E-07,
    3.917772435257E-04,7.833573213795E-04),.UNSPECIFIED.);
#5111 = CARTESIAN_POINT('',(1.587197341538,15.15,2.974934692818));
#5112 = CARTESIAN_POINT('',(1.587197341538,15.282398548944,
    2.974934692818));
#5113 = CARTESIAN_POINT('',(1.548572031389,15.411844140656,
    3.013560002967));
#5114 = CARTESIAN_POINT('',(1.417481201327,15.596198199582,
    3.144650833029));
#5115 = CARTESIAN_POINT('',(1.324895582838,15.65,3.237236451518));
#5116 = CARTESIAN_POINT('',(1.232454049785,15.65,3.329677984571));
#5117 = PCURVE('',#4248,#5118);
#5118 = DEFINITIONAL_REPRESENTATION('',(#5119),#5145);
#5119 = B_SPLINE_CURVE_WITH_KNOTS('',3,(#5120,#5121,#5122,#5123,#5124,
    #5125,#5126,#5127,#5128,#5129,#5130,#5131,#5132,#5133,#5134,#5135,
    #5136,#5137,#5138,#5139,#5140,#5141,#5142,#5143,#5144),
  .UNSPECIFIED.,.F.,.F.,(4,1,1,1,1,1,1,1,1,1,1,1,1,1,1,1,1,1,1,1,1,1,4),
  (1.971656719321E-07,3.579535456773E-05,7.139354346353E-05,
    1.069917323593E-04,1.425899212551E-04,1.781881101509E-04,
    2.137862990467E-04,2.493844879425E-04,2.849826768383E-04,
    3.205808657341E-04,3.561790546299E-04,3.917772435257E-04,
    4.273754324215E-04,4.629736213173E-04,4.985718102131E-04,
    5.341699991089E-04,5.697681880047E-04,6.053663769005E-04,
    6.409645657963E-04,6.765627546921E-04,7.121609435879E-04,
    7.477591324837E-04,7.833573213795E-04),.QUASI_UNIFORM_KNOTS.);
#5120 = CARTESIAN_POINT('',(0.713908713512,0.));
#5121 = CARTESIAN_POINT('',(0.713908659786,2.40700697323E-02));
#5122 = CARTESIAN_POINT('',(0.713878047455,7.212180658261E-02));
#5123 = CARTESIAN_POINT('',(0.713742095974,0.143994026997));
#5124 = CARTESIAN_POINT('',(0.713517835583,0.215730791766));
#5125 = CARTESIAN_POINT('',(0.713206141907,0.287366658287));
#5126 = CARTESIAN_POINT('',(0.712807379774,0.358920035786));
#5127 = CARTESIAN_POINT('',(0.712321344777,0.430395702577));
#5128 = CARTESIAN_POINT('',(0.711747299805,0.501792386071));
#5129 = CARTESIAN_POINT('',(0.711083973025,0.573108893461));
#5130 = CARTESIAN_POINT('',(0.710329564447,0.644352047604));
#5131 = CARTESIAN_POINT('',(0.709481708771,0.71553881236));
#5132 = CARTESIAN_POINT('',(0.708537557818,0.786718744944));
#5133 = CARTESIAN_POINT('',(0.707493381572,0.85791893095));
#5134 = CARTESIAN_POINT('',(0.706348892907,0.929161262929));
#5135 = CARTESIAN_POINT('',(0.705103945252,1.000480204021));
#5136 = CARTESIAN_POINT('',(0.703758244857,1.071868731821));
#5137 = CARTESIAN_POINT('',(0.702311538181,1.14330202086));
#5138 = CARTESIAN_POINT('',(0.700763682817,1.214741065038));
#5139 = CARTESIAN_POINT('',(0.69911476719,1.286142344552));
#5140 = CARTESIAN_POINT('',(0.697365224353,1.357465786367));
#5141 = CARTESIAN_POINT('',(0.695516008091,1.428684421993));
#5142 = CARTESIAN_POINT('',(0.693568627497,1.499788245743));
#5143 = CARTESIAN_POINT('',(0.692206742884,1.547134310449));
#5144 = CARTESIAN_POINT('',(0.69151028829,1.570796326795));
#5145 = ( GEOMETRIC_REPRESENTATION_CONTEXT(2) 
PARAMETRIC_REPRESENTATION_CONTEXT() REPRESENTATION_CONTEXT('2D SPACE',''
  ) );
#5146 = PCURVE('',#4561,#5147);
#5147 = DEFINITIONAL_REPRESENTATION('',(#5148),#5155);
#5148 = B_SPLINE_CURVE_WITH_KNOTS('',3,(#5149,#5150,#5151,#5152,#5153,
    #5154),.UNSPECIFIED.,.F.,.F.,(4,2,4),(1.971656719321E-07,
    3.917772435257E-04,7.833573213795E-04),.UNSPECIFIED.);
#5149 = CARTESIAN_POINT('',(0.153304098031,-7.3));
#5150 = CARTESIAN_POINT('',(0.153304098031,-7.432398548944));
#5151 = CARTESIAN_POINT('',(0.207928535495,-7.561844140656));
#5152 = CARTESIAN_POINT('',(0.393318965271,-7.746198199582));
#5153 = CARTESIAN_POINT('',(0.524254802619,-7.8));
#5154 = CARTESIAN_POINT('',(0.654986872389,-7.8));
#5155 = ( GEOMETRIC_REPRESENTATION_CONTEXT(2) 
PARAMETRIC_REPRESENTATION_CONTEXT() REPRESENTATION_CONTEXT('2D SPACE',''
  ) );
#5156 = ORIENTED_EDGE('',*,*,#4893,.T.);
#5157 = ADVANCED_FACE('',(#5158),#4988,.T.);
#5158 = FACE_BOUND('',#5159,.T.);
#5159 = EDGE_LOOP('',(#5160,#5211,#5212,#5263));
#5160 = ORIENTED_EDGE('',*,*,#5161,.T.);
#5161 = EDGE_CURVE('',#5162,#4923,#5164,.T.);
#5162 = VERTEX_POINT('',#5163);
#5163 = CARTESIAN_POINT('',(1.375065307182,15.15,5.937197341538));
#5164 = SURFACE_CURVE('',#5165,(#5172,#5201),.PCURVE_S1.);
#5165 = B_SPLINE_CURVE_WITH_KNOTS('',3,(#5166,#5167,#5168,#5169,#5170,
    #5171),.UNSPECIFIED.,.F.,.F.,(4,2,4),(1.971656719321E-07,
    3.917772435257E-04,7.833573213795E-04),.UNSPECIFIED.);
#5166 = CARTESIAN_POINT('',(1.375065307182,15.15,5.937197341538));
#5167 = CARTESIAN_POINT('',(1.375065307182,15.282398548944,
    5.937197341538));
#5168 = CARTESIAN_POINT('',(1.336439997033,15.411844140656,
    5.898572031389));
#5169 = CARTESIAN_POINT('',(1.205349166971,15.596198199582,
    5.767481201327));
#5170 = CARTESIAN_POINT('',(1.112763548482,15.65,5.674895582838));
#5171 = CARTESIAN_POINT('',(1.020322015429,15.65,5.582454049785));
#5172 = PCURVE('',#4988,#5173);
#5173 = DEFINITIONAL_REPRESENTATION('',(#5174),#5200);
#5174 = B_SPLINE_CURVE_WITH_KNOTS('',3,(#5175,#5176,#5177,#5178,#5179,
    #5180,#5181,#5182,#5183,#5184,#5185,#5186,#5187,#5188,#5189,#5190,
    #5191,#5192,#5193,#5194,#5195,#5196,#5197,#5198,#5199),
  .UNSPECIFIED.,.F.,.F.,(4,1,1,1,1,1,1,1,1,1,1,1,1,1,1,1,1,1,1,1,1,1,4),
  (1.971656719321E-07,3.579535456773E-05,7.139354346353E-05,
    1.069917323593E-04,1.425899212551E-04,1.781881101509E-04,
    2.137862990467E-04,2.493844879425E-04,2.849826768383E-04,
    3.205808657341E-04,3.561790546299E-04,3.917772435257E-04,
    4.273754324215E-04,4.629736213173E-04,4.985718102131E-04,
    5.341699991089E-04,5.697681880047E-04,6.053663769005E-04,
    6.409645657963E-04,6.765627546921E-04,7.121609435879E-04,
    7.477591324837E-04,7.833573213795E-04),.QUASI_UNIFORM_KNOTS.);
#5175 = CARTESIAN_POINT('',(5.426297693897,0.));
#5176 = CARTESIAN_POINT('',(5.426297640171,2.40700697323E-02));
#5177 = CARTESIAN_POINT('',(5.426267027839,7.212180658261E-02));
#5178 = CARTESIAN_POINT('',(5.426131076359,0.143994026997));
#5179 = CARTESIAN_POINT('',(5.425906815967,0.215730791766));
#5180 = CARTESIAN_POINT('',(5.425595122292,0.287366658287));
#5181 = CARTESIAN_POINT('',(5.425196360158,0.358920035786));
#5182 = CARTESIAN_POINT('',(5.424710325162,0.430395702577));
#5183 = CARTESIAN_POINT('',(5.42413628019,0.501792386071));
#5184 = CARTESIAN_POINT('',(5.423472953409,0.573108893461));
#5185 = CARTESIAN_POINT('',(5.422718544832,0.644352047604));
#5186 = CARTESIAN_POINT('',(5.421870689156,0.71553881236));
#5187 = CARTESIAN_POINT('',(5.420926538203,0.786718744944));
#5188 = CARTESIAN_POINT('',(5.419882361957,0.85791893095));
#5189 = CARTESIAN_POINT('',(5.418737873291,0.929161262929));
#5190 = CARTESIAN_POINT('',(5.417492925637,1.000480204021));
#5191 = CARTESIAN_POINT('',(5.416147225241,1.071868731821));
#5192 = CARTESIAN_POINT('',(5.414700518566,1.14330202086));
#5193 = CARTESIAN_POINT('',(5.413152663202,1.214741065038));
#5194 = CARTESIAN_POINT('',(5.411503747575,1.286142344552));
#5195 = CARTESIAN_POINT('',(5.409754204737,1.357465786367));
#5196 = CARTESIAN_POINT('',(5.407904988476,1.428684421993));
#5197 = CARTESIAN_POINT('',(5.405957607881,1.499788245743));
#5198 = CARTESIAN_POINT('',(5.404595723268,1.547134310449));
#5199 = CARTESIAN_POINT('',(5.403899268675,1.570796326795));
#5200 = ( GEOMETRIC_REPRESENTATION_CONTEXT(2) 
PARAMETRIC_REPRESENTATION_CONTEXT() REPRESENTATION_CONTEXT('2D SPACE',''
  ) );
#5201 = PCURVE('',#3943,#5202);
#5202 = DEFINITIONAL_REPRESENTATION('',(#5203),#5210);
#5203 = B_SPLINE_CURVE_WITH_KNOTS('',3,(#5204,#5205,#5206,#5207,#5208,
    #5209),.UNSPECIFIED.,.F.,.F.,(4,2,4),(1.971656719321E-07,
    3.917772435257E-04,7.833573213795E-04),.UNSPECIFIED.);
#5204 = CARTESIAN_POINT('',(0.153304098031,-7.3));
#5205 = CARTESIAN_POINT('',(0.153304098031,-7.432398548944));
#5206 = CARTESIAN_POINT('',(0.207928535495,-7.561844140656));
#5207 = CARTESIAN_POINT('',(0.393318965271,-7.746198199582));
#5208 = CARTESIAN_POINT('',(0.524254802619,-7.8));
#5209 = CARTESIAN_POINT('',(0.654986872389,-7.8));
#5210 = ( GEOMETRIC_REPRESENTATION_CONTEXT(2) 
PARAMETRIC_REPRESENTATION_CONTEXT() REPRESENTATION_CONTEXT('2D SPACE',''
  ) );
#5211 = ORIENTED_EDGE('',*,*,#4969,.T.);
#5212 = ORIENTED_EDGE('',*,*,#5213,.T.);
#5213 = EDGE_CURVE('',#4947,#5214,#5216,.T.);
#5214 = VERTEX_POINT('',#5215);
#5215 = CARTESIAN_POINT('',(-1.375065307182,15.15,5.937197341538));
#5216 = SURFACE_CURVE('',#5217,(#5224,#5253),.PCURVE_S1.);
#5217 = B_SPLINE_CURVE_WITH_KNOTS('',3,(#5218,#5219,#5220,#5221,#5222,
    #5223),.UNSPECIFIED.,.F.,.F.,(4,2,4),(7.843649201753E-04,
    1.175634019461E-03,1.566903118747E-03),.UNSPECIFIED.);
#5218 = CARTESIAN_POINT('',(-1.020322015429,15.65,5.582454049785));
#5219 = CARTESIAN_POINT('',(-1.112688660759,15.65,5.674820695115));
#5220 = CARTESIAN_POINT('',(-1.204601360319,15.597238303722,
    5.766733394675));
#5221 = CARTESIAN_POINT('',(-1.337156729908,15.410847733105,
    5.899288764264));
#5222 = CARTESIAN_POINT('',(-1.375065307182,15.282298934456,
    5.937197341538));
#5223 = CARTESIAN_POINT('',(-1.375065307182,15.15,5.937197341538));
#5224 = PCURVE('',#4988,#5225);
#5225 = DEFINITIONAL_REPRESENTATION('',(#5226),#5252);
#5226 = B_SPLINE_CURVE_WITH_KNOTS('',3,(#5227,#5228,#5229,#5230,#5231,
    #5232,#5233,#5234,#5235,#5236,#5237,#5238,#5239,#5240,#5241,#5242,
    #5243,#5244,#5245,#5246,#5247,#5248,#5249,#5250,#5251),
  .UNSPECIFIED.,.F.,.F.,(4,1,1,1,1,1,1,1,1,1,1,1,1,1,1,1,1,1,1,1,1,1,4),
  (7.843649201753E-04,8.199348382922E-04,8.555047564091E-04,
    8.91074674526E-04,9.266445926429E-04,9.622145107598E-04,
    9.977844288767E-04,1.033354346994E-03,1.06892426511E-03,
    1.104494183227E-03,1.140064101344E-03,1.175634019461E-03,
    1.211203937578E-03,1.246773855695E-03,1.282343773812E-03,
    1.317913691929E-03,1.353483610046E-03,1.389053528163E-03,
    1.424623446279E-03,1.460193364396E-03,1.495763282513E-03,
    1.53133320063E-03,1.566903118747E-03),.QUASI_UNIFORM_KNOTS.);
#5227 = CARTESIAN_POINT('',(4.020878692095,1.570796326795));
#5228 = CARTESIAN_POINT('',(4.020182813962,1.547152714978));
#5229 = CARTESIAN_POINT('',(4.018822803894,1.499874240497));
#5230 = CARTESIAN_POINT('',(4.016879587576,1.428944698849));
#5231 = CARTESIAN_POINT('',(4.015035022837,1.357957137659));
#5232 = CARTESIAN_POINT('',(4.013289938382,1.286893760102));
#5233 = CARTESIAN_POINT('',(4.011644700536,1.215747711758));
#5234 = CARTESIAN_POINT('',(4.010099249674,1.144519908416));
#5235 = CARTESIAN_POINT('',(4.008653242197,1.073210734649));
#5236 = CARTESIAN_POINT('',(4.007306190534,1.001816907541));
#5237 = CARTESIAN_POINT('',(4.006057413472,0.930312788287));
#5238 = CARTESIAN_POINT('',(4.004906668621,0.858689805041));
#5239 = CARTESIAN_POINT('',(4.003852180878,0.786781055206));
#5240 = CARTESIAN_POINT('',(4.002898352787,0.714889978462));
#5241 = CARTESIAN_POINT('',(4.002045548985,0.643315459454));
#5242 = CARTESIAN_POINT('',(4.001288812142,0.571876200693));
#5243 = CARTESIAN_POINT('',(4.000625452601,0.500540491791));
#5244 = CARTESIAN_POINT('',(4.000052966819,0.429252059975));
#5245 = CARTESIAN_POINT('',(3.999569559673,0.357970947953));
#5246 = CARTESIAN_POINT('',(3.999173983068,0.28665646883));
#5247 = CARTESIAN_POINT('',(3.998865562725,0.215265797068));
#5248 = CARTESIAN_POINT('',(3.998644211527,0.143747659544));
#5249 = CARTESIAN_POINT('',(3.998510364151,7.204047807122E-02));
#5250 = CARTESIAN_POINT('',(3.998480319651,2.405272103372E-02));
#5251 = CARTESIAN_POINT('',(3.998480266873,0.));
#5252 = ( GEOMETRIC_REPRESENTATION_CONTEXT(2) 
PARAMETRIC_REPRESENTATION_CONTEXT() REPRESENTATION_CONTEXT('2D SPACE',''
  ) );
#5253 = PCURVE('',#4004,#5254);
#5254 = DEFINITIONAL_REPRESENTATION('',(#5255),#5262);
#5255 = B_SPLINE_CURVE_WITH_KNOTS('',3,(#5256,#5257,#5258,#5259,#5260,
    #5261),.UNSPECIFIED.,.F.,.F.,(4,2,4),(7.843649201753E-04,
    1.175634019461E-03,1.566903118747E-03),.UNSPECIFIED.);
#5256 = CARTESIAN_POINT('',(-0.654986872389,-7.8));
#5257 = CARTESIAN_POINT('',(-0.524360709852,-7.8));
#5258 = CARTESIAN_POINT('',(-0.394376523581,-7.747238303722));
#5259 = CARTESIAN_POINT('',(-0.206914922142,-7.560847733105));
#5260 = CARTESIAN_POINT('',(-0.153304098031,-7.432298934456));
#5261 = CARTESIAN_POINT('',(-0.153304098031,-7.3));
#5262 = ( GEOMETRIC_REPRESENTATION_CONTEXT(2) 
PARAMETRIC_REPRESENTATION_CONTEXT() REPRESENTATION_CONTEXT('2D SPACE',''
  ) );
#5263 = ORIENTED_EDGE('',*,*,#5264,.T.);
#5264 = EDGE_CURVE('',#5214,#5162,#5265,.T.);
#5265 = SURFACE_CURVE('',#5266,(#5271,#5278),.PCURVE_S1.);
#5266 = CIRCLE('',#5267,2.1);
#5267 = AXIS2_PLACEMENT_3D('',#5268,#5269,#5270);
#5268 = CARTESIAN_POINT('',(0.,15.15,4.35));
#5269 = DIRECTION('',(-0.,1.,0.));
#5270 = DIRECTION('',(1.,0.,0.));
#5271 = PCURVE('',#4988,#5272);
#5272 = DEFINITIONAL_REPRESENTATION('',(#5273),#5277);
#5273 = LINE('',#5274,#5275);
#5274 = CARTESIAN_POINT('',(0.,0.));
#5275 = VECTOR('',#5276,1.);
#5276 = DIRECTION('',(1.,0.));
#5277 = ( GEOMETRIC_REPRESENTATION_CONTEXT(2) 
PARAMETRIC_REPRESENTATION_CONTEXT() REPRESENTATION_CONTEXT('2D SPACE',''
  ) );
#5278 = PCURVE('',#4276,#5279);
#5279 = DEFINITIONAL_REPRESENTATION('',(#5280),#5284);
#5280 = LINE('',#5281,#5282);
#5281 = CARTESIAN_POINT('',(9.424777960769,0.5));
#5282 = VECTOR('',#5283,1.);
#5283 = DIRECTION('',(-1.,0.));
#5284 = ( GEOMETRIC_REPRESENTATION_CONTEXT(2) 
PARAMETRIC_REPRESENTATION_CONTEXT() REPRESENTATION_CONTEXT('2D SPACE',''
  ) );
#5285 = ADVANCED_FACE('',(#5286),#4090,.T.);
#5286 = FACE_BOUND('',#5287,.T.);
#5287 = EDGE_LOOP('',(#5288,#5313,#5341,#5362,#5363));
#5288 = ORIENTED_EDGE('',*,*,#5289,.T.);
#5289 = EDGE_CURVE('',#5290,#5292,#5294,.T.);
#5290 = VERTEX_POINT('',#5291);
#5291 = CARTESIAN_POINT('',(-0.625681259449,15.65,3.936450774907));
#5292 = VERTEX_POINT('',#5293);
#5293 = CARTESIAN_POINT('',(-1.232454049785,15.65,3.329677984571));
#5294 = SURFACE_CURVE('',#5295,(#5299,#5306),.PCURVE_S1.);
#5295 = LINE('',#5296,#5297);
#5296 = CARTESIAN_POINT('',(-1.695599708839,15.65,2.866532325516));
#5297 = VECTOR('',#5298,1.);
#5298 = DIRECTION('',(-0.707106781187,0.,-0.707106781187));
#5299 = PCURVE('',#4090,#5300);
#5300 = DEFINITIONAL_REPRESENTATION('',(#5301),#5305);
#5301 = LINE('',#5302,#5303);
#5302 = CARTESIAN_POINT('',(-1.695599708839,1.483467674484));
#5303 = VECTOR('',#5304,1.);
#5304 = DIRECTION('',(-0.707106781187,0.707106781187));
#5305 = ( GEOMETRIC_REPRESENTATION_CONTEXT(2) 
PARAMETRIC_REPRESENTATION_CONTEXT() REPRESENTATION_CONTEXT('2D SPACE',''
  ) );
#5306 = PCURVE('',#4384,#5307);
#5307 = DEFINITIONAL_REPRESENTATION('',(#5308),#5312);
#5308 = LINE('',#5309,#5310);
#5309 = CARTESIAN_POINT('',(0.,-7.8));
#5310 = VECTOR('',#5311,1.);
#5311 = DIRECTION('',(1.,-0.));
#5312 = ( GEOMETRIC_REPRESENTATION_CONTEXT(2) 
PARAMETRIC_REPRESENTATION_CONTEXT() REPRESENTATION_CONTEXT('2D SPACE',''
  ) );
#5313 = ORIENTED_EDGE('',*,*,#5314,.F.);
#5314 = EDGE_CURVE('',#5315,#5292,#5317,.T.);
#5315 = VERTEX_POINT('',#5316);
#5316 = CARTESIAN_POINT('',(-1.232454049785,15.65,5.370322015429));
#5317 = SURFACE_CURVE('',#5318,(#5323,#5334),.PCURVE_S1.);
#5318 = CIRCLE('',#5319,1.6);
#5319 = AXIS2_PLACEMENT_3D('',#5320,#5321,#5322);
#5320 = CARTESIAN_POINT('',(0.,15.65,4.35));
#5321 = DIRECTION('',(0.,-1.,0.));
#5322 = DIRECTION('',(1.,0.,0.));
#5323 = PCURVE('',#4090,#5324);
#5324 = DEFINITIONAL_REPRESENTATION('',(#5325),#5333);
#5325 = ( BOUNDED_CURVE() B_SPLINE_CURVE(2,(#5326,#5327,#5328,#5329,
#5330,#5331,#5332),.UNSPECIFIED.,.T.,.F.) B_SPLINE_CURVE_WITH_KNOTS((1,2
    ,2,2,2,1),(-2.094395102393,0.,2.094395102393,4.188790204786,
6.28318530718,8.377580409573),.UNSPECIFIED.) CURVE() 
GEOMETRIC_REPRESENTATION_ITEM() RATIONAL_B_SPLINE_CURVE((1.,0.5,1.,0.5,
1.,0.5,1.)) REPRESENTATION_ITEM('') );
#5326 = CARTESIAN_POINT('',(1.6,0.));
#5327 = CARTESIAN_POINT('',(1.6,-2.77128129211));
#5328 = CARTESIAN_POINT('',(-0.8,-1.385640646055));
#5329 = CARTESIAN_POINT('',(-3.2,-3.918869757272E-16));
#5330 = CARTESIAN_POINT('',(-0.8,1.385640646055));
#5331 = CARTESIAN_POINT('',(1.6,2.77128129211));
#5332 = CARTESIAN_POINT('',(1.6,0.));
#5333 = ( GEOMETRIC_REPRESENTATION_CONTEXT(2) 
PARAMETRIC_REPRESENTATION_CONTEXT() REPRESENTATION_CONTEXT('2D SPACE',''
  ) );
#5334 = PCURVE('',#4356,#5335);
#5335 = DEFINITIONAL_REPRESENTATION('',(#5336),#5340);
#5336 = LINE('',#5337,#5338);
#5337 = CARTESIAN_POINT('',(6.28318530718,1.570796326795));
#5338 = VECTOR('',#5339,1.);
#5339 = DIRECTION('',(-1.,-1.605504709656E-16));
#5340 = ( GEOMETRIC_REPRESENTATION_CONTEXT(2) 
PARAMETRIC_REPRESENTATION_CONTEXT() REPRESENTATION_CONTEXT('2D SPACE',''
  ) );
#5341 = ORIENTED_EDGE('',*,*,#5342,.T.);
#5342 = EDGE_CURVE('',#5315,#4046,#5343,.T.);
#5343 = SURFACE_CURVE('',#5344,(#5348,#5355),.PCURVE_S1.);
#5344 = LINE('',#5345,#5346);
#5345 = CARTESIAN_POINT('',(-1.69559970884,15.65,5.833467674484));
#5346 = VECTOR('',#5347,1.);
#5347 = DIRECTION('',(0.707106781187,0.,-0.707106781187));
#5348 = PCURVE('',#4090,#5349);
#5349 = DEFINITIONAL_REPRESENTATION('',(#5350),#5354);
#5350 = LINE('',#5351,#5352);
#5351 = CARTESIAN_POINT('',(-1.69559970884,-1.483467674484));
#5352 = VECTOR('',#5353,1.);
#5353 = DIRECTION('',(0.707106781187,0.707106781187));
#5354 = ( GEOMETRIC_REPRESENTATION_CONTEXT(2) 
PARAMETRIC_REPRESENTATION_CONTEXT() REPRESENTATION_CONTEXT('2D SPACE',''
  ) );
#5355 = PCURVE('',#4061,#5356);
#5356 = DEFINITIONAL_REPRESENTATION('',(#5357),#5361);
#5357 = LINE('',#5358,#5359);
#5358 = CARTESIAN_POINT('',(0.,-7.8));
#5359 = VECTOR('',#5360,1.);
#5360 = DIRECTION('',(1.,0.));
#5361 = ( GEOMETRIC_REPRESENTATION_CONTEXT(2) 
PARAMETRIC_REPRESENTATION_CONTEXT() REPRESENTATION_CONTEXT('2D SPACE',''
  ) );
#5362 = ORIENTED_EDGE('',*,*,#4073,.T.);
#5363 = ORIENTED_EDGE('',*,*,#5364,.T.);
#5364 = EDGE_CURVE('',#4074,#5290,#5365,.T.);
#5365 = SURFACE_CURVE('',#5366,(#5371,#5382),.PCURVE_S1.);
#5366 = CIRCLE('',#5367,0.75);
#5367 = AXIS2_PLACEMENT_3D('',#5368,#5369,#5370);
#5368 = CARTESIAN_POINT('',(0.,15.65,4.35));
#5369 = DIRECTION('',(0.,-1.,0.));
#5370 = DIRECTION('',(1.,0.,0.));
#5371 = PCURVE('',#4090,#5372);
#5372 = DEFINITIONAL_REPRESENTATION('',(#5373),#5381);
#5373 = ( BOUNDED_CURVE() B_SPLINE_CURVE(2,(#5374,#5375,#5376,#5377,
#5378,#5379,#5380),.UNSPECIFIED.,.T.,.F.) B_SPLINE_CURVE_WITH_KNOTS((1,2
    ,2,2,2,1),(-2.094395102393,0.,2.094395102393,4.188790204786,
6.28318530718,8.377580409573),.UNSPECIFIED.) CURVE() 
GEOMETRIC_REPRESENTATION_ITEM() RATIONAL_B_SPLINE_CURVE((1.,0.5,1.,0.5,
1.,0.5,1.)) REPRESENTATION_ITEM('') );
#5374 = CARTESIAN_POINT('',(0.75,0.));
#5375 = CARTESIAN_POINT('',(0.75,-1.299038105677));
#5376 = CARTESIAN_POINT('',(-0.375,-0.649519052838));
#5377 = CARTESIAN_POINT('',(-1.5,-1.836970198721E-16));
#5378 = CARTESIAN_POINT('',(-0.375,0.649519052838));
#5379 = CARTESIAN_POINT('',(0.75,1.299038105677));
#5380 = CARTESIAN_POINT('',(0.75,0.));
#5381 = ( GEOMETRIC_REPRESENTATION_CONTEXT(2) 
PARAMETRIC_REPRESENTATION_CONTEXT() REPRESENTATION_CONTEXT('2D SPACE',''
  ) );
#5382 = PCURVE('',#4122,#5383);
#5383 = DEFINITIONAL_REPRESENTATION('',(#5384),#5388);
#5384 = LINE('',#5385,#5386);
#5385 = CARTESIAN_POINT('',(-3.14159265359,0.));
#5386 = VECTOR('',#5387,1.);
#5387 = DIRECTION('',(1.,0.));
#5388 = ( GEOMETRIC_REPRESENTATION_CONTEXT(2) 
PARAMETRIC_REPRESENTATION_CONTEXT() REPRESENTATION_CONTEXT('2D SPACE',''
  ) );
#5389 = ADVANCED_FACE('',(#5390,#5419),#4151,.F.);
#5390 = FACE_BOUND('',#5391,.T.);
#5391 = EDGE_LOOP('',(#5392,#5393));
#5392 = ORIENTED_EDGE('',*,*,#4288,.T.);
#5393 = ORIENTED_EDGE('',*,*,#5394,.T.);
#5394 = EDGE_CURVE('',#4261,#4289,#5395,.T.);
#5395 = SURFACE_CURVE('',#5396,(#5401,#5412),.PCURVE_S1.);
#5396 = CIRCLE('',#5397,2.1);
#5397 = AXIS2_PLACEMENT_3D('',#5398,#5399,#5400);
#5398 = CARTESIAN_POINT('',(0.,7.65,4.35));
#5399 = DIRECTION('',(0.,-1.,0.));
#5400 = DIRECTION('',(1.,0.,0.));
#5401 = PCURVE('',#4151,#5402);
#5402 = DEFINITIONAL_REPRESENTATION('',(#5403),#5411);
#5403 = ( BOUNDED_CURVE() B_SPLINE_CURVE(2,(#5404,#5405,#5406,#5407,
#5408,#5409,#5410),.UNSPECIFIED.,.T.,.F.) B_SPLINE_CURVE_WITH_KNOTS((1,2
    ,2,2,2,1),(-2.094395102393,0.,2.094395102393,4.188790204786,
6.28318530718,8.377580409573),.UNSPECIFIED.) CURVE() 
GEOMETRIC_REPRESENTATION_ITEM() RATIONAL_B_SPLINE_CURVE((1.,0.5,1.,0.5,
1.,0.5,1.)) REPRESENTATION_ITEM('') );
#5404 = CARTESIAN_POINT('',(2.1,0.));
#5405 = CARTESIAN_POINT('',(2.1,-3.637306695895));
#5406 = CARTESIAN_POINT('',(-1.05,-1.818653347947));
#5407 = CARTESIAN_POINT('',(-4.2,-5.143516556419E-16));
#5408 = CARTESIAN_POINT('',(-1.05,1.818653347947));
#5409 = CARTESIAN_POINT('',(2.1,3.637306695895));
#5410 = CARTESIAN_POINT('',(2.1,0.));
#5411 = ( GEOMETRIC_REPRESENTATION_CONTEXT(2) 
PARAMETRIC_REPRESENTATION_CONTEXT() REPRESENTATION_CONTEXT('2D SPACE',''
  ) );
#5412 = PCURVE('',#4276,#5413);
#5413 = DEFINITIONAL_REPRESENTATION('',(#5414),#5418);
#5414 = LINE('',#5415,#5416);
#5415 = CARTESIAN_POINT('',(3.14159265359,8.));
#5416 = VECTOR('',#5417,1.);
#5417 = DIRECTION('',(1.,0.));
#5418 = ( GEOMETRIC_REPRESENTATION_CONTEXT(2) 
PARAMETRIC_REPRESENTATION_CONTEXT() REPRESENTATION_CONTEXT('2D SPACE',''
  ) );
#5419 = FACE_BOUND('',#5420,.T.);
#5420 = EDGE_LOOP('',(#5421,#5447));
#5421 = ORIENTED_EDGE('',*,*,#5422,.F.);
#5422 = EDGE_CURVE('',#4107,#4135,#5423,.T.);
#5423 = SURFACE_CURVE('',#5424,(#5429,#5440),.PCURVE_S1.);
#5424 = CIRCLE('',#5425,0.75);
#5425 = AXIS2_PLACEMENT_3D('',#5426,#5427,#5428);
#5426 = CARTESIAN_POINT('',(0.,7.65,4.35));
#5427 = DIRECTION('',(0.,-1.,0.));
#5428 = DIRECTION('',(1.,0.,0.));
#5429 = PCURVE('',#4151,#5430);
#5430 = DEFINITIONAL_REPRESENTATION('',(#5431),#5439);
#5431 = ( BOUNDED_CURVE() B_SPLINE_CURVE(2,(#5432,#5433,#5434,#5435,
#5436,#5437,#5438),.UNSPECIFIED.,.T.,.F.) B_SPLINE_CURVE_WITH_KNOTS((1,2
    ,2,2,2,1),(-2.094395102393,0.,2.094395102393,4.188790204786,
6.28318530718,8.377580409573),.UNSPECIFIED.) CURVE() 
GEOMETRIC_REPRESENTATION_ITEM() RATIONAL_B_SPLINE_CURVE((1.,0.5,1.,0.5,
1.,0.5,1.)) REPRESENTATION_ITEM('') );
#5432 = CARTESIAN_POINT('',(0.75,0.));
#5433 = CARTESIAN_POINT('',(0.75,-1.299038105677));
#5434 = CARTESIAN_POINT('',(-0.375,-0.649519052838));
#5435 = CARTESIAN_POINT('',(-1.5,-1.836970198721E-16));
#5436 = CARTESIAN_POINT('',(-0.375,0.649519052838));
#5437 = CARTESIAN_POINT('',(0.75,1.299038105677));
#5438 = CARTESIAN_POINT('',(0.75,0.));
#5439 = ( GEOMETRIC_REPRESENTATION_CONTEXT(2) 
PARAMETRIC_REPRESENTATION_CONTEXT() REPRESENTATION_CONTEXT('2D SPACE',''
  ) );
#5440 = PCURVE('',#4122,#5441);
#5441 = DEFINITIONAL_REPRESENTATION('',(#5442),#5446);
#5442 = LINE('',#5443,#5444);
#5443 = CARTESIAN_POINT('',(-3.14159265359,8.));
#5444 = VECTOR('',#5445,1.);
#5445 = DIRECTION('',(1.,0.));
#5446 = ( GEOMETRIC_REPRESENTATION_CONTEXT(2) 
PARAMETRIC_REPRESENTATION_CONTEXT() REPRESENTATION_CONTEXT('2D SPACE',''
  ) );
#5447 = ORIENTED_EDGE('',*,*,#4134,.F.);
#5448 = ADVANCED_FACE('',(#5449),#4276,.T.);
#5449 = FACE_BOUND('',#5450,.T.);
#5450 = EDGE_LOOP('',(#5451,#5452,#5453,#5476,#5504,#5525,#5526,#5549,
    #5577,#5600,#5622,#5623));
#5451 = ORIENTED_EDGE('',*,*,#4260,.F.);
#5452 = ORIENTED_EDGE('',*,*,#4576,.F.);
#5453 = ORIENTED_EDGE('',*,*,#5454,.F.);
#5454 = EDGE_CURVE('',#5455,#4577,#5457,.T.);
#5455 = VERTEX_POINT('',#5456);
#5456 = CARTESIAN_POINT('',(1.587197341538,7.85,5.725065307182));
#5457 = SURFACE_CURVE('',#5458,(#5462,#5469),.PCURVE_S1.);
#5458 = LINE('',#5459,#5460);
#5459 = CARTESIAN_POINT('',(1.587197341538,15.65,5.725065307182));
#5460 = VECTOR('',#5461,1.);
#5461 = DIRECTION('',(0.,1.,0.));
#5462 = PCURVE('',#4276,#5463);
#5463 = DEFINITIONAL_REPRESENTATION('',(#5464),#5468);
#5464 = LINE('',#5465,#5466);
#5465 = CARTESIAN_POINT('',(3.855501367102,0.));
#5466 = VECTOR('',#5467,1.);
#5467 = DIRECTION('',(0.,-1.));
#5468 = ( GEOMETRIC_REPRESENTATION_CONTEXT(2) 
PARAMETRIC_REPRESENTATION_CONTEXT() REPRESENTATION_CONTEXT('2D SPACE',''
  ) );
#5469 = PCURVE('',#3886,#5470);
#5470 = DEFINITIONAL_REPRESENTATION('',(#5471),#5475);
#5471 = LINE('',#5472,#5473);
#5472 = CARTESIAN_POINT('',(-0.153304098031,-7.8));
#5473 = VECTOR('',#5474,1.);
#5474 = DIRECTION('',(0.,-1.));
#5475 = ( GEOMETRIC_REPRESENTATION_CONTEXT(2) 
PARAMETRIC_REPRESENTATION_CONTEXT() REPRESENTATION_CONTEXT('2D SPACE',''
  ) );
#5476 = ORIENTED_EDGE('',*,*,#5477,.T.);
#5477 = EDGE_CURVE('',#5455,#5478,#5480,.T.);
#5478 = VERTEX_POINT('',#5479);
#5479 = CARTESIAN_POINT('',(1.375065307182,7.85,5.937197341538));
#5480 = SURFACE_CURVE('',#5481,(#5486,#5493),.PCURVE_S1.);
#5481 = CIRCLE('',#5482,2.1);
#5482 = AXIS2_PLACEMENT_3D('',#5483,#5484,#5485);
#5483 = CARTESIAN_POINT('',(0.,7.85,4.35));
#5484 = DIRECTION('',(0.,-1.,0.));
#5485 = DIRECTION('',(1.,0.,0.));
#5486 = PCURVE('',#4276,#5487);
#5487 = DEFINITIONAL_REPRESENTATION('',(#5488),#5492);
#5488 = LINE('',#5489,#5490);
#5489 = CARTESIAN_POINT('',(3.14159265359,7.8));
#5490 = VECTOR('',#5491,1.);
#5491 = DIRECTION('',(1.,0.));
#5492 = ( GEOMETRIC_REPRESENTATION_CONTEXT(2) 
PARAMETRIC_REPRESENTATION_CONTEXT() REPRESENTATION_CONTEXT('2D SPACE',''
  ) );
#5493 = PCURVE('',#3915,#5494);
#5494 = DEFINITIONAL_REPRESENTATION('',(#5495),#5503);
#5495 = ( BOUNDED_CURVE() B_SPLINE_CURVE(2,(#5496,#5497,#5498,#5499,
#5500,#5501,#5502),.UNSPECIFIED.,.T.,.F.) B_SPLINE_CURVE_WITH_KNOTS((1,2
    ,2,2,2,1),(-2.094395102393,0.,2.094395102393,4.188790204786,
6.28318530718,8.377580409573),.UNSPECIFIED.) CURVE() 
GEOMETRIC_REPRESENTATION_ITEM() RATIONAL_B_SPLINE_CURVE((1.,0.5,1.,0.5,
1.,0.5,1.)) REPRESENTATION_ITEM('') );
#5496 = CARTESIAN_POINT('',(2.1,0.));
#5497 = CARTESIAN_POINT('',(2.1,-3.637306695895));
#5498 = CARTESIAN_POINT('',(-1.05,-1.818653347947));
#5499 = CARTESIAN_POINT('',(-4.2,-5.143516556419E-16));
#5500 = CARTESIAN_POINT('',(-1.05,1.818653347947));
#5501 = CARTESIAN_POINT('',(2.1,3.637306695895));
#5502 = CARTESIAN_POINT('',(2.1,0.));
#5503 = ( GEOMETRIC_REPRESENTATION_CONTEXT(2) 
PARAMETRIC_REPRESENTATION_CONTEXT() REPRESENTATION_CONTEXT('2D SPACE',''
  ) );
#5504 = ORIENTED_EDGE('',*,*,#5505,.F.);
#5505 = EDGE_CURVE('',#5162,#5478,#5506,.T.);
#5506 = SURFACE_CURVE('',#5507,(#5511,#5518),.PCURVE_S1.);
#5507 = LINE('',#5508,#5509);
#5508 = CARTESIAN_POINT('',(1.375065307182,15.65,5.937197341538));
#5509 = VECTOR('',#5510,1.);
#5510 = DIRECTION('',(-0.,-1.,0.));
#5511 = PCURVE('',#4276,#5512);
#5512 = DEFINITIONAL_REPRESENTATION('',(#5513),#5517);
#5513 = LINE('',#5514,#5515);
#5514 = CARTESIAN_POINT('',(3.998480266873,0.));
#5515 = VECTOR('',#5516,1.);
#5516 = DIRECTION('',(0.,1.));
#5517 = ( GEOMETRIC_REPRESENTATION_CONTEXT(2) 
PARAMETRIC_REPRESENTATION_CONTEXT() REPRESENTATION_CONTEXT('2D SPACE',''
  ) );
#5518 = PCURVE('',#3943,#5519);
#5519 = DEFINITIONAL_REPRESENTATION('',(#5520),#5524);
#5520 = LINE('',#5521,#5522);
#5521 = CARTESIAN_POINT('',(0.153304098031,-7.8));
#5522 = VECTOR('',#5523,1.);
#5523 = DIRECTION('',(-0.,1.));
#5524 = ( GEOMETRIC_REPRESENTATION_CONTEXT(2) 
PARAMETRIC_REPRESENTATION_CONTEXT() REPRESENTATION_CONTEXT('2D SPACE',''
  ) );
#5525 = ORIENTED_EDGE('',*,*,#5264,.F.);
#5526 = ORIENTED_EDGE('',*,*,#5527,.F.);
#5527 = EDGE_CURVE('',#5528,#5214,#5530,.T.);
#5528 = VERTEX_POINT('',#5529);
#5529 = CARTESIAN_POINT('',(-1.375065307182,7.85,5.937197341538));
#5530 = SURFACE_CURVE('',#5531,(#5535,#5542),.PCURVE_S1.);
#5531 = LINE('',#5532,#5533);
#5532 = CARTESIAN_POINT('',(-1.375065307182,15.65,5.937197341538));
#5533 = VECTOR('',#5534,1.);
#5534 = DIRECTION('',(0.,1.,0.));
#5535 = PCURVE('',#4276,#5536);
#5536 = DEFINITIONAL_REPRESENTATION('',(#5537),#5541);
#5537 = LINE('',#5538,#5539);
#5538 = CARTESIAN_POINT('',(5.426297693897,0.));
#5539 = VECTOR('',#5540,1.);
#5540 = DIRECTION('',(0.,-1.));
#5541 = ( GEOMETRIC_REPRESENTATION_CONTEXT(2) 
PARAMETRIC_REPRESENTATION_CONTEXT() REPRESENTATION_CONTEXT('2D SPACE',''
  ) );
#5542 = PCURVE('',#4004,#5543);
#5543 = DEFINITIONAL_REPRESENTATION('',(#5544),#5548);
#5544 = LINE('',#5545,#5546);
#5545 = CARTESIAN_POINT('',(-0.153304098031,-7.8));
#5546 = VECTOR('',#5547,1.);
#5547 = DIRECTION('',(0.,-1.));
#5548 = ( GEOMETRIC_REPRESENTATION_CONTEXT(2) 
PARAMETRIC_REPRESENTATION_CONTEXT() REPRESENTATION_CONTEXT('2D SPACE',''
  ) );
#5549 = ORIENTED_EDGE('',*,*,#5550,.T.);
#5550 = EDGE_CURVE('',#5528,#5551,#5553,.T.);
#5551 = VERTEX_POINT('',#5552);
#5552 = CARTESIAN_POINT('',(-1.587197341538,7.85,5.725065307182));
#5553 = SURFACE_CURVE('',#5554,(#5559,#5566),.PCURVE_S1.);
#5554 = CIRCLE('',#5555,2.1);
#5555 = AXIS2_PLACEMENT_3D('',#5556,#5557,#5558);
#5556 = CARTESIAN_POINT('',(0.,7.85,4.35));
#5557 = DIRECTION('',(0.,-1.,0.));
#5558 = DIRECTION('',(1.,0.,0.));
#5559 = PCURVE('',#4276,#5560);
#5560 = DEFINITIONAL_REPRESENTATION('',(#5561),#5565);
#5561 = LINE('',#5562,#5563);
#5562 = CARTESIAN_POINT('',(3.14159265359,7.8));
#5563 = VECTOR('',#5564,1.);
#5564 = DIRECTION('',(1.,0.));
#5565 = ( GEOMETRIC_REPRESENTATION_CONTEXT(2) 
PARAMETRIC_REPRESENTATION_CONTEXT() REPRESENTATION_CONTEXT('2D SPACE',''
  ) );
#5566 = PCURVE('',#4033,#5567);
#5567 = DEFINITIONAL_REPRESENTATION('',(#5568),#5576);
#5568 = ( BOUNDED_CURVE() B_SPLINE_CURVE(2,(#5569,#5570,#5571,#5572,
#5573,#5574,#5575),.UNSPECIFIED.,.T.,.F.) B_SPLINE_CURVE_WITH_KNOTS((1,2
    ,2,2,2,1),(-2.094395102393,0.,2.094395102393,4.188790204786,
6.28318530718,8.377580409573),.UNSPECIFIED.) CURVE() 
GEOMETRIC_REPRESENTATION_ITEM() RATIONAL_B_SPLINE_CURVE((1.,0.5,1.,0.5,
1.,0.5,1.)) REPRESENTATION_ITEM('') );
#5569 = CARTESIAN_POINT('',(2.1,0.));
#5570 = CARTESIAN_POINT('',(2.1,-3.637306695895));
#5571 = CARTESIAN_POINT('',(-1.05,-1.818653347947));
#5572 = CARTESIAN_POINT('',(-4.2,-5.143516556419E-16));
#5573 = CARTESIAN_POINT('',(-1.05,1.818653347947));
#5574 = CARTESIAN_POINT('',(2.1,3.637306695895));
#5575 = CARTESIAN_POINT('',(2.1,0.));
#5576 = ( GEOMETRIC_REPRESENTATION_CONTEXT(2) 
PARAMETRIC_REPRESENTATION_CONTEXT() REPRESENTATION_CONTEXT('2D SPACE',''
  ) );
#5577 = ORIENTED_EDGE('',*,*,#5578,.F.);
#5578 = EDGE_CURVE('',#5579,#5551,#5581,.T.);
#5579 = VERTEX_POINT('',#5580);
#5580 = CARTESIAN_POINT('',(-1.587197341538,15.15,5.725065307182));
#5581 = SURFACE_CURVE('',#5582,(#5586,#5593),.PCURVE_S1.);
#5582 = LINE('',#5583,#5584);
#5583 = CARTESIAN_POINT('',(-1.587197341538,15.65,5.725065307182));
#5584 = VECTOR('',#5585,1.);
#5585 = DIRECTION('',(-0.,-1.,0.));
#5586 = PCURVE('',#4276,#5587);
#5587 = DEFINITIONAL_REPRESENTATION('',(#5588),#5592);
#5588 = LINE('',#5589,#5590);
#5589 = CARTESIAN_POINT('',(5.569276593668,0.));
#5590 = VECTOR('',#5591,1.);
#5591 = DIRECTION('',(0.,1.));
#5592 = ( GEOMETRIC_REPRESENTATION_CONTEXT(2) 
PARAMETRIC_REPRESENTATION_CONTEXT() REPRESENTATION_CONTEXT('2D SPACE',''
  ) );
#5593 = PCURVE('',#4061,#5594);
#5594 = DEFINITIONAL_REPRESENTATION('',(#5595),#5599);
#5595 = LINE('',#5596,#5597);
#5596 = CARTESIAN_POINT('',(0.153304098031,-7.8));
#5597 = VECTOR('',#5598,1.);
#5598 = DIRECTION('',(0.,1.));
#5599 = ( GEOMETRIC_REPRESENTATION_CONTEXT(2) 
PARAMETRIC_REPRESENTATION_CONTEXT() REPRESENTATION_CONTEXT('2D SPACE',''
  ) );
#5600 = ORIENTED_EDGE('',*,*,#5601,.F.);
#5601 = EDGE_CURVE('',#4317,#5579,#5602,.T.);
#5602 = SURFACE_CURVE('',#5603,(#5608,#5615),.PCURVE_S1.);
#5603 = CIRCLE('',#5604,2.1);
#5604 = AXIS2_PLACEMENT_3D('',#5605,#5606,#5607);
#5605 = CARTESIAN_POINT('',(0.,15.15,4.35));
#5606 = DIRECTION('',(-0.,1.,0.));
#5607 = DIRECTION('',(1.,0.,0.));
#5608 = PCURVE('',#4276,#5609);
#5609 = DEFINITIONAL_REPRESENTATION('',(#5610),#5614);
#5610 = LINE('',#5611,#5612);
#5611 = CARTESIAN_POINT('',(9.424777960769,0.5));
#5612 = VECTOR('',#5613,1.);
#5613 = DIRECTION('',(-1.,0.));
#5614 = ( GEOMETRIC_REPRESENTATION_CONTEXT(2) 
PARAMETRIC_REPRESENTATION_CONTEXT() REPRESENTATION_CONTEXT('2D SPACE',''
  ) );
#5615 = PCURVE('',#4356,#5616);
#5616 = DEFINITIONAL_REPRESENTATION('',(#5617),#5621);
#5617 = LINE('',#5618,#5619);
#5618 = CARTESIAN_POINT('',(0.,0.));
#5619 = VECTOR('',#5620,1.);
#5620 = DIRECTION('',(1.,0.));
#5621 = ( GEOMETRIC_REPRESENTATION_CONTEXT(2) 
PARAMETRIC_REPRESENTATION_CONTEXT() REPRESENTATION_CONTEXT('2D SPACE',''
  ) );
#5622 = ORIENTED_EDGE('',*,*,#4316,.T.);
#5623 = ORIENTED_EDGE('',*,*,#5394,.F.);
#5624 = ADVANCED_FACE('',(#5625),#4122,.F.);
#5625 = FACE_BOUND('',#5626,.F.);
#5626 = EDGE_LOOP('',(#5627,#5628,#5629,#5630,#5653,#5677,#5698,#5699,
    #5722,#5746,#5767,#5768));
#5627 = ORIENTED_EDGE('',*,*,#5422,.F.);
#5628 = ORIENTED_EDGE('',*,*,#4106,.F.);
#5629 = ORIENTED_EDGE('',*,*,#5364,.T.);
#5630 = ORIENTED_EDGE('',*,*,#5631,.F.);
#5631 = EDGE_CURVE('',#5632,#5290,#5634,.T.);
#5632 = VERTEX_POINT('',#5633);
#5633 = CARTESIAN_POINT('',(-0.625681259449,7.85,3.936450774907));
#5634 = SURFACE_CURVE('',#5635,(#5639,#5646),.PCURVE_S1.);
#5635 = LINE('',#5636,#5637);
#5636 = CARTESIAN_POINT('',(-0.625681259449,7.85,3.936450774907));
#5637 = VECTOR('',#5638,1.);
#5638 = DIRECTION('',(0.,1.,0.));
#5639 = PCURVE('',#4122,#5640);
#5640 = DEFINITIONAL_REPRESENTATION('',(#5641),#5645);
#5641 = LINE('',#5642,#5643);
#5642 = CARTESIAN_POINT('',(0.584040242607,7.8));
#5643 = VECTOR('',#5644,1.);
#5644 = DIRECTION('',(0.,-1.));
#5645 = ( GEOMETRIC_REPRESENTATION_CONTEXT(2) 
PARAMETRIC_REPRESENTATION_CONTEXT() REPRESENTATION_CONTEXT('2D SPACE',''
  ) );
#5646 = PCURVE('',#4384,#5647);
#5647 = DEFINITIONAL_REPRESENTATION('',(#5648),#5652);
#5648 = LINE('',#5649,#5650);
#5649 = CARTESIAN_POINT('',(-1.513093181762,0.));
#5650 = VECTOR('',#5651,1.);
#5651 = DIRECTION('',(0.,-1.));
#5652 = ( GEOMETRIC_REPRESENTATION_CONTEXT(2) 
PARAMETRIC_REPRESENTATION_CONTEXT() REPRESENTATION_CONTEXT('2D SPACE',''
  ) );
#5653 = ORIENTED_EDGE('',*,*,#5654,.F.);
#5654 = EDGE_CURVE('',#5655,#5632,#5657,.T.);
#5655 = VERTEX_POINT('',#5656);
#5656 = CARTESIAN_POINT('',(-0.413549225093,7.85,3.724318740551));
#5657 = SURFACE_CURVE('',#5658,(#5663,#5670),.PCURVE_S1.);
#5658 = CIRCLE('',#5659,0.75);
#5659 = AXIS2_PLACEMENT_3D('',#5660,#5661,#5662);
#5660 = CARTESIAN_POINT('',(0.,7.85,4.35));
#5661 = DIRECTION('',(-0.,1.,0.));
#5662 = DIRECTION('',(1.,0.,0.));
#5663 = PCURVE('',#4122,#5664);
#5664 = DEFINITIONAL_REPRESENTATION('',(#5665),#5669);
#5665 = LINE('',#5666,#5667);
#5666 = CARTESIAN_POINT('',(3.14159265359,7.8));
#5667 = VECTOR('',#5668,1.);
#5668 = DIRECTION('',(-1.,0.));
#5669 = ( GEOMETRIC_REPRESENTATION_CONTEXT(2) 
PARAMETRIC_REPRESENTATION_CONTEXT() REPRESENTATION_CONTEXT('2D SPACE',''
  ) );
#5670 = PCURVE('',#4413,#5671);
#5671 = DEFINITIONAL_REPRESENTATION('',(#5672),#5676);
#5672 = CIRCLE('',#5673,0.75);
#5673 = AXIS2_PLACEMENT_2D('',#5674,#5675);
#5674 = CARTESIAN_POINT('',(0.,0.));
#5675 = DIRECTION('',(1.,0.));
#5676 = ( GEOMETRIC_REPRESENTATION_CONTEXT(2) 
PARAMETRIC_REPRESENTATION_CONTEXT() REPRESENTATION_CONTEXT('2D SPACE',''
  ) );
#5677 = ORIENTED_EDGE('',*,*,#5678,.T.);
#5678 = EDGE_CURVE('',#5655,#4712,#5679,.T.);
#5679 = SURFACE_CURVE('',#5680,(#5684,#5691),.PCURVE_S1.);
#5680 = LINE('',#5681,#5682);
#5681 = CARTESIAN_POINT('',(-0.413549225093,7.85,3.724318740551));
#5682 = VECTOR('',#5683,1.);
#5683 = DIRECTION('',(0.,1.,0.));
#5684 = PCURVE('',#4122,#5685);
#5685 = DEFINITIONAL_REPRESENTATION('',(#5686),#5690);
#5686 = LINE('',#5687,#5688);
#5687 = CARTESIAN_POINT('',(0.986756084188,7.8));
#5688 = VECTOR('',#5689,1.);
#5689 = DIRECTION('',(0.,-1.));
#5690 = ( GEOMETRIC_REPRESENTATION_CONTEXT(2) 
PARAMETRIC_REPRESENTATION_CONTEXT() REPRESENTATION_CONTEXT('2D SPACE',''
  ) );
#5691 = PCURVE('',#4445,#5692);
#5692 = DEFINITIONAL_REPRESENTATION('',(#5693),#5697);
#5693 = LINE('',#5694,#5695);
#5694 = CARTESIAN_POINT('',(1.513093181762,0.));
#5695 = VECTOR('',#5696,1.);
#5696 = DIRECTION('',(0.,-1.));
#5697 = ( GEOMETRIC_REPRESENTATION_CONTEXT(2) 
PARAMETRIC_REPRESENTATION_CONTEXT() REPRESENTATION_CONTEXT('2D SPACE',''
  ) );
#5698 = ORIENTED_EDGE('',*,*,#4739,.T.);
#5699 = ORIENTED_EDGE('',*,*,#5700,.F.);
#5700 = EDGE_CURVE('',#5701,#4740,#5703,.T.);
#5701 = VERTEX_POINT('',#5702);
#5702 = CARTESIAN_POINT('',(0.413549225093,7.85,3.724318740551));
#5703 = SURFACE_CURVE('',#5704,(#5708,#5715),.PCURVE_S1.);
#5704 = LINE('',#5705,#5706);
#5705 = CARTESIAN_POINT('',(0.413549225093,7.85,3.724318740551));
#5706 = VECTOR('',#5707,1.);
#5707 = DIRECTION('',(0.,1.,0.));
#5708 = PCURVE('',#4122,#5709);
#5709 = DEFINITIONAL_REPRESENTATION('',(#5710),#5714);
#5710 = LINE('',#5711,#5712);
#5711 = CARTESIAN_POINT('',(2.154836569402,7.8));
#5712 = VECTOR('',#5713,1.);
#5713 = DIRECTION('',(0.,-1.));
#5714 = ( GEOMETRIC_REPRESENTATION_CONTEXT(2) 
PARAMETRIC_REPRESENTATION_CONTEXT() REPRESENTATION_CONTEXT('2D SPACE',''
  ) );
#5715 = PCURVE('',#4502,#5716);
#5716 = DEFINITIONAL_REPRESENTATION('',(#5717),#5721);
#5717 = LINE('',#5718,#5719);
#5718 = CARTESIAN_POINT('',(-1.513093181762,0.));
#5719 = VECTOR('',#5720,1.);
#5720 = DIRECTION('',(0.,-1.));
#5721 = ( GEOMETRIC_REPRESENTATION_CONTEXT(2) 
PARAMETRIC_REPRESENTATION_CONTEXT() REPRESENTATION_CONTEXT('2D SPACE',''
  ) );
#5722 = ORIENTED_EDGE('',*,*,#5723,.F.);
#5723 = EDGE_CURVE('',#5724,#5701,#5726,.T.);
#5724 = VERTEX_POINT('',#5725);
#5725 = CARTESIAN_POINT('',(0.625681259449,7.85,3.936450774907));
#5726 = SURFACE_CURVE('',#5727,(#5732,#5739),.PCURVE_S1.);
#5727 = CIRCLE('',#5728,0.75);
#5728 = AXIS2_PLACEMENT_3D('',#5729,#5730,#5731);
#5729 = CARTESIAN_POINT('',(0.,7.85,4.35));
#5730 = DIRECTION('',(-0.,1.,0.));
#5731 = DIRECTION('',(1.,0.,0.));
#5732 = PCURVE('',#4122,#5733);
#5733 = DEFINITIONAL_REPRESENTATION('',(#5734),#5738);
#5734 = LINE('',#5735,#5736);
#5735 = CARTESIAN_POINT('',(3.14159265359,7.8));
#5736 = VECTOR('',#5737,1.);
#5737 = DIRECTION('',(-1.,0.));
#5738 = ( GEOMETRIC_REPRESENTATION_CONTEXT(2) 
PARAMETRIC_REPRESENTATION_CONTEXT() REPRESENTATION_CONTEXT('2D SPACE',''
  ) );
#5739 = PCURVE('',#4531,#5740);
#5740 = DEFINITIONAL_REPRESENTATION('',(#5741),#5745);
#5741 = CIRCLE('',#5742,0.75);
#5742 = AXIS2_PLACEMENT_2D('',#5743,#5744);
#5743 = CARTESIAN_POINT('',(0.,0.));
#5744 = DIRECTION('',(1.,0.));
#5745 = ( GEOMETRIC_REPRESENTATION_CONTEXT(2) 
PARAMETRIC_REPRESENTATION_CONTEXT() REPRESENTATION_CONTEXT('2D SPACE',''
  ) );
#5746 = ORIENTED_EDGE('',*,*,#5747,.T.);
#5747 = EDGE_CURVE('',#5724,#4822,#5748,.T.);
#5748 = SURFACE_CURVE('',#5749,(#5753,#5760),.PCURVE_S1.);
#5749 = LINE('',#5750,#5751);
#5750 = CARTESIAN_POINT('',(0.625681259449,7.85,3.936450774907));
#5751 = VECTOR('',#5752,1.);
#5752 = DIRECTION('',(0.,1.,0.));
#5753 = PCURVE('',#4122,#5754);
#5754 = DEFINITIONAL_REPRESENTATION('',(#5755),#5759);
#5755 = LINE('',#5756,#5757);
#5756 = CARTESIAN_POINT('',(2.557552410983,7.8));
#5757 = VECTOR('',#5758,1.);
#5758 = DIRECTION('',(0.,-1.));
#5759 = ( GEOMETRIC_REPRESENTATION_CONTEXT(2) 
PARAMETRIC_REPRESENTATION_CONTEXT() REPRESENTATION_CONTEXT('2D SPACE',''
  ) );
#5760 = PCURVE('',#4561,#5761);
#5761 = DEFINITIONAL_REPRESENTATION('',(#5762),#5766);
#5762 = LINE('',#5763,#5764);
#5763 = CARTESIAN_POINT('',(1.513093181762,0.));
#5764 = VECTOR('',#5765,1.);
#5765 = DIRECTION('',(0.,-1.));
#5766 = ( GEOMETRIC_REPRESENTATION_CONTEXT(2) 
PARAMETRIC_REPRESENTATION_CONTEXT() REPRESENTATION_CONTEXT('2D SPACE',''
  ) );
#5767 = ORIENTED_EDGE('',*,*,#4844,.T.);
#5768 = ORIENTED_EDGE('',*,*,#4167,.T.);
#5769 = ADVANCED_FACE('',(#5770),#4356,.T.);
#5770 = FACE_BOUND('',#5771,.T.);
#5771 = EDGE_LOOP('',(#5772,#5821,#5822,#5823,#5872));
#5772 = ORIENTED_EDGE('',*,*,#5773,.T.);
#5773 = EDGE_CURVE('',#5292,#4340,#5774,.T.);
#5774 = SURFACE_CURVE('',#5775,(#5782,#5811),.PCURVE_S1.);
#5775 = B_SPLINE_CURVE_WITH_KNOTS('',3,(#5776,#5777,#5778,#5779,#5780,
    #5781),.UNSPECIFIED.,.F.,.F.,(4,2,4),(7.843649201753E-04,
    1.175634019461E-03,1.566903118747E-03),.UNSPECIFIED.);
#5776 = CARTESIAN_POINT('',(-1.232454049785,15.65,3.329677984571));
#5777 = CARTESIAN_POINT('',(-1.324820695115,15.65,3.237311339241));
#5778 = CARTESIAN_POINT('',(-1.416733394675,15.597238303722,
    3.145398639681));
#5779 = CARTESIAN_POINT('',(-1.549288764264,15.410847733105,
    3.012843270092));
#5780 = CARTESIAN_POINT('',(-1.587197341538,15.282298934456,
    2.974934692818));
#5781 = CARTESIAN_POINT('',(-1.587197341538,15.15,2.974934692818));
#5782 = PCURVE('',#4356,#5783);
#5783 = DEFINITIONAL_REPRESENTATION('',(#5784),#5810);
#5784 = B_SPLINE_CURVE_WITH_KNOTS('',3,(#5785,#5786,#5787,#5788,#5789,
    #5790,#5791,#5792,#5793,#5794,#5795,#5796,#5797,#5798,#5799,#5800,
    #5801,#5802,#5803,#5804,#5805,#5806,#5807,#5808,#5809),
  .UNSPECIFIED.,.F.,.F.,(4,1,1,1,1,1,1,1,1,1,1,1,1,1,1,1,1,1,1,1,1,1,4),
  (7.843649201753E-04,8.199348382922E-04,8.555047564091E-04,
    8.91074674526E-04,9.266445926429E-04,9.622145107598E-04,
    9.977844288767E-04,1.033354346994E-03,1.06892426511E-03,
    1.104494183227E-03,1.140064101344E-03,1.175634019461E-03,
    1.211203937578E-03,1.246773855695E-03,1.282343773812E-03,
    1.317913691929E-03,1.353483610046E-03,1.389053528163E-03,
    1.424623446279E-03,1.460193364396E-03,1.495763282513E-03,
    1.53133320063E-03,1.566903118747E-03),.QUASI_UNIFORM_KNOTS.);
#5785 = CARTESIAN_POINT('',(2.4500823653,1.570796326795));
#5786 = CARTESIAN_POINT('',(2.449386487168,1.547152714978));
#5787 = CARTESIAN_POINT('',(2.448026477099,1.499874240497));
#5788 = CARTESIAN_POINT('',(2.446083260781,1.428944698849));
#5789 = CARTESIAN_POINT('',(2.444238696042,1.357957137659));
#5790 = CARTESIAN_POINT('',(2.442493611587,1.286893760102));
#5791 = CARTESIAN_POINT('',(2.440848373741,1.215747711758));
#5792 = CARTESIAN_POINT('',(2.439302922879,1.144519908416));
#5793 = CARTESIAN_POINT('',(2.437856915402,1.073210734649));
#5794 = CARTESIAN_POINT('',(2.436509863739,1.001816907541));
#5795 = CARTESIAN_POINT('',(2.435261086677,0.930312788287));
#5796 = CARTESIAN_POINT('',(2.434110341826,0.858689805041));
#5797 = CARTESIAN_POINT('',(2.433055854084,0.786781055206));
#5798 = CARTESIAN_POINT('',(2.432102025992,0.714889978462));
#5799 = CARTESIAN_POINT('',(2.43124922219,0.643315459454));
#5800 = CARTESIAN_POINT('',(2.430492485347,0.571876200693));
#5801 = CARTESIAN_POINT('',(2.429829125806,0.500540491791));
#5802 = CARTESIAN_POINT('',(2.429256640024,0.429252059975));
#5803 = CARTESIAN_POINT('',(2.428773232879,0.357970947953));
#5804 = CARTESIAN_POINT('',(2.428377656273,0.28665646883));
#5805 = CARTESIAN_POINT('',(2.42806923593,0.215265797068));
#5806 = CARTESIAN_POINT('',(2.427847884732,0.143747659544));
#5807 = CARTESIAN_POINT('',(2.427714037356,7.204047807122E-02));
#5808 = CARTESIAN_POINT('',(2.427683992857,2.405272103372E-02));
#5809 = CARTESIAN_POINT('',(2.427683940078,0.));
#5810 = ( GEOMETRIC_REPRESENTATION_CONTEXT(2) 
PARAMETRIC_REPRESENTATION_CONTEXT() REPRESENTATION_CONTEXT('2D SPACE',''
  ) );
#5811 = PCURVE('',#4384,#5812);
#5812 = DEFINITIONAL_REPRESENTATION('',(#5813),#5820);
#5813 = B_SPLINE_CURVE_WITH_KNOTS('',3,(#5814,#5815,#5816,#5817,#5818,
    #5819),.UNSPECIFIED.,.F.,.F.,(4,2,4),(7.843649201753E-04,
    1.175634019461E-03,1.566903118747E-03),.UNSPECIFIED.);
#5814 = CARTESIAN_POINT('',(-0.654986872389,-7.8));
#5815 = CARTESIAN_POINT('',(-0.524360709852,-7.8));
#5816 = CARTESIAN_POINT('',(-0.394376523581,-7.747238303722));
#5817 = CARTESIAN_POINT('',(-0.206914922142,-7.560847733105));
#5818 = CARTESIAN_POINT('',(-0.153304098031,-7.432298934456));
#5819 = CARTESIAN_POINT('',(-0.153304098031,-7.3));
#5820 = ( GEOMETRIC_REPRESENTATION_CONTEXT(2) 
PARAMETRIC_REPRESENTATION_CONTEXT() REPRESENTATION_CONTEXT('2D SPACE',''
  ) );
#5821 = ORIENTED_EDGE('',*,*,#4339,.T.);
#5822 = ORIENTED_EDGE('',*,*,#5601,.T.);
#5823 = ORIENTED_EDGE('',*,*,#5824,.T.);
#5824 = EDGE_CURVE('',#5579,#5315,#5825,.T.);
#5825 = SURFACE_CURVE('',#5826,(#5833,#5862),.PCURVE_S1.);
#5826 = B_SPLINE_CURVE_WITH_KNOTS('',3,(#5827,#5828,#5829,#5830,#5831,
    #5832),.UNSPECIFIED.,.F.,.F.,(4,2,4),(1.97165671932E-07,
    3.917772435257E-04,7.833573213795E-04),.UNSPECIFIED.);
#5827 = CARTESIAN_POINT('',(-1.587197341538,15.15,5.725065307182));
#5828 = CARTESIAN_POINT('',(-1.587197341538,15.282398548944,
    5.725065307182));
#5829 = CARTESIAN_POINT('',(-1.548572031389,15.411844140656,
    5.686439997033));
#5830 = CARTESIAN_POINT('',(-1.417481201327,15.596198199582,
    5.555349166971));
#5831 = CARTESIAN_POINT('',(-1.324895582838,15.65,5.462763548482));
#5832 = CARTESIAN_POINT('',(-1.232454049785,15.65,5.370322015429));
#5833 = PCURVE('',#4356,#5834);
#5834 = DEFINITIONAL_REPRESENTATION('',(#5835),#5861);
#5835 = B_SPLINE_CURVE_WITH_KNOTS('',3,(#5836,#5837,#5838,#5839,#5840,
    #5841,#5842,#5843,#5844,#5845,#5846,#5847,#5848,#5849,#5850,#5851,
    #5852,#5853,#5854,#5855,#5856,#5857,#5858,#5859,#5860),
  .UNSPECIFIED.,.F.,.F.,(4,1,1,1,1,1,1,1,1,1,1,1,1,1,1,1,1,1,1,1,1,1,4),
  (1.97165671932E-07,3.579535456773E-05,7.139354346353E-05,
    1.069917323593E-04,1.425899212551E-04,1.781881101509E-04,
    2.137862990467E-04,2.493844879425E-04,2.849826768383E-04,
    3.205808657341E-04,3.561790546299E-04,3.917772435257E-04,
    4.273754324215E-04,4.629736213173E-04,4.985718102131E-04,
    5.341699991089E-04,5.697681880047E-04,6.053663769005E-04,
    6.409645657963E-04,6.765627546921E-04,7.121609435879E-04,
    7.477591324837E-04,7.833573213795E-04),.QUASI_UNIFORM_KNOTS.);
#5836 = CARTESIAN_POINT('',(3.855501367102,0.));
#5837 = CARTESIAN_POINT('',(3.855501313376,2.40700697323E-02));
#5838 = CARTESIAN_POINT('',(3.855470701044,7.212180658261E-02));
#5839 = CARTESIAN_POINT('',(3.855334749564,0.143994026997));
#5840 = CARTESIAN_POINT('',(3.855110489173,0.215730791766));
#5841 = CARTESIAN_POINT('',(3.854798795497,0.287366658287));
#5842 = CARTESIAN_POINT('',(3.854400033364,0.358920035786));
#5843 = CARTESIAN_POINT('',(3.853913998367,0.430395702577));
#5844 = CARTESIAN_POINT('',(3.853339953395,0.501792386071));
#5845 = CARTESIAN_POINT('',(3.852676626614,0.573108893461));
#5846 = CARTESIAN_POINT('',(3.851922218037,0.644352047604));
#5847 = CARTESIAN_POINT('',(3.851074362361,0.71553881236));
#5848 = CARTESIAN_POINT('',(3.850130211408,0.786718744944));
#5849 = CARTESIAN_POINT('',(3.849086035162,0.85791893095));
#5850 = CARTESIAN_POINT('',(3.847941546497,0.929161262929));
#5851 = CARTESIAN_POINT('',(3.846696598842,1.000480204021));
#5852 = CARTESIAN_POINT('',(3.845350898446,1.071868731821));
#5853 = CARTESIAN_POINT('',(3.843904191771,1.14330202086));
#5854 = CARTESIAN_POINT('',(3.842356336407,1.214741065038));
#5855 = CARTESIAN_POINT('',(3.84070742078,1.286142344552));
#5856 = CARTESIAN_POINT('',(3.838957877942,1.357465786367));
#5857 = CARTESIAN_POINT('',(3.837108661681,1.428684421993));
#5858 = CARTESIAN_POINT('',(3.835161281087,1.499788245743));
#5859 = CARTESIAN_POINT('',(3.833799396473,1.547134310449));
#5860 = CARTESIAN_POINT('',(3.83310294188,1.570796326795));
#5861 = ( GEOMETRIC_REPRESENTATION_CONTEXT(2) 
PARAMETRIC_REPRESENTATION_CONTEXT() REPRESENTATION_CONTEXT('2D SPACE',''
  ) );
#5862 = PCURVE('',#4061,#5863);
#5863 = DEFINITIONAL_REPRESENTATION('',(#5864),#5871);
#5864 = B_SPLINE_CURVE_WITH_KNOTS('',3,(#5865,#5866,#5867,#5868,#5869,
    #5870),.UNSPECIFIED.,.F.,.F.,(4,2,4),(1.97165671932E-07,
    3.917772435257E-04,7.833573213795E-04),.UNSPECIFIED.);
#5865 = CARTESIAN_POINT('',(0.153304098031,-7.3));
#5866 = CARTESIAN_POINT('',(0.153304098031,-7.432398548944));
#5867 = CARTESIAN_POINT('',(0.207928535495,-7.561844140656));
#5868 = CARTESIAN_POINT('',(0.393318965271,-7.746198199582));
#5869 = CARTESIAN_POINT('',(0.524254802619,-7.8));
#5870 = CARTESIAN_POINT('',(0.654986872389,-7.8));
#5871 = ( GEOMETRIC_REPRESENTATION_CONTEXT(2) 
PARAMETRIC_REPRESENTATION_CONTEXT() REPRESENTATION_CONTEXT('2D SPACE',''
  ) );
#5872 = ORIENTED_EDGE('',*,*,#5314,.T.);
#5873 = ADVANCED_FACE('',(#5874),#4033,.T.);
#5874 = FACE_BOUND('',#5875,.T.);
#5875 = EDGE_LOOP('',(#5876,#5877,#5898,#5899));
#5876 = ORIENTED_EDGE('',*,*,#5550,.F.);
#5877 = ORIENTED_EDGE('',*,*,#5878,.F.);
#5878 = EDGE_CURVE('',#3989,#5528,#5879,.T.);
#5879 = SURFACE_CURVE('',#5880,(#5884,#5891),.PCURVE_S1.);
#5880 = LINE('',#5881,#5882);
#5881 = CARTESIAN_POINT('',(-1.483467674484,7.85,6.045599708839));
#5882 = VECTOR('',#5883,1.);
#5883 = DIRECTION('',(-0.707106781187,0.,0.707106781187));
#5884 = PCURVE('',#4033,#5885);
#5885 = DEFINITIONAL_REPRESENTATION('',(#5886),#5890);
#5886 = LINE('',#5887,#5888);
#5887 = CARTESIAN_POINT('',(-1.483467674484,-1.695599708839));
#5888 = VECTOR('',#5889,1.);
#5889 = DIRECTION('',(-0.707106781187,-0.707106781187));
#5890 = ( GEOMETRIC_REPRESENTATION_CONTEXT(2) 
PARAMETRIC_REPRESENTATION_CONTEXT() REPRESENTATION_CONTEXT('2D SPACE',''
  ) );
#5891 = PCURVE('',#4004,#5892);
#5892 = DEFINITIONAL_REPRESENTATION('',(#5893),#5897);
#5893 = LINE('',#5894,#5895);
#5894 = CARTESIAN_POINT('',(0.,0.));
#5895 = VECTOR('',#5896,1.);
#5896 = DIRECTION('',(1.,0.));
#5897 = ( GEOMETRIC_REPRESENTATION_CONTEXT(2) 
PARAMETRIC_REPRESENTATION_CONTEXT() REPRESENTATION_CONTEXT('2D SPACE',''
  ) );
#5898 = ORIENTED_EDGE('',*,*,#4016,.F.);
#5899 = ORIENTED_EDGE('',*,*,#5900,.F.);
#5900 = EDGE_CURVE('',#5551,#4017,#5901,.T.);
#5901 = SURFACE_CURVE('',#5902,(#5906,#5913),.PCURVE_S1.);
#5902 = LINE('',#5903,#5904);
#5903 = CARTESIAN_POINT('',(-1.69559970884,7.85,5.833467674484));
#5904 = VECTOR('',#5905,1.);
#5905 = DIRECTION('',(0.707106781187,0.,-0.707106781187));
#5906 = PCURVE('',#4033,#5907);
#5907 = DEFINITIONAL_REPRESENTATION('',(#5908),#5912);
#5908 = LINE('',#5909,#5910);
#5909 = CARTESIAN_POINT('',(-1.69559970884,-1.483467674484));
#5910 = VECTOR('',#5911,1.);
#5911 = DIRECTION('',(0.707106781187,0.707106781187));
#5912 = ( GEOMETRIC_REPRESENTATION_CONTEXT(2) 
PARAMETRIC_REPRESENTATION_CONTEXT() REPRESENTATION_CONTEXT('2D SPACE',''
  ) );
#5913 = PCURVE('',#4061,#5914);
#5914 = DEFINITIONAL_REPRESENTATION('',(#5915),#5919);
#5915 = LINE('',#5916,#5917);
#5916 = CARTESIAN_POINT('',(0.,0.));
#5917 = VECTOR('',#5918,1.);
#5918 = DIRECTION('',(1.,0.));
#5919 = ( GEOMETRIC_REPRESENTATION_CONTEXT(2) 
PARAMETRIC_REPRESENTATION_CONTEXT() REPRESENTATION_CONTEXT('2D SPACE',''
  ) );
#5920 = ADVANCED_FACE('',(#5921),#4061,.F.);
#5921 = FACE_BOUND('',#5922,.T.);
#5922 = EDGE_LOOP('',(#5923,#5924,#5925,#5926,#5927));
#5923 = ORIENTED_EDGE('',*,*,#5824,.F.);
#5924 = ORIENTED_EDGE('',*,*,#5578,.T.);
#5925 = ORIENTED_EDGE('',*,*,#5900,.T.);
#5926 = ORIENTED_EDGE('',*,*,#4045,.T.);
#5927 = ORIENTED_EDGE('',*,*,#5342,.F.);
#5928 = ADVANCED_FACE('',(#5929),#4004,.F.);
#5929 = FACE_BOUND('',#5930,.T.);
#5930 = EDGE_LOOP('',(#5931,#5932,#5933,#5934,#5935));
#5931 = ORIENTED_EDGE('',*,*,#5878,.T.);
#5932 = ORIENTED_EDGE('',*,*,#5527,.T.);
#5933 = ORIENTED_EDGE('',*,*,#5213,.F.);
#5934 = ORIENTED_EDGE('',*,*,#4946,.F.);
#5935 = ORIENTED_EDGE('',*,*,#3988,.F.);
#5936 = ADVANCED_FACE('',(#5937),#3915,.T.);
#5937 = FACE_BOUND('',#5938,.T.);
#5938 = EDGE_LOOP('',(#5939,#5940,#5961,#5962));
#5939 = ORIENTED_EDGE('',*,*,#5477,.F.);
#5940 = ORIENTED_EDGE('',*,*,#5941,.F.);
#5941 = EDGE_CURVE('',#3864,#5455,#5942,.T.);
#5942 = SURFACE_CURVE('',#5943,(#5947,#5954),.PCURVE_S1.);
#5943 = LINE('',#5944,#5945);
#5944 = CARTESIAN_POINT('',(1.69559970884,7.85,5.833467674484));
#5945 = VECTOR('',#5946,1.);
#5946 = DIRECTION('',(0.707106781187,0.,0.707106781187));
#5947 = PCURVE('',#3915,#5948);
#5948 = DEFINITIONAL_REPRESENTATION('',(#5949),#5953);
#5949 = LINE('',#5950,#5951);
#5950 = CARTESIAN_POINT('',(1.69559970884,-1.483467674484));
#5951 = VECTOR('',#5952,1.);
#5952 = DIRECTION('',(0.707106781187,-0.707106781187));
#5953 = ( GEOMETRIC_REPRESENTATION_CONTEXT(2) 
PARAMETRIC_REPRESENTATION_CONTEXT() REPRESENTATION_CONTEXT('2D SPACE',''
  ) );
#5954 = PCURVE('',#3886,#5955);
#5955 = DEFINITIONAL_REPRESENTATION('',(#5956),#5960);
#5956 = LINE('',#5957,#5958);
#5957 = CARTESIAN_POINT('',(0.,0.));
#5958 = VECTOR('',#5959,1.);
#5959 = DIRECTION('',(1.,0.));
#5960 = ( GEOMETRIC_REPRESENTATION_CONTEXT(2) 
PARAMETRIC_REPRESENTATION_CONTEXT() REPRESENTATION_CONTEXT('2D SPACE',''
  ) );
#5961 = ORIENTED_EDGE('',*,*,#3898,.F.);
#5962 = ORIENTED_EDGE('',*,*,#5963,.F.);
#5963 = EDGE_CURVE('',#5478,#3899,#5964,.T.);
#5964 = SURFACE_CURVE('',#5965,(#5969,#5976),.PCURVE_S1.);
#5965 = LINE('',#5966,#5967);
#5966 = CARTESIAN_POINT('',(1.483467674484,7.85,6.04559970884));
#5967 = VECTOR('',#5968,1.);
#5968 = DIRECTION('',(-0.707106781187,0.,-0.707106781187));
#5969 = PCURVE('',#3915,#5970);
#5970 = DEFINITIONAL_REPRESENTATION('',(#5971),#5975);
#5971 = LINE('',#5972,#5973);
#5972 = CARTESIAN_POINT('',(1.483467674484,-1.69559970884));
#5973 = VECTOR('',#5974,1.);
#5974 = DIRECTION('',(-0.707106781187,0.707106781187));
#5975 = ( GEOMETRIC_REPRESENTATION_CONTEXT(2) 
PARAMETRIC_REPRESENTATION_CONTEXT() REPRESENTATION_CONTEXT('2D SPACE',''
  ) );
#5976 = PCURVE('',#3943,#5977);
#5977 = DEFINITIONAL_REPRESENTATION('',(#5978),#5982);
#5978 = LINE('',#5979,#5980);
#5979 = CARTESIAN_POINT('',(0.,0.));
#5980 = VECTOR('',#5981,1.);
#5981 = DIRECTION('',(1.,-0.));
#5982 = ( GEOMETRIC_REPRESENTATION_CONTEXT(2) 
PARAMETRIC_REPRESENTATION_CONTEXT() REPRESENTATION_CONTEXT('2D SPACE',''
  ) );
#5983 = ADVANCED_FACE('',(#5984),#3943,.F.);
#5984 = FACE_BOUND('',#5985,.T.);
#5985 = EDGE_LOOP('',(#5986,#5987,#5988,#5989,#5990));
#5986 = ORIENTED_EDGE('',*,*,#5161,.F.);
#5987 = ORIENTED_EDGE('',*,*,#5505,.T.);
#5988 = ORIENTED_EDGE('',*,*,#5963,.T.);
#5989 = ORIENTED_EDGE('',*,*,#3927,.T.);
#5990 = ORIENTED_EDGE('',*,*,#4922,.F.);
#5991 = ADVANCED_FACE('',(#5992),#3886,.F.);
#5992 = FACE_BOUND('',#5993,.T.);
#5993 = EDGE_LOOP('',(#5994,#5995,#5996,#5997,#5998));
#5994 = ORIENTED_EDGE('',*,*,#5941,.T.);
#5995 = ORIENTED_EDGE('',*,*,#5454,.T.);
#5996 = ORIENTED_EDGE('',*,*,#4657,.F.);
#5997 = ORIENTED_EDGE('',*,*,#4871,.F.);
#5998 = ORIENTED_EDGE('',*,*,#3863,.F.);
#5999 = ADVANCED_FACE('',(#6000),#4531,.T.);
#6000 = FACE_BOUND('',#6001,.T.);
#6001 = EDGE_LOOP('',(#6002,#6003,#6024,#6025));
#6002 = ORIENTED_EDGE('',*,*,#4514,.F.);
#6003 = ORIENTED_EDGE('',*,*,#6004,.F.);
#6004 = EDGE_CURVE('',#5701,#4487,#6005,.T.);
#6005 = SURFACE_CURVE('',#6006,(#6010,#6017),.PCURVE_S1.);
#6006 = LINE('',#6007,#6008);
#6007 = CARTESIAN_POINT('',(1.483467674484,7.85,2.654400291161));
#6008 = VECTOR('',#6009,1.);
#6009 = DIRECTION('',(0.707106781187,0.,-0.707106781187));
#6010 = PCURVE('',#4531,#6011);
#6011 = DEFINITIONAL_REPRESENTATION('',(#6012),#6016);
#6012 = LINE('',#6013,#6014);
#6013 = CARTESIAN_POINT('',(1.483467674484,1.695599708839));
#6014 = VECTOR('',#6015,1.);
#6015 = DIRECTION('',(0.707106781187,0.707106781187));
#6016 = ( GEOMETRIC_REPRESENTATION_CONTEXT(2) 
PARAMETRIC_REPRESENTATION_CONTEXT() REPRESENTATION_CONTEXT('2D SPACE',''
  ) );
#6017 = PCURVE('',#4502,#6018);
#6018 = DEFINITIONAL_REPRESENTATION('',(#6019),#6023);
#6019 = LINE('',#6020,#6021);
#6020 = CARTESIAN_POINT('',(0.,0.));
#6021 = VECTOR('',#6022,1.);
#6022 = DIRECTION('',(1.,0.));
#6023 = ( GEOMETRIC_REPRESENTATION_CONTEXT(2) 
PARAMETRIC_REPRESENTATION_CONTEXT() REPRESENTATION_CONTEXT('2D SPACE',''
  ) );
#6024 = ORIENTED_EDGE('',*,*,#5723,.F.);
#6025 = ORIENTED_EDGE('',*,*,#6026,.F.);
#6026 = EDGE_CURVE('',#4515,#5724,#6027,.T.);
#6027 = SURFACE_CURVE('',#6028,(#6032,#6039),.PCURVE_S1.);
#6028 = LINE('',#6029,#6030);
#6029 = CARTESIAN_POINT('',(1.69559970884,7.85,2.866532325516));
#6030 = VECTOR('',#6031,1.);
#6031 = DIRECTION('',(-0.707106781187,0.,0.707106781187));
#6032 = PCURVE('',#4531,#6033);
#6033 = DEFINITIONAL_REPRESENTATION('',(#6034),#6038);
#6034 = LINE('',#6035,#6036);
#6035 = CARTESIAN_POINT('',(1.69559970884,1.483467674484));
#6036 = VECTOR('',#6037,1.);
#6037 = DIRECTION('',(-0.707106781187,-0.707106781187));
#6038 = ( GEOMETRIC_REPRESENTATION_CONTEXT(2) 
PARAMETRIC_REPRESENTATION_CONTEXT() REPRESENTATION_CONTEXT('2D SPACE',''
  ) );
#6039 = PCURVE('',#4561,#6040);
#6040 = DEFINITIONAL_REPRESENTATION('',(#6041),#6045);
#6041 = LINE('',#6042,#6043);
#6042 = CARTESIAN_POINT('',(0.,0.));
#6043 = VECTOR('',#6044,1.);
#6044 = DIRECTION('',(1.,0.));
#6045 = ( GEOMETRIC_REPRESENTATION_CONTEXT(2) 
PARAMETRIC_REPRESENTATION_CONTEXT() REPRESENTATION_CONTEXT('2D SPACE',''
  ) );
#6046 = ADVANCED_FACE('',(#6047),#4561,.F.);
#6047 = FACE_BOUND('',#6048,.T.);
#6048 = EDGE_LOOP('',(#6049,#6050,#6051,#6052,#6053));
#6049 = ORIENTED_EDGE('',*,*,#5108,.F.);
#6050 = ORIENTED_EDGE('',*,*,#4547,.T.);
#6051 = ORIENTED_EDGE('',*,*,#6026,.T.);
#6052 = ORIENTED_EDGE('',*,*,#5747,.T.);
#6053 = ORIENTED_EDGE('',*,*,#4819,.F.);
#6054 = ADVANCED_FACE('',(#6055),#4502,.F.);
#6055 = FACE_BOUND('',#6056,.T.);
#6056 = EDGE_LOOP('',(#6057,#6058,#6059,#6060,#6061));
#6057 = ORIENTED_EDGE('',*,*,#6004,.T.);
#6058 = ORIENTED_EDGE('',*,*,#4486,.T.);
#6059 = ORIENTED_EDGE('',*,*,#5053,.F.);
#6060 = ORIENTED_EDGE('',*,*,#4767,.F.);
#6061 = ORIENTED_EDGE('',*,*,#5700,.F.);
#6062 = ADVANCED_FACE('',(#6063),#4413,.T.);
#6063 = FACE_BOUND('',#6064,.T.);
#6064 = EDGE_LOOP('',(#6065,#6066,#6087,#6088));
#6065 = ORIENTED_EDGE('',*,*,#4396,.F.);
#6066 = ORIENTED_EDGE('',*,*,#6067,.F.);
#6067 = EDGE_CURVE('',#5632,#4369,#6068,.T.);
#6068 = SURFACE_CURVE('',#6069,(#6073,#6080),.PCURVE_S1.);
#6069 = LINE('',#6070,#6071);
#6070 = CARTESIAN_POINT('',(-1.695599708839,7.85,2.866532325516));
#6071 = VECTOR('',#6072,1.);
#6072 = DIRECTION('',(-0.707106781187,0.,-0.707106781187));
#6073 = PCURVE('',#4413,#6074);
#6074 = DEFINITIONAL_REPRESENTATION('',(#6075),#6079);
#6075 = LINE('',#6076,#6077);
#6076 = CARTESIAN_POINT('',(-1.695599708839,1.483467674484));
#6077 = VECTOR('',#6078,1.);
#6078 = DIRECTION('',(-0.707106781187,0.707106781187));
#6079 = ( GEOMETRIC_REPRESENTATION_CONTEXT(2) 
PARAMETRIC_REPRESENTATION_CONTEXT() REPRESENTATION_CONTEXT('2D SPACE',''
  ) );
#6080 = PCURVE('',#4384,#6081);
#6081 = DEFINITIONAL_REPRESENTATION('',(#6082),#6086);
#6082 = LINE('',#6083,#6084);
#6083 = CARTESIAN_POINT('',(0.,0.));
#6084 = VECTOR('',#6085,1.);
#6085 = DIRECTION('',(1.,-0.));
#6086 = ( GEOMETRIC_REPRESENTATION_CONTEXT(2) 
PARAMETRIC_REPRESENTATION_CONTEXT() REPRESENTATION_CONTEXT('2D SPACE',''
  ) );
#6087 = ORIENTED_EDGE('',*,*,#5654,.F.);
#6088 = ORIENTED_EDGE('',*,*,#6089,.F.);
#6089 = EDGE_CURVE('',#4397,#5655,#6090,.T.);
#6090 = SURFACE_CURVE('',#6091,(#6095,#6102),.PCURVE_S1.);
#6091 = LINE('',#6092,#6093);
#6092 = CARTESIAN_POINT('',(-1.483467674484,7.85,2.654400291161));
#6093 = VECTOR('',#6094,1.);
#6094 = DIRECTION('',(0.707106781187,0.,0.707106781187));
#6095 = PCURVE('',#4413,#6096);
#6096 = DEFINITIONAL_REPRESENTATION('',(#6097),#6101);
#6097 = LINE('',#6098,#6099);
#6098 = CARTESIAN_POINT('',(-1.483467674484,1.695599708839));
#6099 = VECTOR('',#6100,1.);
#6100 = DIRECTION('',(0.707106781187,-0.707106781187));
#6101 = ( GEOMETRIC_REPRESENTATION_CONTEXT(2) 
PARAMETRIC_REPRESENTATION_CONTEXT() REPRESENTATION_CONTEXT('2D SPACE',''
  ) );
#6102 = PCURVE('',#4445,#6103);
#6103 = DEFINITIONAL_REPRESENTATION('',(#6104),#6108);
#6104 = LINE('',#6105,#6106);
#6105 = CARTESIAN_POINT('',(0.,0.));
#6106 = VECTOR('',#6107,1.);
#6107 = DIRECTION('',(1.,0.));
#6108 = ( GEOMETRIC_REPRESENTATION_CONTEXT(2) 
PARAMETRIC_REPRESENTATION_CONTEXT() REPRESENTATION_CONTEXT('2D SPACE',''
  ) );
#6109 = ADVANCED_FACE('',(#6110),#4445,.F.);
#6110 = FACE_BOUND('',#6111,.T.);
#6111 = EDGE_LOOP('',(#6112,#6113,#6114,#6115,#6116));
#6112 = ORIENTED_EDGE('',*,*,#5003,.F.);
#6113 = ORIENTED_EDGE('',*,*,#4429,.T.);
#6114 = ORIENTED_EDGE('',*,*,#6089,.T.);
#6115 = ORIENTED_EDGE('',*,*,#5678,.T.);
#6116 = ORIENTED_EDGE('',*,*,#4709,.F.);
#6117 = ADVANCED_FACE('',(#6118),#4384,.F.);
#6118 = FACE_BOUND('',#6119,.T.);
#6119 = EDGE_LOOP('',(#6120,#6121,#6122,#6123,#6124));
#6120 = ORIENTED_EDGE('',*,*,#6067,.T.);
#6121 = ORIENTED_EDGE('',*,*,#4368,.T.);
#6122 = ORIENTED_EDGE('',*,*,#5773,.F.);
#6123 = ORIENTED_EDGE('',*,*,#5289,.F.);
#6124 = ORIENTED_EDGE('',*,*,#5631,.F.);
#6125 = ( GEOMETRIC_REPRESENTATION_CONTEXT(3) 
GLOBAL_UNCERTAINTY_ASSIGNED_CONTEXT((#6129)) 
GLOBAL_UNIT_ASSIGNED_CONTEXT((#6126,#6127,#6128)) REPRESENTATION_CONTEXT
('Context #1','3D Context with UNIT and UNCERTAINTY') );
#6126 = ( LENGTH_UNIT() NAMED_UNIT(*) SI_UNIT(.MILLI.,.METRE.) );
#6127 = ( NAMED_UNIT(*) PLANE_ANGLE_UNIT() SI_UNIT($,.RADIAN.) );
#6128 = ( NAMED_UNIT(*) SI_UNIT($,.STERADIAN.) SOLID_ANGLE_UNIT() );
#6129 = UNCERTAINTY_MEASURE_WITH_UNIT(LENGTH_MEASURE(1.E-04),#6126,
  'distance_accuracy_value','confusion accuracy');
#6130 = PRODUCT_RELATED_PRODUCT_CATEGORY('part',$,(#3853));
#6131 = SHAPE_DEFINITION_REPRESENTATION(#6132,#6138);
#6132 = PRODUCT_DEFINITION_SHAPE('','',#6133);
#6133 = PRODUCT_DEFINITION('design','',#6134,#6137);
#6134 = PRODUCT_DEFINITION_FORMATION('','',#6135);
#6135 = PRODUCT('Housing','Housing','',(#6136));
#6136 = PRODUCT_CONTEXT('',#2,'mechanical');
#6137 = PRODUCT_DEFINITION_CONTEXT('part definition',#2,'design');
#6138 = ADVANCED_BREP_SHAPE_REPRESENTATION('',(#11,#6139),#15378);
#6139 = MANIFOLD_SOLID_BREP('',#6140);
#6140 = CLOSED_SHELL('',(#6141,#6711,#7229,#7300,#7442,#7518,#7793,#7874
    ,#7997,#8024,#8074,#8123,#8151,#8178,#8343,#8481,#8557,#8822,#8898,
    #8947,#8974,#9002,#9029,#9062,#9091,#9162,#9238,#9324,#9568,#9639,
    #9688,#9737,#9786,#9835,#9884,#9933,#9960,#9987,#10014,#10041,#10068
    ,#10095,#10122,#10149,#10176,#10203,#10210,#10237,#10264,#10295,
    #10322,#10349,#10376,#10405,#10606,#10683,#11080,#11156,#12022,
    #12642,#12757,#12875,#12944,#13185,#13262,#13338,#13365,#13441,
    #13522,#13549,#13576,#13603,#13658,#13826,#14002,#14056,#14523,
    #14626,#14653,#14680,#14756,#14827,#14854,#14881,#14924,#14951,
    #14958,#14985,#15012,#15039,#15066,#15073,#15102,#15129,#15156,
    #15183,#15214,#15241,#15248,#15319,#15345,#15372));
#6141 = ADVANCED_FACE('',(#6142,#6261),#6156,.F.);
#6142 = FACE_BOUND('',#6143,.T.);
#6143 = EDGE_LOOP('',(#6144,#6179,#6207,#6235));
#6144 = ORIENTED_EDGE('',*,*,#6145,.F.);
#6145 = EDGE_CURVE('',#6146,#6148,#6150,.T.);
#6146 = VERTEX_POINT('',#6147);
#6147 = CARTESIAN_POINT('',(-3.55,15.75,0.3));
#6148 = VERTEX_POINT('',#6149);
#6149 = CARTESIAN_POINT('',(-1.200372396695,15.75,0.3));
#6150 = SURFACE_CURVE('',#6151,(#6155,#6167),.PCURVE_S1.);
#6151 = LINE('',#6152,#6153);
#6152 = CARTESIAN_POINT('',(-3.55,15.75,0.3));
#6153 = VECTOR('',#6154,1.);
#6154 = DIRECTION('',(1.,-9.085942460626E-17,0.));
#6155 = PCURVE('',#6156,#6161);
#6156 = PLANE('',#6157);
#6157 = AXIS2_PLACEMENT_3D('',#6158,#6159,#6160);
#6158 = CARTESIAN_POINT('',(10.438960762841,-0.256213597756,0.3));
#6159 = DIRECTION('',(0.,0.,1.));
#6160 = DIRECTION('',(0.,1.,0.));
#6161 = DEFINITIONAL_REPRESENTATION('',(#6162),#6166);
#6162 = LINE('',#6163,#6164);
#6163 = CARTESIAN_POINT('',(16.006213597756,13.988960762841));
#6164 = VECTOR('',#6165,1.);
#6165 = DIRECTION('',(-9.085942460626E-17,-1.));
#6166 = ( GEOMETRIC_REPRESENTATION_CONTEXT(2) 
PARAMETRIC_REPRESENTATION_CONTEXT() REPRESENTATION_CONTEXT('2D SPACE',''
  ) );
#6167 = PCURVE('',#6168,#6173);
#6168 = PLANE('',#6169);
#6169 = AXIS2_PLACEMENT_3D('',#6170,#6171,#6172);
#6170 = CARTESIAN_POINT('',(-3.55,15.75,11.925877208018));
#6171 = DIRECTION('',(9.085942460626E-17,1.,0.));
#6172 = DIRECTION('',(-1.,9.085942460626E-17,0.));
#6173 = DEFINITIONAL_REPRESENTATION('',(#6174),#6178);
#6174 = LINE('',#6175,#6176);
#6175 = CARTESIAN_POINT('',(0.,-11.62587720801));
#6176 = VECTOR('',#6177,1.);
#6177 = DIRECTION('',(-1.,0.));
#6178 = ( GEOMETRIC_REPRESENTATION_CONTEXT(2) 
PARAMETRIC_REPRESENTATION_CONTEXT() REPRESENTATION_CONTEXT('2D SPACE',''
  ) );
#6179 = ORIENTED_EDGE('',*,*,#6180,.F.);
#6180 = EDGE_CURVE('',#6181,#6146,#6183,.T.);
#6181 = VERTEX_POINT('',#6182);
#6182 = CARTESIAN_POINT('',(-3.55,7.5,0.3));
#6183 = SURFACE_CURVE('',#6184,(#6188,#6195),.PCURVE_S1.);
#6184 = LINE('',#6185,#6186);
#6185 = CARTESIAN_POINT('',(-3.55,15.75,0.3));
#6186 = VECTOR('',#6187,1.);
#6187 = DIRECTION('',(1.051347561198E-16,1.,0.));
#6188 = PCURVE('',#6156,#6189);
#6189 = DEFINITIONAL_REPRESENTATION('',(#6190),#6194);
#6190 = LINE('',#6191,#6192);
#6191 = CARTESIAN_POINT('',(16.006213597756,13.988960762841));
#6192 = VECTOR('',#6193,1.);
#6193 = DIRECTION('',(1.,-1.051347561198E-16));
#6194 = ( GEOMETRIC_REPRESENTATION_CONTEXT(2) 
PARAMETRIC_REPRESENTATION_CONTEXT() REPRESENTATION_CONTEXT('2D SPACE',''
  ) );
#6195 = PCURVE('',#6196,#6201);
#6196 = PLANE('',#6197);
#6197 = AXIS2_PLACEMENT_3D('',#6198,#6199,#6200);
#6198 = CARTESIAN_POINT('',(-3.55,15.75,11.925877208018));
#6199 = DIRECTION('',(-1.,1.051347561198E-16,0.));
#6200 = DIRECTION('',(-1.051347561198E-16,-1.,0.));
#6201 = DEFINITIONAL_REPRESENTATION('',(#6202),#6206);
#6202 = LINE('',#6203,#6204);
#6203 = CARTESIAN_POINT('',(-0.,-11.62587720801));
#6204 = VECTOR('',#6205,1.);
#6205 = DIRECTION('',(-1.,0.));
#6206 = ( GEOMETRIC_REPRESENTATION_CONTEXT(2) 
PARAMETRIC_REPRESENTATION_CONTEXT() REPRESENTATION_CONTEXT('2D SPACE',''
  ) );
#6207 = ORIENTED_EDGE('',*,*,#6208,.F.);
#6208 = EDGE_CURVE('',#6209,#6181,#6211,.T.);
#6209 = VERTEX_POINT('',#6210);
#6210 = CARTESIAN_POINT('',(-1.200372396695,7.5,0.3));
#6211 = SURFACE_CURVE('',#6212,(#6216,#6223),.PCURVE_S1.);
#6212 = LINE('',#6213,#6214);
#6213 = CARTESIAN_POINT('',(-3.55,7.5,0.3));
#6214 = VECTOR('',#6215,1.);
#6215 = DIRECTION('',(-1.,0.,0.));
#6216 = PCURVE('',#6156,#6217);
#6217 = DEFINITIONAL_REPRESENTATION('',(#6218),#6222);
#6218 = LINE('',#6219,#6220);
#6219 = CARTESIAN_POINT('',(7.756213597756,13.988960762841));
#6220 = VECTOR('',#6221,1.);
#6221 = DIRECTION('',(0.,1.));
#6222 = ( GEOMETRIC_REPRESENTATION_CONTEXT(2) 
PARAMETRIC_REPRESENTATION_CONTEXT() REPRESENTATION_CONTEXT('2D SPACE',''
  ) );
#6223 = PCURVE('',#6224,#6229);
#6224 = PLANE('',#6225);
#6225 = AXIS2_PLACEMENT_3D('',#6226,#6227,#6228);
#6226 = CARTESIAN_POINT('',(-3.55,7.5,11.925877208018));
#6227 = DIRECTION('',(0.,-1.,0.));
#6228 = DIRECTION('',(1.,0.,0.));
#6229 = DEFINITIONAL_REPRESENTATION('',(#6230),#6234);
#6230 = LINE('',#6231,#6232);
#6231 = CARTESIAN_POINT('',(0.,-11.62587720801));
#6232 = VECTOR('',#6233,1.);
#6233 = DIRECTION('',(-1.,0.));
#6234 = ( GEOMETRIC_REPRESENTATION_CONTEXT(2) 
PARAMETRIC_REPRESENTATION_CONTEXT() REPRESENTATION_CONTEXT('2D SPACE',''
  ) );
#6235 = ORIENTED_EDGE('',*,*,#6236,.F.);
#6236 = EDGE_CURVE('',#6148,#6209,#6237,.T.);
#6237 = SURFACE_CURVE('',#6238,(#6242,#6249),.PCURVE_S1.);
#6238 = LINE('',#6239,#6240);
#6239 = CARTESIAN_POINT('',(-1.200372396695,15.35,0.3));
#6240 = VECTOR('',#6241,1.);
#6241 = DIRECTION('',(0.,-1.,0.));
#6242 = PCURVE('',#6156,#6243);
#6243 = DEFINITIONAL_REPRESENTATION('',(#6244),#6248);
#6244 = LINE('',#6245,#6246);
#6245 = CARTESIAN_POINT('',(15.606213597756,11.639333159536));
#6246 = VECTOR('',#6247,1.);
#6247 = DIRECTION('',(-1.,0.));
#6248 = ( GEOMETRIC_REPRESENTATION_CONTEXT(2) 
PARAMETRIC_REPRESENTATION_CONTEXT() REPRESENTATION_CONTEXT('2D SPACE',''
  ) );
#6249 = PCURVE('',#6250,#6255);
#6250 = PLANE('',#6251);
#6251 = AXIS2_PLACEMENT_3D('',#6252,#6253,#6254);
#6252 = CARTESIAN_POINT('',(-1.484078065285,7.65,0.549241519898));
#6253 = DIRECTION('',(-0.660001667961,0.,-0.751264133504));
#6254 = DIRECTION('',(-0.751264133504,0.,0.660001667961));
#6255 = DEFINITIONAL_REPRESENTATION('',(#6256),#6260);
#6256 = LINE('',#6257,#6258);
#6257 = CARTESIAN_POINT('',(-0.377637712141,7.7));
#6258 = VECTOR('',#6259,1.);
#6259 = DIRECTION('',(0.,-1.));
#6260 = ( GEOMETRIC_REPRESENTATION_CONTEXT(2) 
PARAMETRIC_REPRESENTATION_CONTEXT() REPRESENTATION_CONTEXT('2D SPACE',''
  ) );
#6261 = FACE_BOUND('',#6262,.T.);
#6262 = EDGE_LOOP('',(#6263,#6293,#6321,#6349,#6377,#6405,#6433,#6461,
    #6489,#6517,#6545,#6573,#6601,#6629,#6657,#6685));
#6263 = ORIENTED_EDGE('',*,*,#6264,.F.);
#6264 = EDGE_CURVE('',#6265,#6267,#6269,.T.);
#6265 = VERTEX_POINT('',#6266);
#6266 = CARTESIAN_POINT('',(10.85,15.85,0.3));
#6267 = VERTEX_POINT('',#6268);
#6268 = CARTESIAN_POINT('',(10.85,16.35,0.3));
#6269 = SURFACE_CURVE('',#6270,(#6274,#6281),.PCURVE_S1.);
#6270 = LINE('',#6271,#6272);
#6271 = CARTESIAN_POINT('',(10.85,16.35,0.3));
#6272 = VECTOR('',#6273,1.);
#6273 = DIRECTION('',(0.,1.,0.));
#6274 = PCURVE('',#6156,#6275);
#6275 = DEFINITIONAL_REPRESENTATION('',(#6276),#6280);
#6276 = LINE('',#6277,#6278);
#6277 = CARTESIAN_POINT('',(16.606213597756,-0.411039237159));
#6278 = VECTOR('',#6279,1.);
#6279 = DIRECTION('',(1.,0.));
#6280 = ( GEOMETRIC_REPRESENTATION_CONTEXT(2) 
PARAMETRIC_REPRESENTATION_CONTEXT() REPRESENTATION_CONTEXT('2D SPACE',''
  ) );
#6281 = PCURVE('',#6282,#6287);
#6282 = PLANE('',#6283);
#6283 = AXIS2_PLACEMENT_3D('',#6284,#6285,#6286);
#6284 = CARTESIAN_POINT('',(10.85,16.35,-0.707106781187));
#6285 = DIRECTION('',(1.,0.,0.));
#6286 = DIRECTION('',(0.,1.,0.));
#6287 = DEFINITIONAL_REPRESENTATION('',(#6288),#6292);
#6288 = LINE('',#6289,#6290);
#6289 = CARTESIAN_POINT('',(0.,1.007106781187));
#6290 = VECTOR('',#6291,1.);
#6291 = DIRECTION('',(1.,0.));
#6292 = ( GEOMETRIC_REPRESENTATION_CONTEXT(2) 
PARAMETRIC_REPRESENTATION_CONTEXT() REPRESENTATION_CONTEXT('2D SPACE',''
  ) );
#6293 = ORIENTED_EDGE('',*,*,#6294,.F.);
#6294 = EDGE_CURVE('',#6295,#6265,#6297,.T.);
#6295 = VERTEX_POINT('',#6296);
#6296 = CARTESIAN_POINT('',(11.35,15.85,0.3));
#6297 = SURFACE_CURVE('',#6298,(#6302,#6309),.PCURVE_S1.);
#6298 = LINE('',#6299,#6300);
#6299 = CARTESIAN_POINT('',(11.35,15.85,0.3));
#6300 = VECTOR('',#6301,1.);
#6301 = DIRECTION('',(-1.,-2.168404344971E-16,0.));
#6302 = PCURVE('',#6156,#6303);
#6303 = DEFINITIONAL_REPRESENTATION('',(#6304),#6308);
#6304 = LINE('',#6305,#6306);
#6305 = CARTESIAN_POINT('',(16.106213597756,-0.911039237159));
#6306 = VECTOR('',#6307,1.);
#6307 = DIRECTION('',(-2.168404344971E-16,1.));
#6308 = ( GEOMETRIC_REPRESENTATION_CONTEXT(2) 
PARAMETRIC_REPRESENTATION_CONTEXT() REPRESENTATION_CONTEXT('2D SPACE',''
  ) );
#6309 = PCURVE('',#6310,#6315);
#6310 = PLANE('',#6311);
#6311 = AXIS2_PLACEMENT_3D('',#6312,#6313,#6314);
#6312 = CARTESIAN_POINT('',(11.35,15.85,-0.707106781187));
#6313 = DIRECTION('',(-2.168404344971E-16,1.,0.));
#6314 = DIRECTION('',(-1.,-2.168404344971E-16,0.));
#6315 = DEFINITIONAL_REPRESENTATION('',(#6316),#6320);
#6316 = LINE('',#6317,#6318);
#6317 = CARTESIAN_POINT('',(0.,1.007106781187));
#6318 = VECTOR('',#6319,1.);
#6319 = DIRECTION('',(1.,0.));
#6320 = ( GEOMETRIC_REPRESENTATION_CONTEXT(2) 
PARAMETRIC_REPRESENTATION_CONTEXT() REPRESENTATION_CONTEXT('2D SPACE',''
  ) );
#6321 = ORIENTED_EDGE('',*,*,#6322,.T.);
#6322 = EDGE_CURVE('',#6295,#6323,#6325,.T.);
#6323 = VERTEX_POINT('',#6324);
#6324 = CARTESIAN_POINT('',(11.35,7.,0.3));
#6325 = SURFACE_CURVE('',#6326,(#6330,#6337),.PCURVE_S1.);
#6326 = LINE('',#6327,#6328);
#6327 = CARTESIAN_POINT('',(11.35,7.65,0.3));
#6328 = VECTOR('',#6329,1.);
#6329 = DIRECTION('',(0.,-1.,0.));
#6330 = PCURVE('',#6156,#6331);
#6331 = DEFINITIONAL_REPRESENTATION('',(#6332),#6336);
#6332 = LINE('',#6333,#6334);
#6333 = CARTESIAN_POINT('',(7.906213597756,-0.911039237159));
#6334 = VECTOR('',#6335,1.);
#6335 = DIRECTION('',(-1.,0.));
#6336 = ( GEOMETRIC_REPRESENTATION_CONTEXT(2) 
PARAMETRIC_REPRESENTATION_CONTEXT() REPRESENTATION_CONTEXT('2D SPACE',''
  ) );
#6337 = PCURVE('',#6338,#6343);
#6338 = PLANE('',#6339);
#6339 = AXIS2_PLACEMENT_3D('',#6340,#6341,#6342);
#6340 = CARTESIAN_POINT('',(11.35,7.65,-1.7763568394E-15));
#6341 = DIRECTION('',(1.,0.,0.));
#6342 = DIRECTION('',(0.,1.,0.));
#6343 = DEFINITIONAL_REPRESENTATION('',(#6344),#6348);
#6344 = LINE('',#6345,#6346);
#6345 = CARTESIAN_POINT('',(0.,0.3));
#6346 = VECTOR('',#6347,1.);
#6347 = DIRECTION('',(-1.,0.));
#6348 = ( GEOMETRIC_REPRESENTATION_CONTEXT(2) 
PARAMETRIC_REPRESENTATION_CONTEXT() REPRESENTATION_CONTEXT('2D SPACE',''
  ) );
#6349 = ORIENTED_EDGE('',*,*,#6350,.F.);
#6350 = EDGE_CURVE('',#6351,#6323,#6353,.T.);
#6351 = VERTEX_POINT('',#6352);
#6352 = CARTESIAN_POINT('',(9.85,7.,0.3));
#6353 = SURFACE_CURVE('',#6354,(#6358,#6365),.PCURVE_S1.);
#6354 = LINE('',#6355,#6356);
#6355 = CARTESIAN_POINT('',(11.35,7.,0.3));
#6356 = VECTOR('',#6357,1.);
#6357 = DIRECTION('',(1.,-0.,-0.));
#6358 = PCURVE('',#6156,#6359);
#6359 = DEFINITIONAL_REPRESENTATION('',(#6360),#6364);
#6360 = LINE('',#6361,#6362);
#6361 = CARTESIAN_POINT('',(7.256213597756,-0.911039237159));
#6362 = VECTOR('',#6363,1.);
#6363 = DIRECTION('',(0.,-1.));
#6364 = ( GEOMETRIC_REPRESENTATION_CONTEXT(2) 
PARAMETRIC_REPRESENTATION_CONTEXT() REPRESENTATION_CONTEXT('2D SPACE',''
  ) );
#6365 = PCURVE('',#6366,#6371);
#6366 = PLANE('',#6367);
#6367 = AXIS2_PLACEMENT_3D('',#6368,#6369,#6370);
#6368 = CARTESIAN_POINT('',(11.35,7.,-2.6645352591E-15));
#6369 = DIRECTION('',(0.,-1.,0.));
#6370 = DIRECTION('',(1.,0.,0.));
#6371 = DEFINITIONAL_REPRESENTATION('',(#6372),#6376);
#6372 = LINE('',#6373,#6374);
#6373 = CARTESIAN_POINT('',(0.,0.3));
#6374 = VECTOR('',#6375,1.);
#6375 = DIRECTION('',(1.,0.));
#6376 = ( GEOMETRIC_REPRESENTATION_CONTEXT(2) 
PARAMETRIC_REPRESENTATION_CONTEXT() REPRESENTATION_CONTEXT('2D SPACE',''
  ) );
#6377 = ORIENTED_EDGE('',*,*,#6378,.F.);
#6378 = EDGE_CURVE('',#6379,#6351,#6381,.T.);
#6379 = VERTEX_POINT('',#6380);
#6380 = CARTESIAN_POINT('',(9.85,5.,0.3));
#6381 = SURFACE_CURVE('',#6382,(#6386,#6393),.PCURVE_S1.);
#6382 = LINE('',#6383,#6384);
#6383 = CARTESIAN_POINT('',(9.85,7.,0.3));
#6384 = VECTOR('',#6385,1.);
#6385 = DIRECTION('',(0.,1.,0.));
#6386 = PCURVE('',#6156,#6387);
#6387 = DEFINITIONAL_REPRESENTATION('',(#6388),#6392);
#6388 = LINE('',#6389,#6390);
#6389 = CARTESIAN_POINT('',(7.256213597756,0.588960762841));
#6390 = VECTOR('',#6391,1.);
#6391 = DIRECTION('',(1.,0.));
#6392 = ( GEOMETRIC_REPRESENTATION_CONTEXT(2) 
PARAMETRIC_REPRESENTATION_CONTEXT() REPRESENTATION_CONTEXT('2D SPACE',''
  ) );
#6393 = PCURVE('',#6394,#6399);
#6394 = PLANE('',#6395);
#6395 = AXIS2_PLACEMENT_3D('',#6396,#6397,#6398);
#6396 = CARTESIAN_POINT('',(9.85,7.,-2.6645352591E-15));
#6397 = DIRECTION('',(1.,0.,0.));
#6398 = DIRECTION('',(0.,1.,0.));
#6399 = DEFINITIONAL_REPRESENTATION('',(#6400),#6404);
#6400 = LINE('',#6401,#6402);
#6401 = CARTESIAN_POINT('',(0.,0.3));
#6402 = VECTOR('',#6403,1.);
#6403 = DIRECTION('',(1.,0.));
#6404 = ( GEOMETRIC_REPRESENTATION_CONTEXT(2) 
PARAMETRIC_REPRESENTATION_CONTEXT() REPRESENTATION_CONTEXT('2D SPACE',''
  ) );
#6405 = ORIENTED_EDGE('',*,*,#6406,.F.);
#6406 = EDGE_CURVE('',#6407,#6379,#6409,.T.);
#6407 = VERTEX_POINT('',#6408);
#6408 = CARTESIAN_POINT('',(11.35,5.,0.3));
#6409 = SURFACE_CURVE('',#6410,(#6414,#6421),.PCURVE_S1.);
#6410 = LINE('',#6411,#6412);
#6411 = CARTESIAN_POINT('',(9.85,5.,0.3));
#6412 = VECTOR('',#6413,1.);
#6413 = DIRECTION('',(-1.,1.156482317318E-15,0.));
#6414 = PCURVE('',#6156,#6415);
#6415 = DEFINITIONAL_REPRESENTATION('',(#6416),#6420);
#6416 = LINE('',#6417,#6418);
#6417 = CARTESIAN_POINT('',(5.256213597757,0.588960762841));
#6418 = VECTOR('',#6419,1.);
#6419 = DIRECTION('',(1.156482317318E-15,1.));
#6420 = ( GEOMETRIC_REPRESENTATION_CONTEXT(2) 
PARAMETRIC_REPRESENTATION_CONTEXT() REPRESENTATION_CONTEXT('2D SPACE',''
  ) );
#6421 = PCURVE('',#6422,#6427);
#6422 = PLANE('',#6423);
#6423 = AXIS2_PLACEMENT_3D('',#6424,#6425,#6426);
#6424 = CARTESIAN_POINT('',(9.85,5.,-2.6645352591E-15));
#6425 = DIRECTION('',(1.156482317318E-15,1.,0.));
#6426 = DIRECTION('',(-1.,1.156482317318E-15,0.));
#6427 = DEFINITIONAL_REPRESENTATION('',(#6428),#6432);
#6428 = LINE('',#6429,#6430);
#6429 = CARTESIAN_POINT('',(0.,0.3));
#6430 = VECTOR('',#6431,1.);
#6431 = DIRECTION('',(1.,0.));
#6432 = ( GEOMETRIC_REPRESENTATION_CONTEXT(2) 
PARAMETRIC_REPRESENTATION_CONTEXT() REPRESENTATION_CONTEXT('2D SPACE',''
  ) );
#6433 = ORIENTED_EDGE('',*,*,#6434,.T.);
#6434 = EDGE_CURVE('',#6407,#6435,#6437,.T.);
#6435 = VERTEX_POINT('',#6436);
#6436 = CARTESIAN_POINT('',(11.35,2.3,0.3));
#6437 = SURFACE_CURVE('',#6438,(#6442,#6449),.PCURVE_S1.);
#6438 = LINE('',#6439,#6440);
#6439 = CARTESIAN_POINT('',(11.35,7.65,0.3));
#6440 = VECTOR('',#6441,1.);
#6441 = DIRECTION('',(0.,-1.,0.));
#6442 = PCURVE('',#6156,#6443);
#6443 = DEFINITIONAL_REPRESENTATION('',(#6444),#6448);
#6444 = LINE('',#6445,#6446);
#6445 = CARTESIAN_POINT('',(7.906213597756,-0.911039237159));
#6446 = VECTOR('',#6447,1.);
#6447 = DIRECTION('',(-1.,0.));
#6448 = ( GEOMETRIC_REPRESENTATION_CONTEXT(2) 
PARAMETRIC_REPRESENTATION_CONTEXT() REPRESENTATION_CONTEXT('2D SPACE',''
  ) );
#6449 = PCURVE('',#6450,#6455);
#6450 = PLANE('',#6451);
#6451 = AXIS2_PLACEMENT_3D('',#6452,#6453,#6454);
#6452 = CARTESIAN_POINT('',(11.35,7.65,-1.7763568394E-15));
#6453 = DIRECTION('',(1.,0.,0.));
#6454 = DIRECTION('',(0.,1.,0.));
#6455 = DEFINITIONAL_REPRESENTATION('',(#6456),#6460);
#6456 = LINE('',#6457,#6458);
#6457 = CARTESIAN_POINT('',(0.,0.3));
#6458 = VECTOR('',#6459,1.);
#6459 = DIRECTION('',(-1.,0.));
#6460 = ( GEOMETRIC_REPRESENTATION_CONTEXT(2) 
PARAMETRIC_REPRESENTATION_CONTEXT() REPRESENTATION_CONTEXT('2D SPACE',''
  ) );
#6461 = ORIENTED_EDGE('',*,*,#6462,.F.);
#6462 = EDGE_CURVE('',#6463,#6435,#6465,.T.);
#6463 = VERTEX_POINT('',#6464);
#6464 = CARTESIAN_POINT('',(-4.15,2.3,0.3));
#6465 = SURFACE_CURVE('',#6466,(#6470,#6477),.PCURVE_S1.);
#6466 = LINE('',#6467,#6468);
#6467 = CARTESIAN_POINT('',(11.35,2.3,0.3));
#6468 = VECTOR('',#6469,1.);
#6469 = DIRECTION('',(1.,-0.,-0.));
#6470 = PCURVE('',#6156,#6471);
#6471 = DEFINITIONAL_REPRESENTATION('',(#6472),#6476);
#6472 = LINE('',#6473,#6474);
#6473 = CARTESIAN_POINT('',(2.556213597756,-0.911039237159));
#6474 = VECTOR('',#6475,1.);
#6475 = DIRECTION('',(0.,-1.));
#6476 = ( GEOMETRIC_REPRESENTATION_CONTEXT(2) 
PARAMETRIC_REPRESENTATION_CONTEXT() REPRESENTATION_CONTEXT('2D SPACE',''
  ) );
#6477 = PCURVE('',#6478,#6483);
#6478 = PLANE('',#6479);
#6479 = AXIS2_PLACEMENT_3D('',#6480,#6481,#6482);
#6480 = CARTESIAN_POINT('',(10.35,2.3,7.4));
#6481 = DIRECTION('',(0.,-1.,0.));
#6482 = DIRECTION('',(1.,0.,0.));
#6483 = DEFINITIONAL_REPRESENTATION('',(#6484),#6488);
#6484 = LINE('',#6485,#6486);
#6485 = CARTESIAN_POINT('',(1.,-7.1));
#6486 = VECTOR('',#6487,1.);
#6487 = DIRECTION('',(1.,0.));
#6488 = ( GEOMETRIC_REPRESENTATION_CONTEXT(2) 
PARAMETRIC_REPRESENTATION_CONTEXT() REPRESENTATION_CONTEXT('2D SPACE',''
  ) );
#6489 = ORIENTED_EDGE('',*,*,#6490,.T.);
#6490 = EDGE_CURVE('',#6463,#6491,#6493,.T.);
#6491 = VERTEX_POINT('',#6492);
#6492 = CARTESIAN_POINT('',(-4.15,5.,0.3));
#6493 = SURFACE_CURVE('',#6494,(#6498,#6505),.PCURVE_S1.);
#6494 = LINE('',#6495,#6496);
#6495 = CARTESIAN_POINT('',(-4.15,1.65,0.3));
#6496 = VECTOR('',#6497,1.);
#6497 = DIRECTION('',(0.,1.,0.));
#6498 = PCURVE('',#6156,#6499);
#6499 = DEFINITIONAL_REPRESENTATION('',(#6500),#6504);
#6500 = LINE('',#6501,#6502);
#6501 = CARTESIAN_POINT('',(1.906213597756,14.588960762841));
#6502 = VECTOR('',#6503,1.);
#6503 = DIRECTION('',(1.,0.));
#6504 = ( GEOMETRIC_REPRESENTATION_CONTEXT(2) 
PARAMETRIC_REPRESENTATION_CONTEXT() REPRESENTATION_CONTEXT('2D SPACE',''
  ) );
#6505 = PCURVE('',#6506,#6511);
#6506 = PLANE('',#6507);
#6507 = AXIS2_PLACEMENT_3D('',#6508,#6509,#6510);
#6508 = CARTESIAN_POINT('',(-4.15,7.65,-1.7763568394E-15));
#6509 = DIRECTION('',(-1.,0.,0.));
#6510 = DIRECTION('',(0.,-1.,0.));
#6511 = DEFINITIONAL_REPRESENTATION('',(#6512),#6516);
#6512 = LINE('',#6513,#6514);
#6513 = CARTESIAN_POINT('',(6.,0.3));
#6514 = VECTOR('',#6515,1.);
#6515 = DIRECTION('',(-1.,0.));
#6516 = ( GEOMETRIC_REPRESENTATION_CONTEXT(2) 
PARAMETRIC_REPRESENTATION_CONTEXT() REPRESENTATION_CONTEXT('2D SPACE',''
  ) );
#6517 = ORIENTED_EDGE('',*,*,#6518,.F.);
#6518 = EDGE_CURVE('',#6519,#6491,#6521,.T.);
#6519 = VERTEX_POINT('',#6520);
#6520 = CARTESIAN_POINT('',(-2.65,5.,0.3));
#6521 = SURFACE_CURVE('',#6522,(#6526,#6533),.PCURVE_S1.);
#6522 = LINE('',#6523,#6524);
#6523 = CARTESIAN_POINT('',(-2.65,5.,0.3));
#6524 = VECTOR('',#6525,1.);
#6525 = DIRECTION('',(-1.,-1.156482317318E-15,0.));
#6526 = PCURVE('',#6156,#6527);
#6527 = DEFINITIONAL_REPRESENTATION('',(#6528),#6532);
#6528 = LINE('',#6529,#6530);
#6529 = CARTESIAN_POINT('',(5.256213597757,13.088960762841));
#6530 = VECTOR('',#6531,1.);
#6531 = DIRECTION('',(-1.156482317318E-15,1.));
#6532 = ( GEOMETRIC_REPRESENTATION_CONTEXT(2) 
PARAMETRIC_REPRESENTATION_CONTEXT() REPRESENTATION_CONTEXT('2D SPACE',''
  ) );
#6533 = PCURVE('',#6534,#6539);
#6534 = PLANE('',#6535);
#6535 = AXIS2_PLACEMENT_3D('',#6536,#6537,#6538);
#6536 = CARTESIAN_POINT('',(-2.65,5.,-2.6645352591E-15));
#6537 = DIRECTION('',(-1.156482317318E-15,1.,0.));
#6538 = DIRECTION('',(-1.,-1.156482317318E-15,0.));
#6539 = DEFINITIONAL_REPRESENTATION('',(#6540),#6544);
#6540 = LINE('',#6541,#6542);
#6541 = CARTESIAN_POINT('',(0.,0.3));
#6542 = VECTOR('',#6543,1.);
#6543 = DIRECTION('',(1.,0.));
#6544 = ( GEOMETRIC_REPRESENTATION_CONTEXT(2) 
PARAMETRIC_REPRESENTATION_CONTEXT() REPRESENTATION_CONTEXT('2D SPACE',''
  ) );
#6545 = ORIENTED_EDGE('',*,*,#6546,.F.);
#6546 = EDGE_CURVE('',#6547,#6519,#6549,.T.);
#6547 = VERTEX_POINT('',#6548);
#6548 = CARTESIAN_POINT('',(-2.65,7.,0.3));
#6549 = SURFACE_CURVE('',#6550,(#6554,#6561),.PCURVE_S1.);
#6550 = LINE('',#6551,#6552);
#6551 = CARTESIAN_POINT('',(-2.65,7.,0.3));
#6552 = VECTOR('',#6553,1.);
#6553 = DIRECTION('',(0.,-1.,0.));
#6554 = PCURVE('',#6156,#6555);
#6555 = DEFINITIONAL_REPRESENTATION('',(#6556),#6560);
#6556 = LINE('',#6557,#6558);
#6557 = CARTESIAN_POINT('',(7.256213597756,13.088960762841));
#6558 = VECTOR('',#6559,1.);
#6559 = DIRECTION('',(-1.,0.));
#6560 = ( GEOMETRIC_REPRESENTATION_CONTEXT(2) 
PARAMETRIC_REPRESENTATION_CONTEXT() REPRESENTATION_CONTEXT('2D SPACE',''
  ) );
#6561 = PCURVE('',#6562,#6567);
#6562 = PLANE('',#6563);
#6563 = AXIS2_PLACEMENT_3D('',#6564,#6565,#6566);
#6564 = CARTESIAN_POINT('',(-2.65,7.,-2.6645352591E-15));
#6565 = DIRECTION('',(-1.,0.,0.));
#6566 = DIRECTION('',(0.,-1.,0.));
#6567 = DEFINITIONAL_REPRESENTATION('',(#6568),#6572);
#6568 = LINE('',#6569,#6570);
#6569 = CARTESIAN_POINT('',(0.,0.3));
#6570 = VECTOR('',#6571,1.);
#6571 = DIRECTION('',(1.,0.));
#6572 = ( GEOMETRIC_REPRESENTATION_CONTEXT(2) 
PARAMETRIC_REPRESENTATION_CONTEXT() REPRESENTATION_CONTEXT('2D SPACE',''
  ) );
#6573 = ORIENTED_EDGE('',*,*,#6574,.F.);
#6574 = EDGE_CURVE('',#6575,#6547,#6577,.T.);
#6575 = VERTEX_POINT('',#6576);
#6576 = CARTESIAN_POINT('',(-4.15,7.,0.3));
#6577 = SURFACE_CURVE('',#6578,(#6582,#6589),.PCURVE_S1.);
#6578 = LINE('',#6579,#6580);
#6579 = CARTESIAN_POINT('',(-4.15,7.,0.3));
#6580 = VECTOR('',#6581,1.);
#6581 = DIRECTION('',(1.,0.,0.));
#6582 = PCURVE('',#6156,#6583);
#6583 = DEFINITIONAL_REPRESENTATION('',(#6584),#6588);
#6584 = LINE('',#6585,#6586);
#6585 = CARTESIAN_POINT('',(7.256213597756,14.588960762841));
#6586 = VECTOR('',#6587,1.);
#6587 = DIRECTION('',(0.,-1.));
#6588 = ( GEOMETRIC_REPRESENTATION_CONTEXT(2) 
PARAMETRIC_REPRESENTATION_CONTEXT() REPRESENTATION_CONTEXT('2D SPACE',''
  ) );
#6589 = PCURVE('',#6590,#6595);
#6590 = PLANE('',#6591);
#6591 = AXIS2_PLACEMENT_3D('',#6592,#6593,#6594);
#6592 = CARTESIAN_POINT('',(-4.15,7.,-2.6645352591E-15));
#6593 = DIRECTION('',(0.,-1.,0.));
#6594 = DIRECTION('',(1.,0.,0.));
#6595 = DEFINITIONAL_REPRESENTATION('',(#6596),#6600);
#6596 = LINE('',#6597,#6598);
#6597 = CARTESIAN_POINT('',(0.,0.3));
#6598 = VECTOR('',#6599,1.);
#6599 = DIRECTION('',(1.,0.));
#6600 = ( GEOMETRIC_REPRESENTATION_CONTEXT(2) 
PARAMETRIC_REPRESENTATION_CONTEXT() REPRESENTATION_CONTEXT('2D SPACE',''
  ) );
#6601 = ORIENTED_EDGE('',*,*,#6602,.T.);
#6602 = EDGE_CURVE('',#6575,#6603,#6605,.T.);
#6603 = VERTEX_POINT('',#6604);
#6604 = CARTESIAN_POINT('',(-4.15,15.85,0.3));
#6605 = SURFACE_CURVE('',#6606,(#6610,#6617),.PCURVE_S1.);
#6606 = LINE('',#6607,#6608);
#6607 = CARTESIAN_POINT('',(-4.15,1.65,0.3));
#6608 = VECTOR('',#6609,1.);
#6609 = DIRECTION('',(0.,1.,0.));
#6610 = PCURVE('',#6156,#6611);
#6611 = DEFINITIONAL_REPRESENTATION('',(#6612),#6616);
#6612 = LINE('',#6613,#6614);
#6613 = CARTESIAN_POINT('',(1.906213597756,14.588960762841));
#6614 = VECTOR('',#6615,1.);
#6615 = DIRECTION('',(1.,0.));
#6616 = ( GEOMETRIC_REPRESENTATION_CONTEXT(2) 
PARAMETRIC_REPRESENTATION_CONTEXT() REPRESENTATION_CONTEXT('2D SPACE',''
  ) );
#6617 = PCURVE('',#6618,#6623);
#6618 = PLANE('',#6619);
#6619 = AXIS2_PLACEMENT_3D('',#6620,#6621,#6622);
#6620 = CARTESIAN_POINT('',(-4.15,7.65,-1.7763568394E-15));
#6621 = DIRECTION('',(-1.,0.,0.));
#6622 = DIRECTION('',(0.,-1.,0.));
#6623 = DEFINITIONAL_REPRESENTATION('',(#6624),#6628);
#6624 = LINE('',#6625,#6626);
#6625 = CARTESIAN_POINT('',(6.,0.3));
#6626 = VECTOR('',#6627,1.);
#6627 = DIRECTION('',(-1.,0.));
#6628 = ( GEOMETRIC_REPRESENTATION_CONTEXT(2) 
PARAMETRIC_REPRESENTATION_CONTEXT() REPRESENTATION_CONTEXT('2D SPACE',''
  ) );
#6629 = ORIENTED_EDGE('',*,*,#6630,.F.);
#6630 = EDGE_CURVE('',#6631,#6603,#6633,.T.);
#6631 = VERTEX_POINT('',#6632);
#6632 = CARTESIAN_POINT('',(-3.65,15.85,0.3));
#6633 = SURFACE_CURVE('',#6634,(#6638,#6645),.PCURVE_S1.);
#6634 = LINE('',#6635,#6636);
#6635 = CARTESIAN_POINT('',(-4.15,15.85,0.3));
#6636 = VECTOR('',#6637,1.);
#6637 = DIRECTION('',(-1.,2.168404344971E-16,0.));
#6638 = PCURVE('',#6156,#6639);
#6639 = DEFINITIONAL_REPRESENTATION('',(#6640),#6644);
#6640 = LINE('',#6641,#6642);
#6641 = CARTESIAN_POINT('',(16.106213597756,14.588960762841));
#6642 = VECTOR('',#6643,1.);
#6643 = DIRECTION('',(2.168404344971E-16,1.));
#6644 = ( GEOMETRIC_REPRESENTATION_CONTEXT(2) 
PARAMETRIC_REPRESENTATION_CONTEXT() REPRESENTATION_CONTEXT('2D SPACE',''
  ) );
#6645 = PCURVE('',#6646,#6651);
#6646 = PLANE('',#6647);
#6647 = AXIS2_PLACEMENT_3D('',#6648,#6649,#6650);
#6648 = CARTESIAN_POINT('',(-4.15,15.85,-0.707106781187));
#6649 = DIRECTION('',(2.168404344971E-16,1.,0.));
#6650 = DIRECTION('',(-1.,2.168404344971E-16,0.));
#6651 = DEFINITIONAL_REPRESENTATION('',(#6652),#6656);
#6652 = LINE('',#6653,#6654);
#6653 = CARTESIAN_POINT('',(0.,1.007106781187));
#6654 = VECTOR('',#6655,1.);
#6655 = DIRECTION('',(1.,0.));
#6656 = ( GEOMETRIC_REPRESENTATION_CONTEXT(2) 
PARAMETRIC_REPRESENTATION_CONTEXT() REPRESENTATION_CONTEXT('2D SPACE',''
  ) );
#6657 = ORIENTED_EDGE('',*,*,#6658,.F.);
#6658 = EDGE_CURVE('',#6659,#6631,#6661,.T.);
#6659 = VERTEX_POINT('',#6660);
#6660 = CARTESIAN_POINT('',(-3.65,16.35,0.3));
#6661 = SURFACE_CURVE('',#6662,(#6666,#6673),.PCURVE_S1.);
#6662 = LINE('',#6663,#6664);
#6663 = CARTESIAN_POINT('',(-3.65,16.35,0.3));
#6664 = VECTOR('',#6665,1.);
#6665 = DIRECTION('',(0.,-1.,0.));
#6666 = PCURVE('',#6156,#6667);
#6667 = DEFINITIONAL_REPRESENTATION('',(#6668),#6672);
#6668 = LINE('',#6669,#6670);
#6669 = CARTESIAN_POINT('',(16.606213597756,14.088960762841));
#6670 = VECTOR('',#6671,1.);
#6671 = DIRECTION('',(-1.,0.));
#6672 = ( GEOMETRIC_REPRESENTATION_CONTEXT(2) 
PARAMETRIC_REPRESENTATION_CONTEXT() REPRESENTATION_CONTEXT('2D SPACE',''
  ) );
#6673 = PCURVE('',#6674,#6679);
#6674 = PLANE('',#6675);
#6675 = AXIS2_PLACEMENT_3D('',#6676,#6677,#6678);
#6676 = CARTESIAN_POINT('',(-3.65,16.35,-0.707106781187));
#6677 = DIRECTION('',(-1.,0.,0.));
#6678 = DIRECTION('',(0.,-1.,0.));
#6679 = DEFINITIONAL_REPRESENTATION('',(#6680),#6684);
#6680 = LINE('',#6681,#6682);
#6681 = CARTESIAN_POINT('',(0.,1.007106781187));
#6682 = VECTOR('',#6683,1.);
#6683 = DIRECTION('',(1.,0.));
#6684 = ( GEOMETRIC_REPRESENTATION_CONTEXT(2) 
PARAMETRIC_REPRESENTATION_CONTEXT() REPRESENTATION_CONTEXT('2D SPACE',''
  ) );
#6685 = ORIENTED_EDGE('',*,*,#6686,.T.);
#6686 = EDGE_CURVE('',#6659,#6267,#6687,.T.);
#6687 = SURFACE_CURVE('',#6688,(#6692,#6699),.PCURVE_S1.);
#6688 = LINE('',#6689,#6690);
#6689 = CARTESIAN_POINT('',(11.35,16.35,0.3));
#6690 = VECTOR('',#6691,1.);
#6691 = DIRECTION('',(1.,0.,0.));
#6692 = PCURVE('',#6156,#6693);
#6693 = DEFINITIONAL_REPRESENTATION('',(#6694),#6698);
#6694 = LINE('',#6695,#6696);
#6695 = CARTESIAN_POINT('',(16.606213597756,-0.911039237159));
#6696 = VECTOR('',#6697,1.);
#6697 = DIRECTION('',(0.,-1.));
#6698 = ( GEOMETRIC_REPRESENTATION_CONTEXT(2) 
PARAMETRIC_REPRESENTATION_CONTEXT() REPRESENTATION_CONTEXT('2D SPACE',''
  ) );
#6699 = PCURVE('',#6700,#6705);
#6700 = PLANE('',#6701);
#6701 = AXIS2_PLACEMENT_3D('',#6702,#6703,#6704);
#6702 = CARTESIAN_POINT('',(-1.35,16.35,-1.7763568394E-15));
#6703 = DIRECTION('',(0.,-1.,0.));
#6704 = DIRECTION('',(-1.,0.,0.));
#6705 = DEFINITIONAL_REPRESENTATION('',(#6706),#6710);
#6706 = LINE('',#6707,#6708);
#6707 = CARTESIAN_POINT('',(-12.7,-0.3));
#6708 = VECTOR('',#6709,1.);
#6709 = DIRECTION('',(-1.,0.));
#6710 = ( GEOMETRIC_REPRESENTATION_CONTEXT(2) 
PARAMETRIC_REPRESENTATION_CONTEXT() REPRESENTATION_CONTEXT('2D SPACE',''
  ) );
#6711 = ADVANCED_FACE('',(#6712,#6994),#6700,.F.);
#6712 = FACE_BOUND('',#6713,.T.);
#6713 = EDGE_LOOP('',(#6714,#6744,#6772,#6800,#6828,#6856,#6884,#6912,
    #6940,#6968));
#6714 = ORIENTED_EDGE('',*,*,#6715,.T.);
#6715 = EDGE_CURVE('',#6716,#6718,#6720,.T.);
#6716 = VERTEX_POINT('',#6717);
#6717 = CARTESIAN_POINT('',(10.85,16.35,7.9));
#6718 = VERTEX_POINT('',#6719);
#6719 = CARTESIAN_POINT('',(-1.16345137902,16.35,7.9));
#6720 = SURFACE_CURVE('',#6721,(#6725,#6732),.PCURVE_S1.);
#6721 = LINE('',#6722,#6723);
#6722 = CARTESIAN_POINT('',(-1.35,16.35,7.9));
#6723 = VECTOR('',#6724,1.);
#6724 = DIRECTION('',(-1.,0.,0.));
#6725 = PCURVE('',#6700,#6726);
#6726 = DEFINITIONAL_REPRESENTATION('',(#6727),#6731);
#6727 = LINE('',#6728,#6729);
#6728 = CARTESIAN_POINT('',(0.,-7.9));
#6729 = VECTOR('',#6730,1.);
#6730 = DIRECTION('',(1.,0.));
#6731 = ( GEOMETRIC_REPRESENTATION_CONTEXT(2) 
PARAMETRIC_REPRESENTATION_CONTEXT() REPRESENTATION_CONTEXT('2D SPACE',''
  ) );
#6732 = PCURVE('',#6733,#6738);
#6733 = PLANE('',#6734);
#6734 = AXIS2_PLACEMENT_3D('',#6735,#6736,#6737);
#6735 = CARTESIAN_POINT('',(3.6,16.15,7.7));
#6736 = DIRECTION('',(0.,-0.707106781187,0.707106781187));
#6737 = DIRECTION('',(1.,0.,0.));
#6738 = DEFINITIONAL_REPRESENTATION('',(#6739),#6743);
#6739 = LINE('',#6740,#6741);
#6740 = CARTESIAN_POINT('',(-4.95,0.282842712475));
#6741 = VECTOR('',#6742,1.);
#6742 = DIRECTION('',(-1.,0.));
#6743 = ( GEOMETRIC_REPRESENTATION_CONTEXT(2) 
PARAMETRIC_REPRESENTATION_CONTEXT() REPRESENTATION_CONTEXT('2D SPACE',''
  ) );
#6744 = ORIENTED_EDGE('',*,*,#6745,.T.);
#6745 = EDGE_CURVE('',#6718,#6746,#6748,.T.);
#6746 = VERTEX_POINT('',#6747);
#6747 = CARTESIAN_POINT('',(-3.65,16.35,5.715513660077));
#6748 = SURFACE_CURVE('',#6749,(#6753,#6760),.PCURVE_S1.);
#6749 = LINE('',#6750,#6751);
#6750 = CARTESIAN_POINT('',(-5.185840101388,16.35,4.366245162577));
#6751 = VECTOR('',#6752,1.);
#6752 = DIRECTION('',(-0.751264133504,0.,-0.660001667961));
#6753 = PCURVE('',#6700,#6754);
#6754 = DEFINITIONAL_REPRESENTATION('',(#6755),#6759);
#6755 = LINE('',#6756,#6757);
#6756 = CARTESIAN_POINT('',(3.835840101388,-4.366245162577));
#6757 = VECTOR('',#6758,1.);
#6758 = DIRECTION('',(0.751264133504,0.660001667961));
#6759 = ( GEOMETRIC_REPRESENTATION_CONTEXT(2) 
PARAMETRIC_REPRESENTATION_CONTEXT() REPRESENTATION_CONTEXT('2D SPACE',''
  ) );
#6760 = PCURVE('',#6761,#6766);
#6761 = PLANE('',#6762);
#6762 = AXIS2_PLACEMENT_3D('',#6763,#6764,#6765);
#6763 = CARTESIAN_POINT('',(-1.088077064508,16.15,7.7));
#6764 = DIRECTION('',(-0.46669165501,-0.707106781187,0.531223963263));
#6765 = DIRECTION('',(0.751264133504,-3.593337176705E-17,0.660001667961)
  );
#6766 = DEFINITIONAL_REPRESENTATION('',(#6767),#6771);
#6767 = LINE('',#6768,#6769);
#6768 = CARTESIAN_POINT('',(-5.278786150476,0.282842712475));
#6769 = VECTOR('',#6770,1.);
#6770 = DIRECTION('',(-1.,-3.759458061496E-17));
#6771 = ( GEOMETRIC_REPRESENTATION_CONTEXT(2) 
PARAMETRIC_REPRESENTATION_CONTEXT() REPRESENTATION_CONTEXT('2D SPACE',''
  ) );
#6772 = ORIENTED_EDGE('',*,*,#6773,.T.);
#6773 = EDGE_CURVE('',#6746,#6774,#6776,.T.);
#6774 = VERTEX_POINT('',#6775);
#6775 = CARTESIAN_POINT('',(-3.65,16.35,2.984486339923));
#6776 = SURFACE_CURVE('',#6777,(#6781,#6788),.PCURVE_S1.);
#6777 = LINE('',#6778,#6779);
#6778 = CARTESIAN_POINT('',(-3.65,16.35,-1.7763568394E-15));
#6779 = VECTOR('',#6780,1.);
#6780 = DIRECTION('',(0.,0.,-1.));
#6781 = PCURVE('',#6700,#6782);
#6782 = DEFINITIONAL_REPRESENTATION('',(#6783),#6787);
#6783 = LINE('',#6784,#6785);
#6784 = CARTESIAN_POINT('',(2.3,0.));
#6785 = VECTOR('',#6786,1.);
#6786 = DIRECTION('',(0.,1.));
#6787 = ( GEOMETRIC_REPRESENTATION_CONTEXT(2) 
PARAMETRIC_REPRESENTATION_CONTEXT() REPRESENTATION_CONTEXT('2D SPACE',''
  ) );
#6788 = PCURVE('',#6789,#6794);
#6789 = PLANE('',#6790);
#6790 = AXIS2_PLACEMENT_3D('',#6791,#6792,#6793);
#6791 = CARTESIAN_POINT('',(-3.45,16.15,3.075));
#6792 = DIRECTION('',(-0.707106781187,-0.707106781187,0.));
#6793 = DIRECTION('',(0.,0.,1.));
#6794 = DEFINITIONAL_REPRESENTATION('',(#6795),#6799);
#6795 = LINE('',#6796,#6797);
#6796 = CARTESIAN_POINT('',(-3.075,0.282842712475));
#6797 = VECTOR('',#6798,1.);
#6798 = DIRECTION('',(-1.,0.));
#6799 = ( GEOMETRIC_REPRESENTATION_CONTEXT(2) 
PARAMETRIC_REPRESENTATION_CONTEXT() REPRESENTATION_CONTEXT('2D SPACE',''
  ) );
#6800 = ORIENTED_EDGE('',*,*,#6801,.T.);
#6801 = EDGE_CURVE('',#6774,#6802,#6804,.T.);
#6802 = VERTEX_POINT('',#6803);
#6803 = CARTESIAN_POINT('',(-1.16345137902,16.35,0.8));
#6804 = SURFACE_CURVE('',#6805,(#6809,#6816),.PCURVE_S1.);
#6805 = LINE('',#6806,#6807);
#6806 = CARTESIAN_POINT('',(-0.872070545022,16.35,0.544015682535));
#6807 = VECTOR('',#6808,1.);
#6808 = DIRECTION('',(0.751264133504,0.,-0.660001667961));
#6809 = PCURVE('',#6700,#6810);
#6810 = DEFINITIONAL_REPRESENTATION('',(#6811),#6815);
#6811 = LINE('',#6812,#6813);
#6812 = CARTESIAN_POINT('',(-0.477929454978,-0.544015682535));
#6813 = VECTOR('',#6814,1.);
#6814 = DIRECTION('',(-0.751264133504,0.660001667961));
#6815 = ( GEOMETRIC_REPRESENTATION_CONTEXT(2) 
PARAMETRIC_REPRESENTATION_CONTEXT() REPRESENTATION_CONTEXT('2D SPACE',''
  ) );
#6816 = PCURVE('',#6817,#6822);
#6817 = PLANE('',#6818);
#6818 = AXIS2_PLACEMENT_3D('',#6819,#6820,#6821);
#6819 = CARTESIAN_POINT('',(-1.088077064508,16.15,1.));
#6820 = DIRECTION('',(-0.46669165501,-0.707106781187,-0.531223963263));
#6821 = DIRECTION('',(-0.751264133504,-3.948162602538E-17,0.660001667961
    ));
#6822 = DEFINITIONAL_REPRESENTATION('',(#6823),#6827);
#6823 = LINE('',#6824,#6825);
#6824 = CARTESIAN_POINT('',(-0.463228360784,0.282842712475));
#6825 = VECTOR('',#6826,1.);
#6826 = DIRECTION('',(-1.,4.291593493486E-18));
#6827 = ( GEOMETRIC_REPRESENTATION_CONTEXT(2) 
PARAMETRIC_REPRESENTATION_CONTEXT() REPRESENTATION_CONTEXT('2D SPACE',''
  ) );
#6828 = ORIENTED_EDGE('',*,*,#6829,.T.);
#6829 = EDGE_CURVE('',#6802,#6830,#6832,.T.);
#6830 = VERTEX_POINT('',#6831);
#6831 = CARTESIAN_POINT('',(3.05,16.35,0.8));
#6832 = SURFACE_CURVE('',#6833,(#6837,#6844),.PCURVE_S1.);
#6833 = LINE('',#6834,#6835);
#6834 = CARTESIAN_POINT('',(-1.35,16.35,0.8));
#6835 = VECTOR('',#6836,1.);
#6836 = DIRECTION('',(1.,0.,0.));
#6837 = PCURVE('',#6700,#6838);
#6838 = DEFINITIONAL_REPRESENTATION('',(#6839),#6843);
#6839 = LINE('',#6840,#6841);
#6840 = CARTESIAN_POINT('',(0.,-0.8));
#6841 = VECTOR('',#6842,1.);
#6842 = DIRECTION('',(-1.,0.));
#6843 = ( GEOMETRIC_REPRESENTATION_CONTEXT(2) 
PARAMETRIC_REPRESENTATION_CONTEXT() REPRESENTATION_CONTEXT('2D SPACE',''
  ) );
#6844 = PCURVE('',#6845,#6850);
#6845 = PLANE('',#6846);
#6846 = AXIS2_PLACEMENT_3D('',#6847,#6848,#6849);
#6847 = CARTESIAN_POINT('',(2.85,16.15,1.));
#6848 = DIRECTION('',(-0.,-0.707106781187,-0.707106781187));
#6849 = DIRECTION('',(-1.,0.,0.));
#6850 = DEFINITIONAL_REPRESENTATION('',(#6851),#6855);
#6851 = LINE('',#6852,#6853);
#6852 = CARTESIAN_POINT('',(4.2,0.282842712475));
#6853 = VECTOR('',#6854,1.);
#6854 = DIRECTION('',(-1.,0.));
#6855 = ( GEOMETRIC_REPRESENTATION_CONTEXT(2) 
PARAMETRIC_REPRESENTATION_CONTEXT() REPRESENTATION_CONTEXT('2D SPACE',''
  ) );
#6856 = ORIENTED_EDGE('',*,*,#6857,.T.);
#6857 = EDGE_CURVE('',#6830,#6858,#6860,.T.);
#6858 = VERTEX_POINT('',#6859);
#6859 = CARTESIAN_POINT('',(3.05,16.35,1.6));
#6860 = SURFACE_CURVE('',#6861,(#6865,#6872),.PCURVE_S1.);
#6861 = LINE('',#6862,#6863);
#6862 = CARTESIAN_POINT('',(3.05,16.35,-2.6645352591E-15));
#6863 = VECTOR('',#6864,1.);
#6864 = DIRECTION('',(2.710505431214E-16,0.,1.));
#6865 = PCURVE('',#6700,#6866);
#6866 = DEFINITIONAL_REPRESENTATION('',(#6867),#6871);
#6867 = LINE('',#6868,#6869);
#6868 = CARTESIAN_POINT('',(-4.4,8.881784197001E-16));
#6869 = VECTOR('',#6870,1.);
#6870 = DIRECTION('',(-2.710505431214E-16,-1.));
#6871 = ( GEOMETRIC_REPRESENTATION_CONTEXT(2) 
PARAMETRIC_REPRESENTATION_CONTEXT() REPRESENTATION_CONTEXT('2D SPACE',''
  ) );
#6872 = PCURVE('',#6873,#6878);
#6873 = PLANE('',#6874);
#6874 = AXIS2_PLACEMENT_3D('',#6875,#6876,#6877);
#6875 = CARTESIAN_POINT('',(2.85,16.15,1.));
#6876 = DIRECTION('',(0.707106781187,-0.707106781187,-1.916616770854E-16
    ));
#6877 = DIRECTION('',(-2.710505431214E-16,5.510579639131E-33,-1.));
#6878 = DEFINITIONAL_REPRESENTATION('',(#6879),#6883);
#6879 = LINE('',#6880,#6881);
#6880 = CARTESIAN_POINT('',(1.,0.282842712475));
#6881 = VECTOR('',#6882,1.);
#6882 = DIRECTION('',(-1.,0.));
#6883 = ( GEOMETRIC_REPRESENTATION_CONTEXT(2) 
PARAMETRIC_REPRESENTATION_CONTEXT() REPRESENTATION_CONTEXT('2D SPACE',''
  ) );
#6884 = ORIENTED_EDGE('',*,*,#6885,.T.);
#6885 = EDGE_CURVE('',#6858,#6886,#6888,.T.);
#6886 = VERTEX_POINT('',#6887);
#6887 = CARTESIAN_POINT('',(4.15,16.35,1.6));
#6888 = SURFACE_CURVE('',#6889,(#6893,#6900),.PCURVE_S1.);
#6889 = LINE('',#6890,#6891);
#6890 = CARTESIAN_POINT('',(-1.35,16.35,1.6));
#6891 = VECTOR('',#6892,1.);
#6892 = DIRECTION('',(1.,0.,0.));
#6893 = PCURVE('',#6700,#6894);
#6894 = DEFINITIONAL_REPRESENTATION('',(#6895),#6899);
#6895 = LINE('',#6896,#6897);
#6896 = CARTESIAN_POINT('',(0.,-1.6));
#6897 = VECTOR('',#6898,1.);
#6898 = DIRECTION('',(-1.,0.));
#6899 = ( GEOMETRIC_REPRESENTATION_CONTEXT(2) 
PARAMETRIC_REPRESENTATION_CONTEXT() REPRESENTATION_CONTEXT('2D SPACE',''
  ) );
#6900 = PCURVE('',#6901,#6906);
#6901 = PLANE('',#6902);
#6902 = AXIS2_PLACEMENT_3D('',#6903,#6904,#6905);
#6903 = CARTESIAN_POINT('',(4.35,16.15,1.8));
#6904 = DIRECTION('',(-0.,-0.707106781187,-0.707106781187));
#6905 = DIRECTION('',(-1.,0.,0.));
#6906 = DEFINITIONAL_REPRESENTATION('',(#6907),#6911);
#6907 = LINE('',#6908,#6909);
#6908 = CARTESIAN_POINT('',(5.7,0.282842712475));
#6909 = VECTOR('',#6910,1.);
#6910 = DIRECTION('',(-1.,0.));
#6911 = ( GEOMETRIC_REPRESENTATION_CONTEXT(2) 
PARAMETRIC_REPRESENTATION_CONTEXT() REPRESENTATION_CONTEXT('2D SPACE',''
  ) );
#6912 = ORIENTED_EDGE('',*,*,#6913,.T.);
#6913 = EDGE_CURVE('',#6886,#6914,#6916,.T.);
#6914 = VERTEX_POINT('',#6915);
#6915 = CARTESIAN_POINT('',(4.15,16.35,0.8));
#6916 = SURFACE_CURVE('',#6917,(#6921,#6928),.PCURVE_S1.);
#6917 = LINE('',#6918,#6919);
#6918 = CARTESIAN_POINT('',(4.15,16.35,-1.15463194561E-14));
#6919 = VECTOR('',#6920,1.);
#6920 = DIRECTION('',(-1.761828530289E-15,0.,-1.));
#6921 = PCURVE('',#6700,#6922);
#6922 = DEFINITIONAL_REPRESENTATION('',(#6923),#6927);
#6923 = LINE('',#6924,#6925);
#6924 = CARTESIAN_POINT('',(-5.5,9.769962616701E-15));
#6925 = VECTOR('',#6926,1.);
#6926 = DIRECTION('',(1.761828530289E-15,1.));
#6927 = ( GEOMETRIC_REPRESENTATION_CONTEXT(2) 
PARAMETRIC_REPRESENTATION_CONTEXT() REPRESENTATION_CONTEXT('2D SPACE',''
  ) );
#6928 = PCURVE('',#6929,#6934);
#6929 = PLANE('',#6930);
#6930 = AXIS2_PLACEMENT_3D('',#6931,#6932,#6933);
#6931 = CARTESIAN_POINT('',(4.35,16.15,1.));
#6932 = DIRECTION('',(-0.707106781187,-0.707106781187,1.245800901055E-15
    ));
#6933 = DIRECTION('',(1.761828530289E-15,8.407232304537E-32,1.));
#6934 = DEFINITIONAL_REPRESENTATION('',(#6935),#6939);
#6935 = LINE('',#6936,#6937);
#6936 = CARTESIAN_POINT('',(-1.,0.282842712475));
#6937 = VECTOR('',#6938,1.);
#6938 = DIRECTION('',(-1.,1.972152263053E-31));
#6939 = ( GEOMETRIC_REPRESENTATION_CONTEXT(2) 
PARAMETRIC_REPRESENTATION_CONTEXT() REPRESENTATION_CONTEXT('2D SPACE',''
  ) );
#6940 = ORIENTED_EDGE('',*,*,#6941,.T.);
#6941 = EDGE_CURVE('',#6914,#6942,#6944,.T.);
#6942 = VERTEX_POINT('',#6943);
#6943 = CARTESIAN_POINT('',(10.85,16.35,0.8));
#6944 = SURFACE_CURVE('',#6945,(#6949,#6956),.PCURVE_S1.);
#6945 = LINE('',#6946,#6947);
#6946 = CARTESIAN_POINT('',(-1.35,16.35,0.8));
#6947 = VECTOR('',#6948,1.);
#6948 = DIRECTION('',(1.,0.,0.));
#6949 = PCURVE('',#6700,#6950);
#6950 = DEFINITIONAL_REPRESENTATION('',(#6951),#6955);
#6951 = LINE('',#6952,#6953);
#6952 = CARTESIAN_POINT('',(0.,-0.8));
#6953 = VECTOR('',#6954,1.);
#6954 = DIRECTION('',(-1.,0.));
#6955 = ( GEOMETRIC_REPRESENTATION_CONTEXT(2) 
PARAMETRIC_REPRESENTATION_CONTEXT() REPRESENTATION_CONTEXT('2D SPACE',''
  ) );
#6956 = PCURVE('',#6957,#6962);
#6957 = PLANE('',#6958);
#6958 = AXIS2_PLACEMENT_3D('',#6959,#6960,#6961);
#6959 = CARTESIAN_POINT('',(10.65,16.15,1.));
#6960 = DIRECTION('',(-0.,-0.707106781187,-0.707106781187));
#6961 = DIRECTION('',(-1.,0.,0.));
#6962 = DEFINITIONAL_REPRESENTATION('',(#6963),#6967);
#6963 = LINE('',#6964,#6965);
#6964 = CARTESIAN_POINT('',(12.,0.282842712475));
#6965 = VECTOR('',#6966,1.);
#6966 = DIRECTION('',(-1.,0.));
#6967 = ( GEOMETRIC_REPRESENTATION_CONTEXT(2) 
PARAMETRIC_REPRESENTATION_CONTEXT() REPRESENTATION_CONTEXT('2D SPACE',''
  ) );
#6968 = ORIENTED_EDGE('',*,*,#6969,.T.);
#6969 = EDGE_CURVE('',#6942,#6716,#6970,.T.);
#6970 = SURFACE_CURVE('',#6971,(#6975,#6982),.PCURVE_S1.);
#6971 = LINE('',#6972,#6973);
#6972 = CARTESIAN_POINT('',(10.85,16.35,-1.7763568394E-15));
#6973 = VECTOR('',#6974,1.);
#6974 = DIRECTION('',(0.,0.,1.));
#6975 = PCURVE('',#6700,#6976);
#6976 = DEFINITIONAL_REPRESENTATION('',(#6977),#6981);
#6977 = LINE('',#6978,#6979);
#6978 = CARTESIAN_POINT('',(-12.2,0.));
#6979 = VECTOR('',#6980,1.);
#6980 = DIRECTION('',(0.,-1.));
#6981 = ( GEOMETRIC_REPRESENTATION_CONTEXT(2) 
PARAMETRIC_REPRESENTATION_CONTEXT() REPRESENTATION_CONTEXT('2D SPACE',''
  ) );
#6982 = PCURVE('',#6983,#6988);
#6983 = PLANE('',#6984);
#6984 = AXIS2_PLACEMENT_3D('',#6985,#6986,#6987);
#6985 = CARTESIAN_POINT('',(10.65,16.15,7.7));
#6986 = DIRECTION('',(0.707106781187,-0.707106781187,-0.));
#6987 = DIRECTION('',(0.,0.,-1.));
#6988 = DEFINITIONAL_REPRESENTATION('',(#6989),#6993);
#6989 = LINE('',#6990,#6991);
#6990 = CARTESIAN_POINT('',(7.7,0.282842712475));
#6991 = VECTOR('',#6992,1.);
#6992 = DIRECTION('',(-1.,0.));
#6993 = ( GEOMETRIC_REPRESENTATION_CONTEXT(2) 
PARAMETRIC_REPRESENTATION_CONTEXT() REPRESENTATION_CONTEXT('2D SPACE',''
  ) );
#6994 = FACE_BOUND('',#6995,.T.);
#6995 = EDGE_LOOP('',(#6996,#6997,#7020,#7048,#7071,#7100,#7128,#7157,
    #7180,#7208));
#6996 = ORIENTED_EDGE('',*,*,#6686,.F.);
#6997 = ORIENTED_EDGE('',*,*,#6998,.F.);
#6998 = EDGE_CURVE('',#6999,#6659,#7001,.T.);
#6999 = VERTEX_POINT('',#7000);
#7000 = CARTESIAN_POINT('',(-3.65,16.35,-2.6645352591E-15));
#7001 = SURFACE_CURVE('',#7002,(#7006,#7013),.PCURVE_S1.);
#7002 = LINE('',#7003,#7004);
#7003 = CARTESIAN_POINT('',(-3.65,16.35,-0.707106781187));
#7004 = VECTOR('',#7005,1.);
#7005 = DIRECTION('',(0.,0.,1.));
#7006 = PCURVE('',#6700,#7007);
#7007 = DEFINITIONAL_REPRESENTATION('',(#7008),#7012);
#7008 = LINE('',#7009,#7010);
#7009 = CARTESIAN_POINT('',(2.3,0.707106781187));
#7010 = VECTOR('',#7011,1.);
#7011 = DIRECTION('',(0.,-1.));
#7012 = ( GEOMETRIC_REPRESENTATION_CONTEXT(2) 
PARAMETRIC_REPRESENTATION_CONTEXT() REPRESENTATION_CONTEXT('2D SPACE',''
  ) );
#7013 = PCURVE('',#6674,#7014);
#7014 = DEFINITIONAL_REPRESENTATION('',(#7015),#7019);
#7015 = LINE('',#7016,#7017);
#7016 = CARTESIAN_POINT('',(0.,0.));
#7017 = VECTOR('',#7018,1.);
#7018 = DIRECTION('',(0.,1.));
#7019 = ( GEOMETRIC_REPRESENTATION_CONTEXT(2) 
PARAMETRIC_REPRESENTATION_CONTEXT() REPRESENTATION_CONTEXT('2D SPACE',''
  ) );
#7020 = ORIENTED_EDGE('',*,*,#7021,.T.);
#7021 = EDGE_CURVE('',#6999,#7022,#7024,.T.);
#7022 = VERTEX_POINT('',#7023);
#7023 = CARTESIAN_POINT('',(-4.15,16.35,-2.6645352591E-15));
#7024 = SURFACE_CURVE('',#7025,(#7029,#7036),.PCURVE_S1.);
#7025 = LINE('',#7026,#7027);
#7026 = CARTESIAN_POINT('',(-4.15,16.35,-2.6645352591E-15));
#7027 = VECTOR('',#7028,1.);
#7028 = DIRECTION('',(-1.,0.,0.));
#7029 = PCURVE('',#6700,#7030);
#7030 = DEFINITIONAL_REPRESENTATION('',(#7031),#7035);
#7031 = LINE('',#7032,#7033);
#7032 = CARTESIAN_POINT('',(2.8,8.881784197001E-16));
#7033 = VECTOR('',#7034,1.);
#7034 = DIRECTION('',(1.,0.));
#7035 = ( GEOMETRIC_REPRESENTATION_CONTEXT(2) 
PARAMETRIC_REPRESENTATION_CONTEXT() REPRESENTATION_CONTEXT('2D SPACE',''
  ) );
#7036 = PCURVE('',#7037,#7042);
#7037 = PLANE('',#7038);
#7038 = AXIS2_PLACEMENT_3D('',#7039,#7040,#7041);
#7039 = CARTESIAN_POINT('',(3.6,15.35,-2.6645352591E-15));
#7040 = DIRECTION('',(0.,0.,1.));
#7041 = DIRECTION('',(0.,1.,0.));
#7042 = DEFINITIONAL_REPRESENTATION('',(#7043),#7047);
#7043 = LINE('',#7044,#7045);
#7044 = CARTESIAN_POINT('',(1.,7.75));
#7045 = VECTOR('',#7046,1.);
#7046 = DIRECTION('',(0.,1.));
#7047 = ( GEOMETRIC_REPRESENTATION_CONTEXT(2) 
PARAMETRIC_REPRESENTATION_CONTEXT() REPRESENTATION_CONTEXT('2D SPACE',''
  ) );
#7048 = ORIENTED_EDGE('',*,*,#7049,.F.);
#7049 = EDGE_CURVE('',#7050,#7022,#7052,.T.);
#7050 = VERTEX_POINT('',#7051);
#7051 = CARTESIAN_POINT('',(-4.15,16.35,7.4));
#7052 = SURFACE_CURVE('',#7053,(#7057,#7064),.PCURVE_S1.);
#7053 = LINE('',#7054,#7055);
#7054 = CARTESIAN_POINT('',(-4.15,16.35,0.3));
#7055 = VECTOR('',#7056,1.);
#7056 = DIRECTION('',(0.,0.,-1.));
#7057 = PCURVE('',#6700,#7058);
#7058 = DEFINITIONAL_REPRESENTATION('',(#7059),#7063);
#7059 = LINE('',#7060,#7061);
#7060 = CARTESIAN_POINT('',(2.8,-0.3));
#7061 = VECTOR('',#7062,1.);
#7062 = DIRECTION('',(0.,1.));
#7063 = ( GEOMETRIC_REPRESENTATION_CONTEXT(2) 
PARAMETRIC_REPRESENTATION_CONTEXT() REPRESENTATION_CONTEXT('2D SPACE',''
  ) );
#7064 = PCURVE('',#6618,#7065);
#7065 = DEFINITIONAL_REPRESENTATION('',(#7066),#7070);
#7066 = LINE('',#7067,#7068);
#7067 = CARTESIAN_POINT('',(-8.7,0.3));
#7068 = VECTOR('',#7069,1.);
#7069 = DIRECTION('',(0.,-1.));
#7070 = ( GEOMETRIC_REPRESENTATION_CONTEXT(2) 
PARAMETRIC_REPRESENTATION_CONTEXT() REPRESENTATION_CONTEXT('2D SPACE',''
  ) );
#7071 = ORIENTED_EDGE('',*,*,#7072,.F.);
#7072 = EDGE_CURVE('',#7073,#7050,#7075,.T.);
#7073 = VERTEX_POINT('',#7074);
#7074 = CARTESIAN_POINT('',(-3.15,16.35,8.4));
#7075 = SURFACE_CURVE('',#7076,(#7081,#7088),.PCURVE_S1.);
#7076 = CIRCLE('',#7077,1.);
#7077 = AXIS2_PLACEMENT_3D('',#7078,#7079,#7080);
#7078 = CARTESIAN_POINT('',(-3.15,16.35,7.4));
#7079 = DIRECTION('',(0.,-1.,0.));
#7080 = DIRECTION('',(1.,0.,0.));
#7081 = PCURVE('',#6700,#7082);
#7082 = DEFINITIONAL_REPRESENTATION('',(#7083),#7087);
#7083 = CIRCLE('',#7084,1.);
#7084 = AXIS2_PLACEMENT_2D('',#7085,#7086);
#7085 = CARTESIAN_POINT('',(1.8,-7.4));
#7086 = DIRECTION('',(-1.,0.));
#7087 = ( GEOMETRIC_REPRESENTATION_CONTEXT(2) 
PARAMETRIC_REPRESENTATION_CONTEXT() REPRESENTATION_CONTEXT('2D SPACE',''
  ) );
#7088 = PCURVE('',#7089,#7094);
#7089 = CYLINDRICAL_SURFACE('',#7090,1.);
#7090 = AXIS2_PLACEMENT_3D('',#7091,#7092,#7093);
#7091 = CARTESIAN_POINT('',(-3.15,-0.256213597756,7.4));
#7092 = DIRECTION('',(0.,-1.,0.));
#7093 = DIRECTION('',(1.,0.,0.));
#7094 = DEFINITIONAL_REPRESENTATION('',(#7095),#7099);
#7095 = LINE('',#7096,#7097);
#7096 = CARTESIAN_POINT('',(0.,-16.60621359775));
#7097 = VECTOR('',#7098,1.);
#7098 = DIRECTION('',(1.,0.));
#7099 = ( GEOMETRIC_REPRESENTATION_CONTEXT(2) 
PARAMETRIC_REPRESENTATION_CONTEXT() REPRESENTATION_CONTEXT('2D SPACE',''
  ) );
#7100 = ORIENTED_EDGE('',*,*,#7101,.F.);
#7101 = EDGE_CURVE('',#7102,#7073,#7104,.T.);
#7102 = VERTEX_POINT('',#7103);
#7103 = CARTESIAN_POINT('',(10.35,16.35,8.4));
#7104 = SURFACE_CURVE('',#7105,(#7109,#7116),.PCURVE_S1.);
#7105 = LINE('',#7106,#7107);
#7106 = CARTESIAN_POINT('',(-3.15,16.35,8.4));
#7107 = VECTOR('',#7108,1.);
#7108 = DIRECTION('',(-1.,0.,0.));
#7109 = PCURVE('',#6700,#7110);
#7110 = DEFINITIONAL_REPRESENTATION('',(#7111),#7115);
#7111 = LINE('',#7112,#7113);
#7112 = CARTESIAN_POINT('',(1.8,-8.4));
#7113 = VECTOR('',#7114,1.);
#7114 = DIRECTION('',(1.,0.));
#7115 = ( GEOMETRIC_REPRESENTATION_CONTEXT(2) 
PARAMETRIC_REPRESENTATION_CONTEXT() REPRESENTATION_CONTEXT('2D SPACE',''
  ) );
#7116 = PCURVE('',#7117,#7122);
#7117 = PLANE('',#7118);
#7118 = AXIS2_PLACEMENT_3D('',#7119,#7120,#7121);
#7119 = CARTESIAN_POINT('',(10.438960762841,-0.256213597756,8.4));
#7120 = DIRECTION('',(0.,0.,1.));
#7121 = DIRECTION('',(0.,1.,0.));
#7122 = DEFINITIONAL_REPRESENTATION('',(#7123),#7127);
#7123 = LINE('',#7124,#7125);
#7124 = CARTESIAN_POINT('',(16.606213597756,13.588960762841));
#7125 = VECTOR('',#7126,1.);
#7126 = DIRECTION('',(0.,1.));
#7127 = ( GEOMETRIC_REPRESENTATION_CONTEXT(2) 
PARAMETRIC_REPRESENTATION_CONTEXT() REPRESENTATION_CONTEXT('2D SPACE',''
  ) );
#7128 = ORIENTED_EDGE('',*,*,#7129,.F.);
#7129 = EDGE_CURVE('',#7130,#7102,#7132,.T.);
#7130 = VERTEX_POINT('',#7131);
#7131 = CARTESIAN_POINT('',(11.35,16.35,7.4));
#7132 = SURFACE_CURVE('',#7133,(#7138,#7145),.PCURVE_S1.);
#7133 = CIRCLE('',#7134,1.);
#7134 = AXIS2_PLACEMENT_3D('',#7135,#7136,#7137);
#7135 = CARTESIAN_POINT('',(10.35,16.35,7.4));
#7136 = DIRECTION('',(0.,-1.,0.));
#7137 = DIRECTION('',(1.,0.,0.));
#7138 = PCURVE('',#6700,#7139);
#7139 = DEFINITIONAL_REPRESENTATION('',(#7140),#7144);
#7140 = CIRCLE('',#7141,1.);
#7141 = AXIS2_PLACEMENT_2D('',#7142,#7143);
#7142 = CARTESIAN_POINT('',(-11.7,-7.4));
#7143 = DIRECTION('',(-1.,0.));
#7144 = ( GEOMETRIC_REPRESENTATION_CONTEXT(2) 
PARAMETRIC_REPRESENTATION_CONTEXT() REPRESENTATION_CONTEXT('2D SPACE',''
  ) );
#7145 = PCURVE('',#7146,#7151);
#7146 = CYLINDRICAL_SURFACE('',#7147,1.);
#7147 = AXIS2_PLACEMENT_3D('',#7148,#7149,#7150);
#7148 = CARTESIAN_POINT('',(10.35,-0.256213597756,7.4));
#7149 = DIRECTION('',(0.,1.,0.));
#7150 = DIRECTION('',(-1.,0.,0.));
#7151 = DEFINITIONAL_REPRESENTATION('',(#7152),#7156);
#7152 = LINE('',#7153,#7154);
#7153 = CARTESIAN_POINT('',(3.14159265359,16.606213597756));
#7154 = VECTOR('',#7155,1.);
#7155 = DIRECTION('',(-1.,0.));
#7156 = ( GEOMETRIC_REPRESENTATION_CONTEXT(2) 
PARAMETRIC_REPRESENTATION_CONTEXT() REPRESENTATION_CONTEXT('2D SPACE',''
  ) );
#7157 = ORIENTED_EDGE('',*,*,#7158,.F.);
#7158 = EDGE_CURVE('',#7159,#7130,#7161,.T.);
#7159 = VERTEX_POINT('',#7160);
#7160 = CARTESIAN_POINT('',(11.35,16.35,-2.6645352591E-15));
#7161 = SURFACE_CURVE('',#7162,(#7166,#7173),.PCURVE_S1.);
#7162 = LINE('',#7163,#7164);
#7163 = CARTESIAN_POINT('',(11.35,16.35,7.4));
#7164 = VECTOR('',#7165,1.);
#7165 = DIRECTION('',(0.,0.,1.));
#7166 = PCURVE('',#6700,#7167);
#7167 = DEFINITIONAL_REPRESENTATION('',(#7168),#7172);
#7168 = LINE('',#7169,#7170);
#7169 = CARTESIAN_POINT('',(-12.7,-7.4));
#7170 = VECTOR('',#7171,1.);
#7171 = DIRECTION('',(0.,-1.));
#7172 = ( GEOMETRIC_REPRESENTATION_CONTEXT(2) 
PARAMETRIC_REPRESENTATION_CONTEXT() REPRESENTATION_CONTEXT('2D SPACE',''
  ) );
#7173 = PCURVE('',#6338,#7174);
#7174 = DEFINITIONAL_REPRESENTATION('',(#7175),#7179);
#7175 = LINE('',#7176,#7177);
#7176 = CARTESIAN_POINT('',(8.7,7.4));
#7177 = VECTOR('',#7178,1.);
#7178 = DIRECTION('',(0.,1.));
#7179 = ( GEOMETRIC_REPRESENTATION_CONTEXT(2) 
PARAMETRIC_REPRESENTATION_CONTEXT() REPRESENTATION_CONTEXT('2D SPACE',''
  ) );
#7180 = ORIENTED_EDGE('',*,*,#7181,.T.);
#7181 = EDGE_CURVE('',#7159,#7182,#7184,.T.);
#7182 = VERTEX_POINT('',#7183);
#7183 = CARTESIAN_POINT('',(10.85,16.35,-2.6645352591E-15));
#7184 = SURFACE_CURVE('',#7185,(#7189,#7196),.PCURVE_S1.);
#7185 = LINE('',#7186,#7187);
#7186 = CARTESIAN_POINT('',(11.35,16.35,-2.6645352591E-15));
#7187 = VECTOR('',#7188,1.);
#7188 = DIRECTION('',(-1.,0.,0.));
#7189 = PCURVE('',#6700,#7190);
#7190 = DEFINITIONAL_REPRESENTATION('',(#7191),#7195);
#7191 = LINE('',#7192,#7193);
#7192 = CARTESIAN_POINT('',(-12.7,8.881784197001E-16));
#7193 = VECTOR('',#7194,1.);
#7194 = DIRECTION('',(1.,0.));
#7195 = ( GEOMETRIC_REPRESENTATION_CONTEXT(2) 
PARAMETRIC_REPRESENTATION_CONTEXT() REPRESENTATION_CONTEXT('2D SPACE',''
  ) );
#7196 = PCURVE('',#7197,#7202);
#7197 = PLANE('',#7198);
#7198 = AXIS2_PLACEMENT_3D('',#7199,#7200,#7201);
#7199 = CARTESIAN_POINT('',(3.6,15.35,-2.6645352591E-15));
#7200 = DIRECTION('',(0.,0.,1.));
#7201 = DIRECTION('',(0.,1.,0.));
#7202 = DEFINITIONAL_REPRESENTATION('',(#7203),#7207);
#7203 = LINE('',#7204,#7205);
#7204 = CARTESIAN_POINT('',(1.,-7.75));
#7205 = VECTOR('',#7206,1.);
#7206 = DIRECTION('',(0.,1.));
#7207 = ( GEOMETRIC_REPRESENTATION_CONTEXT(2) 
PARAMETRIC_REPRESENTATION_CONTEXT() REPRESENTATION_CONTEXT('2D SPACE',''
  ) );
#7208 = ORIENTED_EDGE('',*,*,#7209,.T.);
#7209 = EDGE_CURVE('',#7182,#6267,#7210,.T.);
#7210 = SURFACE_CURVE('',#7211,(#7215,#7222),.PCURVE_S1.);
#7211 = LINE('',#7212,#7213);
#7212 = CARTESIAN_POINT('',(10.85,16.35,-0.707106781187));
#7213 = VECTOR('',#7214,1.);
#7214 = DIRECTION('',(0.,0.,1.));
#7215 = PCURVE('',#6700,#7216);
#7216 = DEFINITIONAL_REPRESENTATION('',(#7217),#7221);
#7217 = LINE('',#7218,#7219);
#7218 = CARTESIAN_POINT('',(-12.2,0.707106781187));
#7219 = VECTOR('',#7220,1.);
#7220 = DIRECTION('',(0.,-1.));
#7221 = ( GEOMETRIC_REPRESENTATION_CONTEXT(2) 
PARAMETRIC_REPRESENTATION_CONTEXT() REPRESENTATION_CONTEXT('2D SPACE',''
  ) );
#7222 = PCURVE('',#6282,#7223);
#7223 = DEFINITIONAL_REPRESENTATION('',(#7224),#7228);
#7224 = LINE('',#7225,#7226);
#7225 = CARTESIAN_POINT('',(0.,0.));
#7226 = VECTOR('',#7227,1.);
#7227 = DIRECTION('',(0.,1.));
#7228 = ( GEOMETRIC_REPRESENTATION_CONTEXT(2) 
PARAMETRIC_REPRESENTATION_CONTEXT() REPRESENTATION_CONTEXT('2D SPACE',''
  ) );
#7229 = ADVANCED_FACE('',(#7230),#7197,.F.);
#7230 = FACE_BOUND('',#7231,.T.);
#7231 = EDGE_LOOP('',(#7232,#7255,#7278,#7299));
#7232 = ORIENTED_EDGE('',*,*,#7233,.F.);
#7233 = EDGE_CURVE('',#7234,#7159,#7236,.T.);
#7234 = VERTEX_POINT('',#7235);
#7235 = CARTESIAN_POINT('',(11.35,15.85,-2.6645352591E-15));
#7236 = SURFACE_CURVE('',#7237,(#7241,#7248),.PCURVE_S1.);
#7237 = LINE('',#7238,#7239);
#7238 = CARTESIAN_POINT('',(11.35,16.35,-2.6645352591E-15));
#7239 = VECTOR('',#7240,1.);
#7240 = DIRECTION('',(0.,1.,0.));
#7241 = PCURVE('',#7197,#7242);
#7242 = DEFINITIONAL_REPRESENTATION('',(#7243),#7247);
#7243 = LINE('',#7244,#7245);
#7244 = CARTESIAN_POINT('',(1.,-7.75));
#7245 = VECTOR('',#7246,1.);
#7246 = DIRECTION('',(1.,0.));
#7247 = ( GEOMETRIC_REPRESENTATION_CONTEXT(2) 
PARAMETRIC_REPRESENTATION_CONTEXT() REPRESENTATION_CONTEXT('2D SPACE',''
  ) );
#7248 = PCURVE('',#6338,#7249);
#7249 = DEFINITIONAL_REPRESENTATION('',(#7250),#7254);
#7250 = LINE('',#7251,#7252);
#7251 = CARTESIAN_POINT('',(8.7,-8.881784197001E-16));
#7252 = VECTOR('',#7253,1.);
#7253 = DIRECTION('',(1.,0.));
#7254 = ( GEOMETRIC_REPRESENTATION_CONTEXT(2) 
PARAMETRIC_REPRESENTATION_CONTEXT() REPRESENTATION_CONTEXT('2D SPACE',''
  ) );
#7255 = ORIENTED_EDGE('',*,*,#7256,.F.);
#7256 = EDGE_CURVE('',#7257,#7234,#7259,.T.);
#7257 = VERTEX_POINT('',#7258);
#7258 = CARTESIAN_POINT('',(10.85,15.85,-2.6645352591E-15));
#7259 = SURFACE_CURVE('',#7260,(#7264,#7271),.PCURVE_S1.);
#7260 = LINE('',#7261,#7262);
#7261 = CARTESIAN_POINT('',(11.35,15.85,-2.6645352591E-15));
#7262 = VECTOR('',#7263,1.);
#7263 = DIRECTION('',(1.,2.168404344971E-16,0.));
#7264 = PCURVE('',#7197,#7265);
#7265 = DEFINITIONAL_REPRESENTATION('',(#7266),#7270);
#7266 = LINE('',#7267,#7268);
#7267 = CARTESIAN_POINT('',(0.5,-7.75));
#7268 = VECTOR('',#7269,1.);
#7269 = DIRECTION('',(2.168404344971E-16,-1.));
#7270 = ( GEOMETRIC_REPRESENTATION_CONTEXT(2) 
PARAMETRIC_REPRESENTATION_CONTEXT() REPRESENTATION_CONTEXT('2D SPACE',''
  ) );
#7271 = PCURVE('',#6310,#7272);
#7272 = DEFINITIONAL_REPRESENTATION('',(#7273),#7277);
#7273 = LINE('',#7274,#7275);
#7274 = CARTESIAN_POINT('',(0.,0.707106781187));
#7275 = VECTOR('',#7276,1.);
#7276 = DIRECTION('',(-1.,0.));
#7277 = ( GEOMETRIC_REPRESENTATION_CONTEXT(2) 
PARAMETRIC_REPRESENTATION_CONTEXT() REPRESENTATION_CONTEXT('2D SPACE',''
  ) );
#7278 = ORIENTED_EDGE('',*,*,#7279,.F.);
#7279 = EDGE_CURVE('',#7182,#7257,#7280,.T.);
#7280 = SURFACE_CURVE('',#7281,(#7285,#7292),.PCURVE_S1.);
#7281 = LINE('',#7282,#7283);
#7282 = CARTESIAN_POINT('',(10.85,16.35,-2.6645352591E-15));
#7283 = VECTOR('',#7284,1.);
#7284 = DIRECTION('',(0.,-1.,0.));
#7285 = PCURVE('',#7197,#7286);
#7286 = DEFINITIONAL_REPRESENTATION('',(#7287),#7291);
#7287 = LINE('',#7288,#7289);
#7288 = CARTESIAN_POINT('',(1.,-7.25));
#7289 = VECTOR('',#7290,1.);
#7290 = DIRECTION('',(-1.,0.));
#7291 = ( GEOMETRIC_REPRESENTATION_CONTEXT(2) 
PARAMETRIC_REPRESENTATION_CONTEXT() REPRESENTATION_CONTEXT('2D SPACE',''
  ) );
#7292 = PCURVE('',#6282,#7293);
#7293 = DEFINITIONAL_REPRESENTATION('',(#7294),#7298);
#7294 = LINE('',#7295,#7296);
#7295 = CARTESIAN_POINT('',(0.,0.707106781187));
#7296 = VECTOR('',#7297,1.);
#7297 = DIRECTION('',(-1.,0.));
#7298 = ( GEOMETRIC_REPRESENTATION_CONTEXT(2) 
PARAMETRIC_REPRESENTATION_CONTEXT() REPRESENTATION_CONTEXT('2D SPACE',''
  ) );
#7299 = ORIENTED_EDGE('',*,*,#7181,.F.);
#7300 = ADVANCED_FACE('',(#7301),#7146,.T.);
#7301 = FACE_BOUND('',#7302,.T.);
#7302 = EDGE_LOOP('',(#7303,#7338,#7359,#7360,#7383,#7416));
#7303 = ORIENTED_EDGE('',*,*,#7304,.F.);
#7304 = EDGE_CURVE('',#7305,#7307,#7309,.T.);
#7305 = VERTEX_POINT('',#7306);
#7306 = CARTESIAN_POINT('',(11.35,6.5,7.4));
#7307 = VERTEX_POINT('',#7308);
#7308 = CARTESIAN_POINT('',(10.6,6.5,8.368245836552));
#7309 = SURFACE_CURVE('',#7310,(#7315,#7322),.PCURVE_S1.);
#7310 = CIRCLE('',#7311,1.);
#7311 = AXIS2_PLACEMENT_3D('',#7312,#7313,#7314);
#7312 = CARTESIAN_POINT('',(10.35,6.5,7.4));
#7313 = DIRECTION('',(-0.,-1.,0.));
#7314 = DIRECTION('',(-1.,0.,8.673617379884E-16));
#7315 = PCURVE('',#7146,#7316);
#7316 = DEFINITIONAL_REPRESENTATION('',(#7317),#7321);
#7317 = LINE('',#7318,#7319);
#7318 = CARTESIAN_POINT('',(6.28318530718,6.756213597756));
#7319 = VECTOR('',#7320,1.);
#7320 = DIRECTION('',(-1.,0.));
#7321 = ( GEOMETRIC_REPRESENTATION_CONTEXT(2) 
PARAMETRIC_REPRESENTATION_CONTEXT() REPRESENTATION_CONTEXT('2D SPACE',''
  ) );
#7322 = PCURVE('',#7323,#7328);
#7323 = PLANE('',#7324);
#7324 = AXIS2_PLACEMENT_3D('',#7325,#7326,#7327);
#7325 = CARTESIAN_POINT('',(11.35,6.5,0.2995));
#7326 = DIRECTION('',(0.,1.,0.));
#7327 = DIRECTION('',(-1.,0.,0.));
#7328 = DEFINITIONAL_REPRESENTATION('',(#7329),#7337);
#7329 = ( BOUNDED_CURVE() B_SPLINE_CURVE(2,(#7330,#7331,#7332,#7333,
#7334,#7335,#7336),.UNSPECIFIED.,.T.,.F.) B_SPLINE_CURVE_WITH_KNOTS((1,2
    ,2,2,2,1),(-2.094395102393,0.,2.094395102393,4.188790204786,
6.28318530718,8.377580409573),.UNSPECIFIED.) CURVE() 
GEOMETRIC_REPRESENTATION_ITEM() RATIONAL_B_SPLINE_CURVE((1.,0.5,1.,0.5,
1.,0.5,1.)) REPRESENTATION_ITEM('') );
#7330 = CARTESIAN_POINT('',(2.,7.1005));
#7331 = CARTESIAN_POINT('',(2.,5.368449192431));
#7332 = CARTESIAN_POINT('',(0.5,6.234474596216));
#7333 = CARTESIAN_POINT('',(-1.,7.1005));
#7334 = CARTESIAN_POINT('',(0.5,7.966525403784));
#7335 = CARTESIAN_POINT('',(2.,8.832550807569));
#7336 = CARTESIAN_POINT('',(2.,7.1005));
#7337 = ( GEOMETRIC_REPRESENTATION_CONTEXT(2) 
PARAMETRIC_REPRESENTATION_CONTEXT() REPRESENTATION_CONTEXT('2D SPACE',''
  ) );
#7338 = ORIENTED_EDGE('',*,*,#7339,.F.);
#7339 = EDGE_CURVE('',#7130,#7305,#7340,.T.);
#7340 = SURFACE_CURVE('',#7341,(#7345,#7352),.PCURVE_S1.);
#7341 = LINE('',#7342,#7343);
#7342 = CARTESIAN_POINT('',(11.35,7.65,7.4));
#7343 = VECTOR('',#7344,1.);
#7344 = DIRECTION('',(0.,-1.,-0.));
#7345 = PCURVE('',#7146,#7346);
#7346 = DEFINITIONAL_REPRESENTATION('',(#7347),#7351);
#7347 = LINE('',#7348,#7349);
#7348 = CARTESIAN_POINT('',(3.14159265359,7.906213597756));
#7349 = VECTOR('',#7350,1.);
#7350 = DIRECTION('',(0.,-1.));
#7351 = ( GEOMETRIC_REPRESENTATION_CONTEXT(2) 
PARAMETRIC_REPRESENTATION_CONTEXT() REPRESENTATION_CONTEXT('2D SPACE',''
  ) );
#7352 = PCURVE('',#6338,#7353);
#7353 = DEFINITIONAL_REPRESENTATION('',(#7354),#7358);
#7354 = LINE('',#7355,#7356);
#7355 = CARTESIAN_POINT('',(0.,7.4));
#7356 = VECTOR('',#7357,1.);
#7357 = DIRECTION('',(-1.,0.));
#7358 = ( GEOMETRIC_REPRESENTATION_CONTEXT(2) 
PARAMETRIC_REPRESENTATION_CONTEXT() REPRESENTATION_CONTEXT('2D SPACE',''
  ) );
#7359 = ORIENTED_EDGE('',*,*,#7129,.T.);
#7360 = ORIENTED_EDGE('',*,*,#7361,.F.);
#7361 = EDGE_CURVE('',#7362,#7102,#7364,.T.);
#7362 = VERTEX_POINT('',#7363);
#7363 = CARTESIAN_POINT('',(10.35,6.75,8.4));
#7364 = SURFACE_CURVE('',#7365,(#7369,#7376),.PCURVE_S1.);
#7365 = LINE('',#7366,#7367);
#7366 = CARTESIAN_POINT('',(10.35,-0.256213597756,8.4));
#7367 = VECTOR('',#7368,1.);
#7368 = DIRECTION('',(0.,1.,0.));
#7369 = PCURVE('',#7146,#7370);
#7370 = DEFINITIONAL_REPRESENTATION('',(#7371),#7375);
#7371 = LINE('',#7372,#7373);
#7372 = CARTESIAN_POINT('',(1.570796326795,0.));
#7373 = VECTOR('',#7374,1.);
#7374 = DIRECTION('',(0.,1.));
#7375 = ( GEOMETRIC_REPRESENTATION_CONTEXT(2) 
PARAMETRIC_REPRESENTATION_CONTEXT() REPRESENTATION_CONTEXT('2D SPACE',''
  ) );
#7376 = PCURVE('',#7117,#7377);
#7377 = DEFINITIONAL_REPRESENTATION('',(#7378),#7382);
#7378 = LINE('',#7379,#7380);
#7379 = CARTESIAN_POINT('',(0.,8.896076284075E-02));
#7380 = VECTOR('',#7381,1.);
#7381 = DIRECTION('',(1.,0.));
#7382 = ( GEOMETRIC_REPRESENTATION_CONTEXT(2) 
PARAMETRIC_REPRESENTATION_CONTEXT() REPRESENTATION_CONTEXT('2D SPACE',''
  ) );
#7383 = ORIENTED_EDGE('',*,*,#7384,.F.);
#7384 = EDGE_CURVE('',#7385,#7362,#7387,.T.);
#7385 = VERTEX_POINT('',#7386);
#7386 = CARTESIAN_POINT('',(10.6,6.75,8.368245836552));
#7387 = SURFACE_CURVE('',#7388,(#7393,#7400),.PCURVE_S1.);
#7388 = CIRCLE('',#7389,1.);
#7389 = AXIS2_PLACEMENT_3D('',#7390,#7391,#7392);
#7390 = CARTESIAN_POINT('',(10.35,6.75,7.4));
#7391 = DIRECTION('',(0.,-1.,-0.));
#7392 = DIRECTION('',(-1.,0.,-4.336808689942E-15));
#7393 = PCURVE('',#7146,#7394);
#7394 = DEFINITIONAL_REPRESENTATION('',(#7395),#7399);
#7395 = LINE('',#7396,#7397);
#7396 = CARTESIAN_POINT('',(6.28318530718,7.006213597756));
#7397 = VECTOR('',#7398,1.);
#7398 = DIRECTION('',(-1.,0.));
#7399 = ( GEOMETRIC_REPRESENTATION_CONTEXT(2) 
PARAMETRIC_REPRESENTATION_CONTEXT() REPRESENTATION_CONTEXT('2D SPACE',''
  ) );
#7400 = PCURVE('',#7401,#7406);
#7401 = PLANE('',#7402);
#7402 = AXIS2_PLACEMENT_3D('',#7403,#7404,#7405);
#7403 = CARTESIAN_POINT('',(10.6,6.75,0.2995));
#7404 = DIRECTION('',(0.,1.,0.));
#7405 = DIRECTION('',(-1.,0.,0.));
#7406 = DEFINITIONAL_REPRESENTATION('',(#7407),#7415);
#7407 = ( BOUNDED_CURVE() B_SPLINE_CURVE(2,(#7408,#7409,#7410,#7411,
#7412,#7413,#7414),.UNSPECIFIED.,.T.,.F.) B_SPLINE_CURVE_WITH_KNOTS((1,2
    ,2,2,2,1),(-2.094395102393,0.,2.094395102393,4.188790204786,
6.28318530718,8.377580409573),.UNSPECIFIED.) CURVE() 
GEOMETRIC_REPRESENTATION_ITEM() RATIONAL_B_SPLINE_CURVE((1.,0.5,1.,0.5,
1.,0.5,1.)) REPRESENTATION_ITEM('') );
#7408 = CARTESIAN_POINT('',(1.25,7.1005));
#7409 = CARTESIAN_POINT('',(1.25,5.368449192431));
#7410 = CARTESIAN_POINT('',(-0.25,6.234474596216));
#7411 = CARTESIAN_POINT('',(-1.75,7.1005));
#7412 = CARTESIAN_POINT('',(-0.25,7.966525403784));
#7413 = CARTESIAN_POINT('',(1.25,8.832550807569));
#7414 = CARTESIAN_POINT('',(1.25,7.1005));
#7415 = ( GEOMETRIC_REPRESENTATION_CONTEXT(2) 
PARAMETRIC_REPRESENTATION_CONTEXT() REPRESENTATION_CONTEXT('2D SPACE',''
  ) );
#7416 = ORIENTED_EDGE('',*,*,#7417,.F.);
#7417 = EDGE_CURVE('',#7307,#7385,#7418,.T.);
#7418 = SURFACE_CURVE('',#7419,(#7423,#7430),.PCURVE_S1.);
#7419 = LINE('',#7420,#7421);
#7420 = CARTESIAN_POINT('',(10.6,-0.256213597756,8.368245836552));
#7421 = VECTOR('',#7422,1.);
#7422 = DIRECTION('',(0.,1.,0.));
#7423 = PCURVE('',#7146,#7424);
#7424 = DEFINITIONAL_REPRESENTATION('',(#7425),#7429);
#7425 = LINE('',#7426,#7427);
#7426 = CARTESIAN_POINT('',(1.823476581937,0.));
#7427 = VECTOR('',#7428,1.);
#7428 = DIRECTION('',(0.,1.));
#7429 = ( GEOMETRIC_REPRESENTATION_CONTEXT(2) 
PARAMETRIC_REPRESENTATION_CONTEXT() REPRESENTATION_CONTEXT('2D SPACE',''
  ) );
#7430 = PCURVE('',#7431,#7436);
#7431 = PLANE('',#7432);
#7432 = AXIS2_PLACEMENT_3D('',#7433,#7434,#7435);
#7433 = CARTESIAN_POINT('',(10.6,6.5,0.2995));
#7434 = DIRECTION('',(1.,0.,0.));
#7435 = DIRECTION('',(0.,1.,0.));
#7436 = DEFINITIONAL_REPRESENTATION('',(#7437),#7441);
#7437 = LINE('',#7438,#7439);
#7438 = CARTESIAN_POINT('',(-6.756213597756,8.068745836552));
#7439 = VECTOR('',#7440,1.);
#7440 = DIRECTION('',(1.,0.));
#7441 = ( GEOMETRIC_REPRESENTATION_CONTEXT(2) 
PARAMETRIC_REPRESENTATION_CONTEXT() REPRESENTATION_CONTEXT('2D SPACE',''
  ) );
#7442 = ADVANCED_FACE('',(#7443),#7431,.F.);
#7443 = FACE_BOUND('',#7444,.T.);
#7444 = EDGE_LOOP('',(#7445,#7446,#7469,#7497));
#7445 = ORIENTED_EDGE('',*,*,#7417,.T.);
#7446 = ORIENTED_EDGE('',*,*,#7447,.F.);
#7447 = EDGE_CURVE('',#7448,#7385,#7450,.T.);
#7448 = VERTEX_POINT('',#7449);
#7449 = CARTESIAN_POINT('',(10.6,6.75,-2.6645352591E-15));
#7450 = SURFACE_CURVE('',#7451,(#7455,#7462),.PCURVE_S1.);
#7451 = LINE('',#7452,#7453);
#7452 = CARTESIAN_POINT('',(10.6,6.75,0.2995));
#7453 = VECTOR('',#7454,1.);
#7454 = DIRECTION('',(0.,0.,1.));
#7455 = PCURVE('',#7431,#7456);
#7456 = DEFINITIONAL_REPRESENTATION('',(#7457),#7461);
#7457 = LINE('',#7458,#7459);
#7458 = CARTESIAN_POINT('',(0.25,0.));
#7459 = VECTOR('',#7460,1.);
#7460 = DIRECTION('',(0.,1.));
#7461 = ( GEOMETRIC_REPRESENTATION_CONTEXT(2) 
PARAMETRIC_REPRESENTATION_CONTEXT() REPRESENTATION_CONTEXT('2D SPACE',''
  ) );
#7462 = PCURVE('',#7401,#7463);
#7463 = DEFINITIONAL_REPRESENTATION('',(#7464),#7468);
#7464 = LINE('',#7465,#7466);
#7465 = CARTESIAN_POINT('',(0.,0.));
#7466 = VECTOR('',#7467,1.);
#7467 = DIRECTION('',(0.,1.));
#7468 = ( GEOMETRIC_REPRESENTATION_CONTEXT(2) 
PARAMETRIC_REPRESENTATION_CONTEXT() REPRESENTATION_CONTEXT('2D SPACE',''
  ) );
#7469 = ORIENTED_EDGE('',*,*,#7470,.F.);
#7470 = EDGE_CURVE('',#7471,#7448,#7473,.T.);
#7471 = VERTEX_POINT('',#7472);
#7472 = CARTESIAN_POINT('',(10.6,6.5,-2.6645352591E-15));
#7473 = SURFACE_CURVE('',#7474,(#7478,#7485),.PCURVE_S1.);
#7474 = LINE('',#7475,#7476);
#7475 = CARTESIAN_POINT('',(10.6,6.5,-2.6645352591E-15));
#7476 = VECTOR('',#7477,1.);
#7477 = DIRECTION('',(0.,1.,0.));
#7478 = PCURVE('',#7431,#7479);
#7479 = DEFINITIONAL_REPRESENTATION('',(#7480),#7484);
#7480 = LINE('',#7481,#7482);
#7481 = CARTESIAN_POINT('',(0.,-0.2995));
#7482 = VECTOR('',#7483,1.);
#7483 = DIRECTION('',(1.,0.));
#7484 = ( GEOMETRIC_REPRESENTATION_CONTEXT(2) 
PARAMETRIC_REPRESENTATION_CONTEXT() REPRESENTATION_CONTEXT('2D SPACE',''
  ) );
#7485 = PCURVE('',#7486,#7491);
#7486 = PLANE('',#7487);
#7487 = AXIS2_PLACEMENT_3D('',#7488,#7489,#7490);
#7488 = CARTESIAN_POINT('',(3.6,15.35,-2.6645352591E-15));
#7489 = DIRECTION('',(0.,0.,1.));
#7490 = DIRECTION('',(0.,1.,0.));
#7491 = DEFINITIONAL_REPRESENTATION('',(#7492),#7496);
#7492 = LINE('',#7493,#7494);
#7493 = CARTESIAN_POINT('',(-8.85,-7.));
#7494 = VECTOR('',#7495,1.);
#7495 = DIRECTION('',(1.,0.));
#7496 = ( GEOMETRIC_REPRESENTATION_CONTEXT(2) 
PARAMETRIC_REPRESENTATION_CONTEXT() REPRESENTATION_CONTEXT('2D SPACE',''
  ) );
#7497 = ORIENTED_EDGE('',*,*,#7498,.T.);
#7498 = EDGE_CURVE('',#7471,#7307,#7499,.T.);
#7499 = SURFACE_CURVE('',#7500,(#7504,#7511),.PCURVE_S1.);
#7500 = LINE('',#7501,#7502);
#7501 = CARTESIAN_POINT('',(10.6,6.5,0.2995));
#7502 = VECTOR('',#7503,1.);
#7503 = DIRECTION('',(0.,0.,1.));
#7504 = PCURVE('',#7431,#7505);
#7505 = DEFINITIONAL_REPRESENTATION('',(#7506),#7510);
#7506 = LINE('',#7507,#7508);
#7507 = CARTESIAN_POINT('',(0.,0.));
#7508 = VECTOR('',#7509,1.);
#7509 = DIRECTION('',(0.,1.));
#7510 = ( GEOMETRIC_REPRESENTATION_CONTEXT(2) 
PARAMETRIC_REPRESENTATION_CONTEXT() REPRESENTATION_CONTEXT('2D SPACE',''
  ) );
#7511 = PCURVE('',#7323,#7512);
#7512 = DEFINITIONAL_REPRESENTATION('',(#7513),#7517);
#7513 = LINE('',#7514,#7515);
#7514 = CARTESIAN_POINT('',(0.75,0.));
#7515 = VECTOR('',#7516,1.);
#7516 = DIRECTION('',(0.,1.));
#7517 = ( GEOMETRIC_REPRESENTATION_CONTEXT(2) 
PARAMETRIC_REPRESENTATION_CONTEXT() REPRESENTATION_CONTEXT('2D SPACE',''
  ) );
#7518 = ADVANCED_FACE('',(#7519),#7486,.F.);
#7519 = FACE_BOUND('',#7520,.T.);
#7520 = EDGE_LOOP('',(#7521,#7551,#7579,#7607,#7635,#7658,#7681,#7704,
    #7727,#7750,#7771,#7772));
#7521 = ORIENTED_EDGE('',*,*,#7522,.T.);
#7522 = EDGE_CURVE('',#7523,#7525,#7527,.T.);
#7523 = VERTEX_POINT('',#7524);
#7524 = CARTESIAN_POINT('',(10.1,6.75,-2.6645352591E-15));
#7525 = VERTEX_POINT('',#7526);
#7526 = CARTESIAN_POINT('',(10.1,5.25,-2.6645352591E-15));
#7527 = SURFACE_CURVE('',#7528,(#7532,#7539),.PCURVE_S1.);
#7528 = LINE('',#7529,#7530);
#7529 = CARTESIAN_POINT('',(10.1,6.75,-2.6645352591E-15));
#7530 = VECTOR('',#7531,1.);
#7531 = DIRECTION('',(0.,-1.,0.));
#7532 = PCURVE('',#7486,#7533);
#7533 = DEFINITIONAL_REPRESENTATION('',(#7534),#7538);
#7534 = LINE('',#7535,#7536);
#7535 = CARTESIAN_POINT('',(-8.6,-6.5));
#7536 = VECTOR('',#7537,1.);
#7537 = DIRECTION('',(-1.,0.));
#7538 = ( GEOMETRIC_REPRESENTATION_CONTEXT(2) 
PARAMETRIC_REPRESENTATION_CONTEXT() REPRESENTATION_CONTEXT('2D SPACE',''
  ) );
#7539 = PCURVE('',#7540,#7545);
#7540 = PLANE('',#7541);
#7541 = AXIS2_PLACEMENT_3D('',#7542,#7543,#7544);
#7542 = CARTESIAN_POINT('',(10.1,6.75,0.2995));
#7543 = DIRECTION('',(-1.,0.,0.));
#7544 = DIRECTION('',(0.,-1.,0.));
#7545 = DEFINITIONAL_REPRESENTATION('',(#7546),#7550);
#7546 = LINE('',#7547,#7548);
#7547 = CARTESIAN_POINT('',(0.,-0.2995));
#7548 = VECTOR('',#7549,1.);
#7549 = DIRECTION('',(1.,0.));
#7550 = ( GEOMETRIC_REPRESENTATION_CONTEXT(2) 
PARAMETRIC_REPRESENTATION_CONTEXT() REPRESENTATION_CONTEXT('2D SPACE',''
  ) );
#7551 = ORIENTED_EDGE('',*,*,#7552,.T.);
#7552 = EDGE_CURVE('',#7525,#7553,#7555,.T.);
#7553 = VERTEX_POINT('',#7554);
#7554 = CARTESIAN_POINT('',(10.6,5.25,-2.6645352591E-15));
#7555 = SURFACE_CURVE('',#7556,(#7560,#7567),.PCURVE_S1.);
#7556 = LINE('',#7557,#7558);
#7557 = CARTESIAN_POINT('',(10.1,5.25,-2.6645352591E-15));
#7558 = VECTOR('',#7559,1.);
#7559 = DIRECTION('',(1.,-3.469446951954E-15,0.));
#7560 = PCURVE('',#7486,#7561);
#7561 = DEFINITIONAL_REPRESENTATION('',(#7562),#7566);
#7562 = LINE('',#7563,#7564);
#7563 = CARTESIAN_POINT('',(-10.1,-6.5));
#7564 = VECTOR('',#7565,1.);
#7565 = DIRECTION('',(-3.469446951954E-15,-1.));
#7566 = ( GEOMETRIC_REPRESENTATION_CONTEXT(2) 
PARAMETRIC_REPRESENTATION_CONTEXT() REPRESENTATION_CONTEXT('2D SPACE',''
  ) );
#7567 = PCURVE('',#7568,#7573);
#7568 = PLANE('',#7569);
#7569 = AXIS2_PLACEMENT_3D('',#7570,#7571,#7572);
#7570 = CARTESIAN_POINT('',(10.6,5.25,0.2995));
#7571 = DIRECTION('',(-3.469446951954E-15,-1.,0.));
#7572 = DIRECTION('',(1.,-3.469446951954E-15,0.));
#7573 = DEFINITIONAL_REPRESENTATION('',(#7574),#7578);
#7574 = LINE('',#7575,#7576);
#7575 = CARTESIAN_POINT('',(-0.5,-0.2995));
#7576 = VECTOR('',#7577,1.);
#7577 = DIRECTION('',(1.,0.));
#7578 = ( GEOMETRIC_REPRESENTATION_CONTEXT(2) 
PARAMETRIC_REPRESENTATION_CONTEXT() REPRESENTATION_CONTEXT('2D SPACE',''
  ) );
#7579 = ORIENTED_EDGE('',*,*,#7580,.T.);
#7580 = EDGE_CURVE('',#7553,#7581,#7583,.T.);
#7581 = VERTEX_POINT('',#7582);
#7582 = CARTESIAN_POINT('',(10.6,5.5,-2.6645352591E-15));
#7583 = SURFACE_CURVE('',#7584,(#7588,#7595),.PCURVE_S1.);
#7584 = LINE('',#7585,#7586);
#7585 = CARTESIAN_POINT('',(10.6,5.25,-2.6645352591E-15));
#7586 = VECTOR('',#7587,1.);
#7587 = DIRECTION('',(0.,1.,0.));
#7588 = PCURVE('',#7486,#7589);
#7589 = DEFINITIONAL_REPRESENTATION('',(#7590),#7594);
#7590 = LINE('',#7591,#7592);
#7591 = CARTESIAN_POINT('',(-10.1,-7.));
#7592 = VECTOR('',#7593,1.);
#7593 = DIRECTION('',(1.,0.));
#7594 = ( GEOMETRIC_REPRESENTATION_CONTEXT(2) 
PARAMETRIC_REPRESENTATION_CONTEXT() REPRESENTATION_CONTEXT('2D SPACE',''
  ) );
#7595 = PCURVE('',#7596,#7601);
#7596 = PLANE('',#7597);
#7597 = AXIS2_PLACEMENT_3D('',#7598,#7599,#7600);
#7598 = CARTESIAN_POINT('',(10.6,5.5,0.2995));
#7599 = DIRECTION('',(1.,0.,0.));
#7600 = DIRECTION('',(0.,1.,0.));
#7601 = DEFINITIONAL_REPRESENTATION('',(#7602),#7606);
#7602 = LINE('',#7603,#7604);
#7603 = CARTESIAN_POINT('',(-0.25,-0.2995));
#7604 = VECTOR('',#7605,1.);
#7605 = DIRECTION('',(1.,0.));
#7606 = ( GEOMETRIC_REPRESENTATION_CONTEXT(2) 
PARAMETRIC_REPRESENTATION_CONTEXT() REPRESENTATION_CONTEXT('2D SPACE',''
  ) );
#7607 = ORIENTED_EDGE('',*,*,#7608,.T.);
#7608 = EDGE_CURVE('',#7581,#7609,#7611,.T.);
#7609 = VERTEX_POINT('',#7610);
#7610 = CARTESIAN_POINT('',(11.35,5.5,-2.6645352591E-15));
#7611 = SURFACE_CURVE('',#7612,(#7616,#7623),.PCURVE_S1.);
#7612 = LINE('',#7613,#7614);
#7613 = CARTESIAN_POINT('',(10.6,5.5,-2.6645352591E-15));
#7614 = VECTOR('',#7615,1.);
#7615 = DIRECTION('',(1.,0.,0.));
#7616 = PCURVE('',#7486,#7617);
#7617 = DEFINITIONAL_REPRESENTATION('',(#7618),#7622);
#7618 = LINE('',#7619,#7620);
#7619 = CARTESIAN_POINT('',(-9.85,-7.));
#7620 = VECTOR('',#7621,1.);
#7621 = DIRECTION('',(0.,-1.));
#7622 = ( GEOMETRIC_REPRESENTATION_CONTEXT(2) 
PARAMETRIC_REPRESENTATION_CONTEXT() REPRESENTATION_CONTEXT('2D SPACE',''
  ) );
#7623 = PCURVE('',#7624,#7629);
#7624 = PLANE('',#7625);
#7625 = AXIS2_PLACEMENT_3D('',#7626,#7627,#7628);
#7626 = CARTESIAN_POINT('',(11.35,5.5,0.2995));
#7627 = DIRECTION('',(0.,-1.,0.));
#7628 = DIRECTION('',(1.,0.,0.));
#7629 = DEFINITIONAL_REPRESENTATION('',(#7630),#7634);
#7630 = LINE('',#7631,#7632);
#7631 = CARTESIAN_POINT('',(-0.75,-0.2995));
#7632 = VECTOR('',#7633,1.);
#7633 = DIRECTION('',(1.,0.));
#7634 = ( GEOMETRIC_REPRESENTATION_CONTEXT(2) 
PARAMETRIC_REPRESENTATION_CONTEXT() REPRESENTATION_CONTEXT('2D SPACE',''
  ) );
#7635 = ORIENTED_EDGE('',*,*,#7636,.T.);
#7636 = EDGE_CURVE('',#7609,#7637,#7639,.T.);
#7637 = VERTEX_POINT('',#7638);
#7638 = CARTESIAN_POINT('',(11.35,5.,-2.6645352591E-15));
#7639 = SURFACE_CURVE('',#7640,(#7644,#7651),.PCURVE_S1.);
#7640 = LINE('',#7641,#7642);
#7641 = CARTESIAN_POINT('',(11.35,5.5,-2.6645352591E-15));
#7642 = VECTOR('',#7643,1.);
#7643 = DIRECTION('',(0.,-1.,0.));
#7644 = PCURVE('',#7486,#7645);
#7645 = DEFINITIONAL_REPRESENTATION('',(#7646),#7650);
#7646 = LINE('',#7647,#7648);
#7647 = CARTESIAN_POINT('',(-9.85,-7.75));
#7648 = VECTOR('',#7649,1.);
#7649 = DIRECTION('',(-1.,0.));
#7650 = ( GEOMETRIC_REPRESENTATION_CONTEXT(2) 
PARAMETRIC_REPRESENTATION_CONTEXT() REPRESENTATION_CONTEXT('2D SPACE',''
  ) );
#7651 = PCURVE('',#6450,#7652);
#7652 = DEFINITIONAL_REPRESENTATION('',(#7653),#7657);
#7653 = LINE('',#7654,#7655);
#7654 = CARTESIAN_POINT('',(-2.15,-8.881784197001E-16));
#7655 = VECTOR('',#7656,1.);
#7656 = DIRECTION('',(-1.,0.));
#7657 = ( GEOMETRIC_REPRESENTATION_CONTEXT(2) 
PARAMETRIC_REPRESENTATION_CONTEXT() REPRESENTATION_CONTEXT('2D SPACE',''
  ) );
#7658 = ORIENTED_EDGE('',*,*,#7659,.T.);
#7659 = EDGE_CURVE('',#7637,#7660,#7662,.T.);
#7660 = VERTEX_POINT('',#7661);
#7661 = CARTESIAN_POINT('',(9.85,5.,-2.6645352591E-15));
#7662 = SURFACE_CURVE('',#7663,(#7667,#7674),.PCURVE_S1.);
#7663 = LINE('',#7664,#7665);
#7664 = CARTESIAN_POINT('',(9.85,5.,-2.6645352591E-15));
#7665 = VECTOR('',#7666,1.);
#7666 = DIRECTION('',(-1.,1.156482317318E-15,0.));
#7667 = PCURVE('',#7486,#7668);
#7668 = DEFINITIONAL_REPRESENTATION('',(#7669),#7673);
#7669 = LINE('',#7670,#7671);
#7670 = CARTESIAN_POINT('',(-10.35,-6.25));
#7671 = VECTOR('',#7672,1.);
#7672 = DIRECTION('',(1.156482317318E-15,1.));
#7673 = ( GEOMETRIC_REPRESENTATION_CONTEXT(2) 
PARAMETRIC_REPRESENTATION_CONTEXT() REPRESENTATION_CONTEXT('2D SPACE',''
  ) );
#7674 = PCURVE('',#6422,#7675);
#7675 = DEFINITIONAL_REPRESENTATION('',(#7676),#7680);
#7676 = LINE('',#7677,#7678);
#7677 = CARTESIAN_POINT('',(0.,0.));
#7678 = VECTOR('',#7679,1.);
#7679 = DIRECTION('',(1.,0.));
#7680 = ( GEOMETRIC_REPRESENTATION_CONTEXT(2) 
PARAMETRIC_REPRESENTATION_CONTEXT() REPRESENTATION_CONTEXT('2D SPACE',''
  ) );
#7681 = ORIENTED_EDGE('',*,*,#7682,.T.);
#7682 = EDGE_CURVE('',#7660,#7683,#7685,.T.);
#7683 = VERTEX_POINT('',#7684);
#7684 = CARTESIAN_POINT('',(9.85,7.,-2.6645352591E-15));
#7685 = SURFACE_CURVE('',#7686,(#7690,#7697),.PCURVE_S1.);
#7686 = LINE('',#7687,#7688);
#7687 = CARTESIAN_POINT('',(9.85,7.,-2.6645352591E-15));
#7688 = VECTOR('',#7689,1.);
#7689 = DIRECTION('',(0.,1.,0.));
#7690 = PCURVE('',#7486,#7691);
#7691 = DEFINITIONAL_REPRESENTATION('',(#7692),#7696);
#7692 = LINE('',#7693,#7694);
#7693 = CARTESIAN_POINT('',(-8.35,-6.25));
#7694 = VECTOR('',#7695,1.);
#7695 = DIRECTION('',(1.,0.));
#7696 = ( GEOMETRIC_REPRESENTATION_CONTEXT(2) 
PARAMETRIC_REPRESENTATION_CONTEXT() REPRESENTATION_CONTEXT('2D SPACE',''
  ) );
#7697 = PCURVE('',#6394,#7698);
#7698 = DEFINITIONAL_REPRESENTATION('',(#7699),#7703);
#7699 = LINE('',#7700,#7701);
#7700 = CARTESIAN_POINT('',(0.,0.));
#7701 = VECTOR('',#7702,1.);
#7702 = DIRECTION('',(1.,0.));
#7703 = ( GEOMETRIC_REPRESENTATION_CONTEXT(2) 
PARAMETRIC_REPRESENTATION_CONTEXT() REPRESENTATION_CONTEXT('2D SPACE',''
  ) );
#7704 = ORIENTED_EDGE('',*,*,#7705,.T.);
#7705 = EDGE_CURVE('',#7683,#7706,#7708,.T.);
#7706 = VERTEX_POINT('',#7707);
#7707 = CARTESIAN_POINT('',(11.35,7.,-2.6645352591E-15));
#7708 = SURFACE_CURVE('',#7709,(#7713,#7720),.PCURVE_S1.);
#7709 = LINE('',#7710,#7711);
#7710 = CARTESIAN_POINT('',(11.35,7.,-2.6645352591E-15));
#7711 = VECTOR('',#7712,1.);
#7712 = DIRECTION('',(1.,-0.,-0.));
#7713 = PCURVE('',#7486,#7714);
#7714 = DEFINITIONAL_REPRESENTATION('',(#7715),#7719);
#7715 = LINE('',#7716,#7717);
#7716 = CARTESIAN_POINT('',(-8.35,-7.75));
#7717 = VECTOR('',#7718,1.);
#7718 = DIRECTION('',(0.,-1.));
#7719 = ( GEOMETRIC_REPRESENTATION_CONTEXT(2) 
PARAMETRIC_REPRESENTATION_CONTEXT() REPRESENTATION_CONTEXT('2D SPACE',''
  ) );
#7720 = PCURVE('',#6366,#7721);
#7721 = DEFINITIONAL_REPRESENTATION('',(#7722),#7726);
#7722 = LINE('',#7723,#7724);
#7723 = CARTESIAN_POINT('',(0.,0.));
#7724 = VECTOR('',#7725,1.);
#7725 = DIRECTION('',(1.,0.));
#7726 = ( GEOMETRIC_REPRESENTATION_CONTEXT(2) 
PARAMETRIC_REPRESENTATION_CONTEXT() REPRESENTATION_CONTEXT('2D SPACE',''
  ) );
#7727 = ORIENTED_EDGE('',*,*,#7728,.T.);
#7728 = EDGE_CURVE('',#7706,#7729,#7731,.T.);
#7729 = VERTEX_POINT('',#7730);
#7730 = CARTESIAN_POINT('',(11.35,6.5,-2.6645352591E-15));
#7731 = SURFACE_CURVE('',#7732,(#7736,#7743),.PCURVE_S1.);
#7732 = LINE('',#7733,#7734);
#7733 = CARTESIAN_POINT('',(11.35,6.5,-2.6645352591E-15));
#7734 = VECTOR('',#7735,1.);
#7735 = DIRECTION('',(0.,-1.,-0.));
#7736 = PCURVE('',#7486,#7737);
#7737 = DEFINITIONAL_REPRESENTATION('',(#7738),#7742);
#7738 = LINE('',#7739,#7740);
#7739 = CARTESIAN_POINT('',(-8.85,-7.75));
#7740 = VECTOR('',#7741,1.);
#7741 = DIRECTION('',(-1.,-0.));
#7742 = ( GEOMETRIC_REPRESENTATION_CONTEXT(2) 
PARAMETRIC_REPRESENTATION_CONTEXT() REPRESENTATION_CONTEXT('2D SPACE',''
  ) );
#7743 = PCURVE('',#6338,#7744);
#7744 = DEFINITIONAL_REPRESENTATION('',(#7745),#7749);
#7745 = LINE('',#7746,#7747);
#7746 = CARTESIAN_POINT('',(-1.15,-8.881784197001E-16));
#7747 = VECTOR('',#7748,1.);
#7748 = DIRECTION('',(-1.,0.));
#7749 = ( GEOMETRIC_REPRESENTATION_CONTEXT(2) 
PARAMETRIC_REPRESENTATION_CONTEXT() REPRESENTATION_CONTEXT('2D SPACE',''
  ) );
#7750 = ORIENTED_EDGE('',*,*,#7751,.T.);
#7751 = EDGE_CURVE('',#7729,#7471,#7752,.T.);
#7752 = SURFACE_CURVE('',#7753,(#7757,#7764),.PCURVE_S1.);
#7753 = LINE('',#7754,#7755);
#7754 = CARTESIAN_POINT('',(11.35,6.5,-2.6645352591E-15));
#7755 = VECTOR('',#7756,1.);
#7756 = DIRECTION('',(-1.,0.,0.));
#7757 = PCURVE('',#7486,#7758);
#7758 = DEFINITIONAL_REPRESENTATION('',(#7759),#7763);
#7759 = LINE('',#7760,#7761);
#7760 = CARTESIAN_POINT('',(-8.85,-7.75));
#7761 = VECTOR('',#7762,1.);
#7762 = DIRECTION('',(0.,1.));
#7763 = ( GEOMETRIC_REPRESENTATION_CONTEXT(2) 
PARAMETRIC_REPRESENTATION_CONTEXT() REPRESENTATION_CONTEXT('2D SPACE',''
  ) );
#7764 = PCURVE('',#7323,#7765);
#7765 = DEFINITIONAL_REPRESENTATION('',(#7766),#7770);
#7766 = LINE('',#7767,#7768);
#7767 = CARTESIAN_POINT('',(0.,-0.2995));
#7768 = VECTOR('',#7769,1.);
#7769 = DIRECTION('',(1.,0.));
#7770 = ( GEOMETRIC_REPRESENTATION_CONTEXT(2) 
PARAMETRIC_REPRESENTATION_CONTEXT() REPRESENTATION_CONTEXT('2D SPACE',''
  ) );
#7771 = ORIENTED_EDGE('',*,*,#7470,.T.);
#7772 = ORIENTED_EDGE('',*,*,#7773,.T.);
#7773 = EDGE_CURVE('',#7448,#7523,#7774,.T.);
#7774 = SURFACE_CURVE('',#7775,(#7779,#7786),.PCURVE_S1.);
#7775 = LINE('',#7776,#7777);
#7776 = CARTESIAN_POINT('',(10.6,6.75,-2.6645352591E-15));
#7777 = VECTOR('',#7778,1.);
#7778 = DIRECTION('',(-1.,0.,0.));
#7779 = PCURVE('',#7486,#7780);
#7780 = DEFINITIONAL_REPRESENTATION('',(#7781),#7785);
#7781 = LINE('',#7782,#7783);
#7782 = CARTESIAN_POINT('',(-8.6,-7.));
#7783 = VECTOR('',#7784,1.);
#7784 = DIRECTION('',(0.,1.));
#7785 = ( GEOMETRIC_REPRESENTATION_CONTEXT(2) 
PARAMETRIC_REPRESENTATION_CONTEXT() REPRESENTATION_CONTEXT('2D SPACE',''
  ) );
#7786 = PCURVE('',#7401,#7787);
#7787 = DEFINITIONAL_REPRESENTATION('',(#7788),#7792);
#7788 = LINE('',#7789,#7790);
#7789 = CARTESIAN_POINT('',(0.,-0.2995));
#7790 = VECTOR('',#7791,1.);
#7791 = DIRECTION('',(1.,0.));
#7792 = ( GEOMETRIC_REPRESENTATION_CONTEXT(2) 
PARAMETRIC_REPRESENTATION_CONTEXT() REPRESENTATION_CONTEXT('2D SPACE',''
  ) );
#7793 = ADVANCED_FACE('',(#7794),#7624,.F.);
#7794 = FACE_BOUND('',#7795,.T.);
#7795 = EDGE_LOOP('',(#7796,#7831,#7852,#7853));
#7796 = ORIENTED_EDGE('',*,*,#7797,.T.);
#7797 = EDGE_CURVE('',#7798,#7800,#7802,.T.);
#7798 = VERTEX_POINT('',#7799);
#7799 = CARTESIAN_POINT('',(10.6,5.5,8.368245836552));
#7800 = VERTEX_POINT('',#7801);
#7801 = CARTESIAN_POINT('',(11.35,5.5,7.4));
#7802 = SURFACE_CURVE('',#7803,(#7808,#7819),.PCURVE_S1.);
#7803 = CIRCLE('',#7804,1.);
#7804 = AXIS2_PLACEMENT_3D('',#7805,#7806,#7807);
#7805 = CARTESIAN_POINT('',(10.35,5.5,7.4));
#7806 = DIRECTION('',(0.,1.,-0.));
#7807 = DIRECTION('',(1.,0.,8.673617379884E-16));
#7808 = PCURVE('',#7624,#7809);
#7809 = DEFINITIONAL_REPRESENTATION('',(#7810),#7818);
#7810 = ( BOUNDED_CURVE() B_SPLINE_CURVE(2,(#7811,#7812,#7813,#7814,
#7815,#7816,#7817),.UNSPECIFIED.,.T.,.F.) B_SPLINE_CURVE_WITH_KNOTS((1,2
    ,2,2,2,1),(-2.094395102393,0.,2.094395102393,4.188790204786,
6.28318530718,8.377580409573),.UNSPECIFIED.) CURVE() 
GEOMETRIC_REPRESENTATION_ITEM() RATIONAL_B_SPLINE_CURVE((1.,0.5,1.,0.5,
1.,0.5,1.)) REPRESENTATION_ITEM('') );
#7811 = CARTESIAN_POINT('',(0.,7.1005));
#7812 = CARTESIAN_POINT('',(1.554312234475E-15,5.368449192431));
#7813 = CARTESIAN_POINT('',(-1.5,6.234474596216));
#7814 = CARTESIAN_POINT('',(-3.,7.1005));
#7815 = CARTESIAN_POINT('',(-1.5,7.966525403784));
#7816 = CARTESIAN_POINT('',(-3.10862446895E-15,8.832550807569));
#7817 = CARTESIAN_POINT('',(0.,7.1005));
#7818 = ( GEOMETRIC_REPRESENTATION_CONTEXT(2) 
PARAMETRIC_REPRESENTATION_CONTEXT() REPRESENTATION_CONTEXT('2D SPACE',''
  ) );
#7819 = PCURVE('',#7820,#7825);
#7820 = CYLINDRICAL_SURFACE('',#7821,1.);
#7821 = AXIS2_PLACEMENT_3D('',#7822,#7823,#7824);
#7822 = CARTESIAN_POINT('',(10.35,-0.256213597756,7.4));
#7823 = DIRECTION('',(0.,1.,0.));
#7824 = DIRECTION('',(-1.,0.,0.));
#7825 = DEFINITIONAL_REPRESENTATION('',(#7826),#7830);
#7826 = LINE('',#7827,#7828);
#7827 = CARTESIAN_POINT('',(-3.14159265359,5.756213597756));
#7828 = VECTOR('',#7829,1.);
#7829 = DIRECTION('',(1.,0.));
#7830 = ( GEOMETRIC_REPRESENTATION_CONTEXT(2) 
PARAMETRIC_REPRESENTATION_CONTEXT() REPRESENTATION_CONTEXT('2D SPACE',''
  ) );
#7831 = ORIENTED_EDGE('',*,*,#7832,.F.);
#7832 = EDGE_CURVE('',#7609,#7800,#7833,.T.);
#7833 = SURFACE_CURVE('',#7834,(#7838,#7845),.PCURVE_S1.);
#7834 = LINE('',#7835,#7836);
#7835 = CARTESIAN_POINT('',(11.35,5.5,0.2995));
#7836 = VECTOR('',#7837,1.);
#7837 = DIRECTION('',(0.,0.,1.));
#7838 = PCURVE('',#7624,#7839);
#7839 = DEFINITIONAL_REPRESENTATION('',(#7840),#7844);
#7840 = LINE('',#7841,#7842);
#7841 = CARTESIAN_POINT('',(0.,0.));
#7842 = VECTOR('',#7843,1.);
#7843 = DIRECTION('',(0.,1.));
#7844 = ( GEOMETRIC_REPRESENTATION_CONTEXT(2) 
PARAMETRIC_REPRESENTATION_CONTEXT() REPRESENTATION_CONTEXT('2D SPACE',''
  ) );
#7845 = PCURVE('',#6450,#7846);
#7846 = DEFINITIONAL_REPRESENTATION('',(#7847),#7851);
#7847 = LINE('',#7848,#7849);
#7848 = CARTESIAN_POINT('',(-2.15,0.2995));
#7849 = VECTOR('',#7850,1.);
#7850 = DIRECTION('',(0.,1.));
#7851 = ( GEOMETRIC_REPRESENTATION_CONTEXT(2) 
PARAMETRIC_REPRESENTATION_CONTEXT() REPRESENTATION_CONTEXT('2D SPACE',''
  ) );
#7852 = ORIENTED_EDGE('',*,*,#7608,.F.);
#7853 = ORIENTED_EDGE('',*,*,#7854,.T.);
#7854 = EDGE_CURVE('',#7581,#7798,#7855,.T.);
#7855 = SURFACE_CURVE('',#7856,(#7860,#7867),.PCURVE_S1.);
#7856 = LINE('',#7857,#7858);
#7857 = CARTESIAN_POINT('',(10.6,5.5,0.2995));
#7858 = VECTOR('',#7859,1.);
#7859 = DIRECTION('',(0.,0.,1.));
#7860 = PCURVE('',#7624,#7861);
#7861 = DEFINITIONAL_REPRESENTATION('',(#7862),#7866);
#7862 = LINE('',#7863,#7864);
#7863 = CARTESIAN_POINT('',(-0.75,0.));
#7864 = VECTOR('',#7865,1.);
#7865 = DIRECTION('',(0.,1.));
#7866 = ( GEOMETRIC_REPRESENTATION_CONTEXT(2) 
PARAMETRIC_REPRESENTATION_CONTEXT() REPRESENTATION_CONTEXT('2D SPACE',''
  ) );
#7867 = PCURVE('',#7596,#7868);
#7868 = DEFINITIONAL_REPRESENTATION('',(#7869),#7873);
#7869 = LINE('',#7870,#7871);
#7870 = CARTESIAN_POINT('',(0.,0.));
#7871 = VECTOR('',#7872,1.);
#7872 = DIRECTION('',(0.,1.));
#7873 = ( GEOMETRIC_REPRESENTATION_CONTEXT(2) 
PARAMETRIC_REPRESENTATION_CONTEXT() REPRESENTATION_CONTEXT('2D SPACE',''
  ) );
#7874 = ADVANCED_FACE('',(#7875),#7820,.T.);
#7875 = FACE_BOUND('',#7876,.T.);
#7876 = EDGE_LOOP('',(#7877,#7878,#7901,#7929,#7952,#7976));
#7877 = ORIENTED_EDGE('',*,*,#7797,.F.);
#7878 = ORIENTED_EDGE('',*,*,#7879,.F.);
#7879 = EDGE_CURVE('',#7880,#7798,#7882,.T.);
#7880 = VERTEX_POINT('',#7881);
#7881 = CARTESIAN_POINT('',(10.6,5.25,8.368245836552));
#7882 = SURFACE_CURVE('',#7883,(#7887,#7894),.PCURVE_S1.);
#7883 = LINE('',#7884,#7885);
#7884 = CARTESIAN_POINT('',(10.6,-0.256213597756,8.368245836552));
#7885 = VECTOR('',#7886,1.);
#7886 = DIRECTION('',(0.,1.,0.));
#7887 = PCURVE('',#7820,#7888);
#7888 = DEFINITIONAL_REPRESENTATION('',(#7889),#7893);
#7889 = LINE('',#7890,#7891);
#7890 = CARTESIAN_POINT('',(1.823476581937,0.));
#7891 = VECTOR('',#7892,1.);
#7892 = DIRECTION('',(0.,1.));
#7893 = ( GEOMETRIC_REPRESENTATION_CONTEXT(2) 
PARAMETRIC_REPRESENTATION_CONTEXT() REPRESENTATION_CONTEXT('2D SPACE',''
  ) );
#7894 = PCURVE('',#7596,#7895);
#7895 = DEFINITIONAL_REPRESENTATION('',(#7896),#7900);
#7896 = LINE('',#7897,#7898);
#7897 = CARTESIAN_POINT('',(-5.756213597756,8.068745836552));
#7898 = VECTOR('',#7899,1.);
#7899 = DIRECTION('',(1.,0.));
#7900 = ( GEOMETRIC_REPRESENTATION_CONTEXT(2) 
PARAMETRIC_REPRESENTATION_CONTEXT() REPRESENTATION_CONTEXT('2D SPACE',''
  ) );
#7901 = ORIENTED_EDGE('',*,*,#7902,.F.);
#7902 = EDGE_CURVE('',#7903,#7880,#7905,.T.);
#7903 = VERTEX_POINT('',#7904);
#7904 = CARTESIAN_POINT('',(10.35,5.25,8.4));
#7905 = SURFACE_CURVE('',#7906,(#7911,#7918),.PCURVE_S1.);
#7906 = CIRCLE('',#7907,1.);
#7907 = AXIS2_PLACEMENT_3D('',#7908,#7909,#7910);
#7908 = CARTESIAN_POINT('',(10.35,5.25,7.4));
#7909 = DIRECTION('',(3.469446951954E-15,1.,0.));
#7910 = DIRECTION('',(1.,-3.469446951954E-15,0.));
#7911 = PCURVE('',#7820,#7912);
#7912 = DEFINITIONAL_REPRESENTATION('',(#7913),#7917);
#7913 = LINE('',#7914,#7915);
#7914 = CARTESIAN_POINT('',(-3.14159265359,5.506213597756));
#7915 = VECTOR('',#7916,1.);
#7916 = DIRECTION('',(1.,0.));
#7917 = ( GEOMETRIC_REPRESENTATION_CONTEXT(2) 
PARAMETRIC_REPRESENTATION_CONTEXT() REPRESENTATION_CONTEXT('2D SPACE',''
  ) );
#7918 = PCURVE('',#7568,#7919);
#7919 = DEFINITIONAL_REPRESENTATION('',(#7920),#7928);
#7920 = ( BOUNDED_CURVE() B_SPLINE_CURVE(2,(#7921,#7922,#7923,#7924,
#7925,#7926,#7927),.UNSPECIFIED.,.T.,.F.) B_SPLINE_CURVE_WITH_KNOTS((1,2
    ,2,2,2,1),(-2.094395102393,0.,2.094395102393,4.188790204786,
6.28318530718,8.377580409573),.UNSPECIFIED.) CURVE() 
GEOMETRIC_REPRESENTATION_ITEM() RATIONAL_B_SPLINE_CURVE((1.,0.5,1.,0.5,
1.,0.5,1.)) REPRESENTATION_ITEM('') );
#7921 = CARTESIAN_POINT('',(0.75,7.1005));
#7922 = CARTESIAN_POINT('',(0.75,5.368449192431));
#7923 = CARTESIAN_POINT('',(-0.75,6.234474596216));
#7924 = CARTESIAN_POINT('',(-2.25,7.1005));
#7925 = CARTESIAN_POINT('',(-0.75,7.966525403784));
#7926 = CARTESIAN_POINT('',(0.75,8.832550807569));
#7927 = CARTESIAN_POINT('',(0.75,7.1005));
#7928 = ( GEOMETRIC_REPRESENTATION_CONTEXT(2) 
PARAMETRIC_REPRESENTATION_CONTEXT() REPRESENTATION_CONTEXT('2D SPACE',''
  ) );
#7929 = ORIENTED_EDGE('',*,*,#7930,.F.);
#7930 = EDGE_CURVE('',#7931,#7903,#7933,.T.);
#7931 = VERTEX_POINT('',#7932);
#7932 = CARTESIAN_POINT('',(10.35,2.3,8.4));
#7933 = SURFACE_CURVE('',#7934,(#7938,#7945),.PCURVE_S1.);
#7934 = LINE('',#7935,#7936);
#7935 = CARTESIAN_POINT('',(10.35,-0.256213597756,8.4));
#7936 = VECTOR('',#7937,1.);
#7937 = DIRECTION('',(0.,1.,0.));
#7938 = PCURVE('',#7820,#7939);
#7939 = DEFINITIONAL_REPRESENTATION('',(#7940),#7944);
#7940 = LINE('',#7941,#7942);
#7941 = CARTESIAN_POINT('',(1.570796326795,0.));
#7942 = VECTOR('',#7943,1.);
#7943 = DIRECTION('',(0.,1.));
#7944 = ( GEOMETRIC_REPRESENTATION_CONTEXT(2) 
PARAMETRIC_REPRESENTATION_CONTEXT() REPRESENTATION_CONTEXT('2D SPACE',''
  ) );
#7945 = PCURVE('',#7117,#7946);
#7946 = DEFINITIONAL_REPRESENTATION('',(#7947),#7951);
#7947 = LINE('',#7948,#7949);
#7948 = CARTESIAN_POINT('',(0.,8.896076284075E-02));
#7949 = VECTOR('',#7950,1.);
#7950 = DIRECTION('',(1.,0.));
#7951 = ( GEOMETRIC_REPRESENTATION_CONTEXT(2) 
PARAMETRIC_REPRESENTATION_CONTEXT() REPRESENTATION_CONTEXT('2D SPACE',''
  ) );
#7952 = ORIENTED_EDGE('',*,*,#7953,.F.);
#7953 = EDGE_CURVE('',#7954,#7931,#7956,.T.);
#7954 = VERTEX_POINT('',#7955);
#7955 = CARTESIAN_POINT('',(11.35,2.3,7.4));
#7956 = SURFACE_CURVE('',#7957,(#7962,#7969),.PCURVE_S1.);
#7957 = CIRCLE('',#7958,1.);
#7958 = AXIS2_PLACEMENT_3D('',#7959,#7960,#7961);
#7959 = CARTESIAN_POINT('',(10.35,2.3,7.4));
#7960 = DIRECTION('',(0.,-1.,0.));
#7961 = DIRECTION('',(1.,0.,0.));
#7962 = PCURVE('',#7820,#7963);
#7963 = DEFINITIONAL_REPRESENTATION('',(#7964),#7968);
#7964 = LINE('',#7965,#7966);
#7965 = CARTESIAN_POINT('',(3.14159265359,2.556213597756));
#7966 = VECTOR('',#7967,1.);
#7967 = DIRECTION('',(-1.,0.));
#7968 = ( GEOMETRIC_REPRESENTATION_CONTEXT(2) 
PARAMETRIC_REPRESENTATION_CONTEXT() REPRESENTATION_CONTEXT('2D SPACE',''
  ) );
#7969 = PCURVE('',#6478,#7970);
#7970 = DEFINITIONAL_REPRESENTATION('',(#7971),#7975);
#7971 = CIRCLE('',#7972,1.);
#7972 = AXIS2_PLACEMENT_2D('',#7973,#7974);
#7973 = CARTESIAN_POINT('',(0.,0.));
#7974 = DIRECTION('',(1.,0.));
#7975 = ( GEOMETRIC_REPRESENTATION_CONTEXT(2) 
PARAMETRIC_REPRESENTATION_CONTEXT() REPRESENTATION_CONTEXT('2D SPACE',''
  ) );
#7976 = ORIENTED_EDGE('',*,*,#7977,.F.);
#7977 = EDGE_CURVE('',#7800,#7954,#7978,.T.);
#7978 = SURFACE_CURVE('',#7979,(#7983,#7990),.PCURVE_S1.);
#7979 = LINE('',#7980,#7981);
#7980 = CARTESIAN_POINT('',(11.35,7.65,7.4));
#7981 = VECTOR('',#7982,1.);
#7982 = DIRECTION('',(0.,-1.,-0.));
#7983 = PCURVE('',#7820,#7984);
#7984 = DEFINITIONAL_REPRESENTATION('',(#7985),#7989);
#7985 = LINE('',#7986,#7987);
#7986 = CARTESIAN_POINT('',(3.14159265359,7.906213597756));
#7987 = VECTOR('',#7988,1.);
#7988 = DIRECTION('',(0.,-1.));
#7989 = ( GEOMETRIC_REPRESENTATION_CONTEXT(2) 
PARAMETRIC_REPRESENTATION_CONTEXT() REPRESENTATION_CONTEXT('2D SPACE',''
  ) );
#7990 = PCURVE('',#6450,#7991);
#7991 = DEFINITIONAL_REPRESENTATION('',(#7992),#7996);
#7992 = LINE('',#7993,#7994);
#7993 = CARTESIAN_POINT('',(0.,7.4));
#7994 = VECTOR('',#7995,1.);
#7995 = DIRECTION('',(-1.,0.));
#7996 = ( GEOMETRIC_REPRESENTATION_CONTEXT(2) 
PARAMETRIC_REPRESENTATION_CONTEXT() REPRESENTATION_CONTEXT('2D SPACE',''
  ) );
#7997 = ADVANCED_FACE('',(#7998),#7596,.F.);
#7998 = FACE_BOUND('',#7999,.T.);
#7999 = EDGE_LOOP('',(#8000,#8001,#8002,#8003));
#8000 = ORIENTED_EDGE('',*,*,#7879,.T.);
#8001 = ORIENTED_EDGE('',*,*,#7854,.F.);
#8002 = ORIENTED_EDGE('',*,*,#7580,.F.);
#8003 = ORIENTED_EDGE('',*,*,#8004,.T.);
#8004 = EDGE_CURVE('',#7553,#7880,#8005,.T.);
#8005 = SURFACE_CURVE('',#8006,(#8010,#8017),.PCURVE_S1.);
#8006 = LINE('',#8007,#8008);
#8007 = CARTESIAN_POINT('',(10.6,5.25,0.2995));
#8008 = VECTOR('',#8009,1.);
#8009 = DIRECTION('',(0.,0.,1.));
#8010 = PCURVE('',#7596,#8011);
#8011 = DEFINITIONAL_REPRESENTATION('',(#8012),#8016);
#8012 = LINE('',#8013,#8014);
#8013 = CARTESIAN_POINT('',(-0.25,0.));
#8014 = VECTOR('',#8015,1.);
#8015 = DIRECTION('',(0.,1.));
#8016 = ( GEOMETRIC_REPRESENTATION_CONTEXT(2) 
PARAMETRIC_REPRESENTATION_CONTEXT() REPRESENTATION_CONTEXT('2D SPACE',''
  ) );
#8017 = PCURVE('',#7568,#8018);
#8018 = DEFINITIONAL_REPRESENTATION('',(#8019),#8023);
#8019 = LINE('',#8020,#8021);
#8020 = CARTESIAN_POINT('',(0.,0.));
#8021 = VECTOR('',#8022,1.);
#8022 = DIRECTION('',(0.,1.));
#8023 = ( GEOMETRIC_REPRESENTATION_CONTEXT(2) 
PARAMETRIC_REPRESENTATION_CONTEXT() REPRESENTATION_CONTEXT('2D SPACE',''
  ) );
#8024 = ADVANCED_FACE('',(#8025),#7568,.F.);
#8025 = FACE_BOUND('',#8026,.T.);
#8026 = EDGE_LOOP('',(#8027,#8028,#8029,#8030,#8053));
#8027 = ORIENTED_EDGE('',*,*,#7902,.T.);
#8028 = ORIENTED_EDGE('',*,*,#8004,.F.);
#8029 = ORIENTED_EDGE('',*,*,#7552,.F.);
#8030 = ORIENTED_EDGE('',*,*,#8031,.T.);
#8031 = EDGE_CURVE('',#7525,#8032,#8034,.T.);
#8032 = VERTEX_POINT('',#8033);
#8033 = CARTESIAN_POINT('',(10.1,5.25,8.4));
#8034 = SURFACE_CURVE('',#8035,(#8039,#8046),.PCURVE_S1.);
#8035 = LINE('',#8036,#8037);
#8036 = CARTESIAN_POINT('',(10.1,5.25,0.2995));
#8037 = VECTOR('',#8038,1.);
#8038 = DIRECTION('',(0.,0.,1.));
#8039 = PCURVE('',#7568,#8040);
#8040 = DEFINITIONAL_REPRESENTATION('',(#8041),#8045);
#8041 = LINE('',#8042,#8043);
#8042 = CARTESIAN_POINT('',(-0.5,0.));
#8043 = VECTOR('',#8044,1.);
#8044 = DIRECTION('',(0.,1.));
#8045 = ( GEOMETRIC_REPRESENTATION_CONTEXT(2) 
PARAMETRIC_REPRESENTATION_CONTEXT() REPRESENTATION_CONTEXT('2D SPACE',''
  ) );
#8046 = PCURVE('',#7540,#8047);
#8047 = DEFINITIONAL_REPRESENTATION('',(#8048),#8052);
#8048 = LINE('',#8049,#8050);
#8049 = CARTESIAN_POINT('',(1.5,0.));
#8050 = VECTOR('',#8051,1.);
#8051 = DIRECTION('',(0.,1.));
#8052 = ( GEOMETRIC_REPRESENTATION_CONTEXT(2) 
PARAMETRIC_REPRESENTATION_CONTEXT() REPRESENTATION_CONTEXT('2D SPACE',''
  ) );
#8053 = ORIENTED_EDGE('',*,*,#8054,.T.);
#8054 = EDGE_CURVE('',#8032,#7903,#8055,.T.);
#8055 = SURFACE_CURVE('',#8056,(#8060,#8067),.PCURVE_S1.);
#8056 = LINE('',#8057,#8058);
#8057 = CARTESIAN_POINT('',(10.6,5.25,8.4));
#8058 = VECTOR('',#8059,1.);
#8059 = DIRECTION('',(1.,-3.469446951954E-15,-0.));
#8060 = PCURVE('',#7568,#8061);
#8061 = DEFINITIONAL_REPRESENTATION('',(#8062),#8066);
#8062 = LINE('',#8063,#8064);
#8063 = CARTESIAN_POINT('',(0.,8.1005));
#8064 = VECTOR('',#8065,1.);
#8065 = DIRECTION('',(1.,0.));
#8066 = ( GEOMETRIC_REPRESENTATION_CONTEXT(2) 
PARAMETRIC_REPRESENTATION_CONTEXT() REPRESENTATION_CONTEXT('2D SPACE',''
  ) );
#8067 = PCURVE('',#7117,#8068);
#8068 = DEFINITIONAL_REPRESENTATION('',(#8069),#8073);
#8069 = LINE('',#8070,#8071);
#8070 = CARTESIAN_POINT('',(5.506213597756,-0.161039237159));
#8071 = VECTOR('',#8072,1.);
#8072 = DIRECTION('',(-3.469446951954E-15,-1.));
#8073 = ( GEOMETRIC_REPRESENTATION_CONTEXT(2) 
PARAMETRIC_REPRESENTATION_CONTEXT() REPRESENTATION_CONTEXT('2D SPACE',''
  ) );
#8074 = ADVANCED_FACE('',(#8075),#7540,.F.);
#8075 = FACE_BOUND('',#8076,.T.);
#8076 = EDGE_LOOP('',(#8077,#8100,#8121,#8122));
#8077 = ORIENTED_EDGE('',*,*,#8078,.T.);
#8078 = EDGE_CURVE('',#7523,#8079,#8081,.T.);
#8079 = VERTEX_POINT('',#8080);
#8080 = CARTESIAN_POINT('',(10.1,6.75,8.4));
#8081 = SURFACE_CURVE('',#8082,(#8086,#8093),.PCURVE_S1.);
#8082 = LINE('',#8083,#8084);
#8083 = CARTESIAN_POINT('',(10.1,6.75,0.2995));
#8084 = VECTOR('',#8085,1.);
#8085 = DIRECTION('',(0.,0.,1.));
#8086 = PCURVE('',#7540,#8087);
#8087 = DEFINITIONAL_REPRESENTATION('',(#8088),#8092);
#8088 = LINE('',#8089,#8090);
#8089 = CARTESIAN_POINT('',(0.,0.));
#8090 = VECTOR('',#8091,1.);
#8091 = DIRECTION('',(0.,1.));
#8092 = ( GEOMETRIC_REPRESENTATION_CONTEXT(2) 
PARAMETRIC_REPRESENTATION_CONTEXT() REPRESENTATION_CONTEXT('2D SPACE',''
  ) );
#8093 = PCURVE('',#7401,#8094);
#8094 = DEFINITIONAL_REPRESENTATION('',(#8095),#8099);
#8095 = LINE('',#8096,#8097);
#8096 = CARTESIAN_POINT('',(0.5,0.));
#8097 = VECTOR('',#8098,1.);
#8098 = DIRECTION('',(0.,1.));
#8099 = ( GEOMETRIC_REPRESENTATION_CONTEXT(2) 
PARAMETRIC_REPRESENTATION_CONTEXT() REPRESENTATION_CONTEXT('2D SPACE',''
  ) );
#8100 = ORIENTED_EDGE('',*,*,#8101,.T.);
#8101 = EDGE_CURVE('',#8079,#8032,#8102,.T.);
#8102 = SURFACE_CURVE('',#8103,(#8107,#8114),.PCURVE_S1.);
#8103 = LINE('',#8104,#8105);
#8104 = CARTESIAN_POINT('',(10.1,6.75,8.4));
#8105 = VECTOR('',#8106,1.);
#8106 = DIRECTION('',(0.,-1.,0.));
#8107 = PCURVE('',#7540,#8108);
#8108 = DEFINITIONAL_REPRESENTATION('',(#8109),#8113);
#8109 = LINE('',#8110,#8111);
#8110 = CARTESIAN_POINT('',(0.,8.1005));
#8111 = VECTOR('',#8112,1.);
#8112 = DIRECTION('',(1.,0.));
#8113 = ( GEOMETRIC_REPRESENTATION_CONTEXT(2) 
PARAMETRIC_REPRESENTATION_CONTEXT() REPRESENTATION_CONTEXT('2D SPACE',''
  ) );
#8114 = PCURVE('',#7117,#8115);
#8115 = DEFINITIONAL_REPRESENTATION('',(#8116),#8120);
#8116 = LINE('',#8117,#8118);
#8117 = CARTESIAN_POINT('',(7.006213597756,0.338960762841));
#8118 = VECTOR('',#8119,1.);
#8119 = DIRECTION('',(-1.,0.));
#8120 = ( GEOMETRIC_REPRESENTATION_CONTEXT(2) 
PARAMETRIC_REPRESENTATION_CONTEXT() REPRESENTATION_CONTEXT('2D SPACE',''
  ) );
#8121 = ORIENTED_EDGE('',*,*,#8031,.F.);
#8122 = ORIENTED_EDGE('',*,*,#7522,.F.);
#8123 = ADVANCED_FACE('',(#8124),#7401,.F.);
#8124 = FACE_BOUND('',#8125,.T.);
#8125 = EDGE_LOOP('',(#8126,#8127,#8148,#8149,#8150));
#8126 = ORIENTED_EDGE('',*,*,#7384,.T.);
#8127 = ORIENTED_EDGE('',*,*,#8128,.T.);
#8128 = EDGE_CURVE('',#7362,#8079,#8129,.T.);
#8129 = SURFACE_CURVE('',#8130,(#8134,#8141),.PCURVE_S1.);
#8130 = LINE('',#8131,#8132);
#8131 = CARTESIAN_POINT('',(10.6,6.75,8.4));
#8132 = VECTOR('',#8133,1.);
#8133 = DIRECTION('',(-1.,0.,0.));
#8134 = PCURVE('',#7401,#8135);
#8135 = DEFINITIONAL_REPRESENTATION('',(#8136),#8140);
#8136 = LINE('',#8137,#8138);
#8137 = CARTESIAN_POINT('',(0.,8.1005));
#8138 = VECTOR('',#8139,1.);
#8139 = DIRECTION('',(1.,0.));
#8140 = ( GEOMETRIC_REPRESENTATION_CONTEXT(2) 
PARAMETRIC_REPRESENTATION_CONTEXT() REPRESENTATION_CONTEXT('2D SPACE',''
  ) );
#8141 = PCURVE('',#7117,#8142);
#8142 = DEFINITIONAL_REPRESENTATION('',(#8143),#8147);
#8143 = LINE('',#8144,#8145);
#8144 = CARTESIAN_POINT('',(7.006213597756,-0.161039237159));
#8145 = VECTOR('',#8146,1.);
#8146 = DIRECTION('',(0.,1.));
#8147 = ( GEOMETRIC_REPRESENTATION_CONTEXT(2) 
PARAMETRIC_REPRESENTATION_CONTEXT() REPRESENTATION_CONTEXT('2D SPACE',''
  ) );
#8148 = ORIENTED_EDGE('',*,*,#8078,.F.);
#8149 = ORIENTED_EDGE('',*,*,#7773,.F.);
#8150 = ORIENTED_EDGE('',*,*,#7447,.T.);
#8151 = ADVANCED_FACE('',(#8152),#7323,.F.);
#8152 = FACE_BOUND('',#8153,.T.);
#8153 = EDGE_LOOP('',(#8154,#8155,#8156,#8157));
#8154 = ORIENTED_EDGE('',*,*,#7304,.T.);
#8155 = ORIENTED_EDGE('',*,*,#7498,.F.);
#8156 = ORIENTED_EDGE('',*,*,#7751,.F.);
#8157 = ORIENTED_EDGE('',*,*,#8158,.T.);
#8158 = EDGE_CURVE('',#7729,#7305,#8159,.T.);
#8159 = SURFACE_CURVE('',#8160,(#8164,#8171),.PCURVE_S1.);
#8160 = LINE('',#8161,#8162);
#8161 = CARTESIAN_POINT('',(11.35,6.5,0.2995));
#8162 = VECTOR('',#8163,1.);
#8163 = DIRECTION('',(0.,0.,1.));
#8164 = PCURVE('',#7323,#8165);
#8165 = DEFINITIONAL_REPRESENTATION('',(#8166),#8170);
#8166 = LINE('',#8167,#8168);
#8167 = CARTESIAN_POINT('',(0.,0.));
#8168 = VECTOR('',#8169,1.);
#8169 = DIRECTION('',(0.,1.));
#8170 = ( GEOMETRIC_REPRESENTATION_CONTEXT(2) 
PARAMETRIC_REPRESENTATION_CONTEXT() REPRESENTATION_CONTEXT('2D SPACE',''
  ) );
#8171 = PCURVE('',#6338,#8172);
#8172 = DEFINITIONAL_REPRESENTATION('',(#8173),#8177);
#8173 = LINE('',#8174,#8175);
#8174 = CARTESIAN_POINT('',(-1.15,0.2995));
#8175 = VECTOR('',#8176,1.);
#8176 = DIRECTION('',(0.,1.));
#8177 = ( GEOMETRIC_REPRESENTATION_CONTEXT(2) 
PARAMETRIC_REPRESENTATION_CONTEXT() REPRESENTATION_CONTEXT('2D SPACE',''
  ) );
#8178 = ADVANCED_FACE('',(#8179),#7117,.T.);
#8179 = FACE_BOUND('',#8180,.T.);
#8180 = EDGE_LOOP('',(#8181,#8182,#8183,#8184,#8185,#8186,#8209,#8237,
    #8265,#8293,#8321,#8342));
#8181 = ORIENTED_EDGE('',*,*,#8054,.F.);
#8182 = ORIENTED_EDGE('',*,*,#8101,.F.);
#8183 = ORIENTED_EDGE('',*,*,#8128,.F.);
#8184 = ORIENTED_EDGE('',*,*,#7361,.T.);
#8185 = ORIENTED_EDGE('',*,*,#7101,.T.);
#8186 = ORIENTED_EDGE('',*,*,#8187,.T.);
#8187 = EDGE_CURVE('',#7073,#8188,#8190,.T.);
#8188 = VERTEX_POINT('',#8189);
#8189 = CARTESIAN_POINT('',(-3.15,6.75,8.4));
#8190 = SURFACE_CURVE('',#8191,(#8195,#8202),.PCURVE_S1.);
#8191 = LINE('',#8192,#8193);
#8192 = CARTESIAN_POINT('',(-3.15,-0.256213597756,8.4));
#8193 = VECTOR('',#8194,1.);
#8194 = DIRECTION('',(0.,-1.,0.));
#8195 = PCURVE('',#7117,#8196);
#8196 = DEFINITIONAL_REPRESENTATION('',(#8197),#8201);
#8197 = LINE('',#8198,#8199);
#8198 = CARTESIAN_POINT('',(0.,13.588960762841));
#8199 = VECTOR('',#8200,1.);
#8200 = DIRECTION('',(-1.,0.));
#8201 = ( GEOMETRIC_REPRESENTATION_CONTEXT(2) 
PARAMETRIC_REPRESENTATION_CONTEXT() REPRESENTATION_CONTEXT('2D SPACE',''
  ) );
#8202 = PCURVE('',#7089,#8203);
#8203 = DEFINITIONAL_REPRESENTATION('',(#8204),#8208);
#8204 = LINE('',#8205,#8206);
#8205 = CARTESIAN_POINT('',(1.570796326795,0.));
#8206 = VECTOR('',#8207,1.);
#8207 = DIRECTION('',(0.,1.));
#8208 = ( GEOMETRIC_REPRESENTATION_CONTEXT(2) 
PARAMETRIC_REPRESENTATION_CONTEXT() REPRESENTATION_CONTEXT('2D SPACE',''
  ) );
#8209 = ORIENTED_EDGE('',*,*,#8210,.F.);
#8210 = EDGE_CURVE('',#8211,#8188,#8213,.T.);
#8211 = VERTEX_POINT('',#8212);
#8212 = CARTESIAN_POINT('',(-2.9,6.75,8.4));
#8213 = SURFACE_CURVE('',#8214,(#8218,#8225),.PCURVE_S1.);
#8214 = LINE('',#8215,#8216);
#8215 = CARTESIAN_POINT('',(-3.4,6.75,8.4));
#8216 = VECTOR('',#8217,1.);
#8217 = DIRECTION('',(-1.,3.469446951954E-15,0.));
#8218 = PCURVE('',#7117,#8219);
#8219 = DEFINITIONAL_REPRESENTATION('',(#8220),#8224);
#8220 = LINE('',#8221,#8222);
#8221 = CARTESIAN_POINT('',(7.006213597756,13.838960762841));
#8222 = VECTOR('',#8223,1.);
#8223 = DIRECTION('',(3.469446951954E-15,1.));
#8224 = ( GEOMETRIC_REPRESENTATION_CONTEXT(2) 
PARAMETRIC_REPRESENTATION_CONTEXT() REPRESENTATION_CONTEXT('2D SPACE',''
  ) );
#8225 = PCURVE('',#8226,#8231);
#8226 = PLANE('',#8227);
#8227 = AXIS2_PLACEMENT_3D('',#8228,#8229,#8230);
#8228 = CARTESIAN_POINT('',(-3.4,6.75,0.2995));
#8229 = DIRECTION('',(3.469446951954E-15,1.,0.));
#8230 = DIRECTION('',(-1.,3.469446951954E-15,0.));
#8231 = DEFINITIONAL_REPRESENTATION('',(#8232),#8236);
#8232 = LINE('',#8233,#8234);
#8233 = CARTESIAN_POINT('',(0.,8.1005));
#8234 = VECTOR('',#8235,1.);
#8235 = DIRECTION('',(1.,0.));
#8236 = ( GEOMETRIC_REPRESENTATION_CONTEXT(2) 
PARAMETRIC_REPRESENTATION_CONTEXT() REPRESENTATION_CONTEXT('2D SPACE',''
  ) );
#8237 = ORIENTED_EDGE('',*,*,#8238,.F.);
#8238 = EDGE_CURVE('',#8239,#8211,#8241,.T.);
#8239 = VERTEX_POINT('',#8240);
#8240 = CARTESIAN_POINT('',(-2.9,5.25,8.4));
#8241 = SURFACE_CURVE('',#8242,(#8246,#8253),.PCURVE_S1.);
#8242 = LINE('',#8243,#8244);
#8243 = CARTESIAN_POINT('',(-2.9,6.75,8.4));
#8244 = VECTOR('',#8245,1.);
#8245 = DIRECTION('',(0.,1.,0.));
#8246 = PCURVE('',#7117,#8247);
#8247 = DEFINITIONAL_REPRESENTATION('',(#8248),#8252);
#8248 = LINE('',#8249,#8250);
#8249 = CARTESIAN_POINT('',(7.006213597756,13.338960762841));
#8250 = VECTOR('',#8251,1.);
#8251 = DIRECTION('',(1.,0.));
#8252 = ( GEOMETRIC_REPRESENTATION_CONTEXT(2) 
PARAMETRIC_REPRESENTATION_CONTEXT() REPRESENTATION_CONTEXT('2D SPACE',''
  ) );
#8253 = PCURVE('',#8254,#8259);
#8254 = PLANE('',#8255);
#8255 = AXIS2_PLACEMENT_3D('',#8256,#8257,#8258);
#8256 = CARTESIAN_POINT('',(-2.9,6.75,0.2995));
#8257 = DIRECTION('',(1.,0.,0.));
#8258 = DIRECTION('',(0.,1.,0.));
#8259 = DEFINITIONAL_REPRESENTATION('',(#8260),#8264);
#8260 = LINE('',#8261,#8262);
#8261 = CARTESIAN_POINT('',(0.,8.1005));
#8262 = VECTOR('',#8263,1.);
#8263 = DIRECTION('',(1.,0.));
#8264 = ( GEOMETRIC_REPRESENTATION_CONTEXT(2) 
PARAMETRIC_REPRESENTATION_CONTEXT() REPRESENTATION_CONTEXT('2D SPACE',''
  ) );
#8265 = ORIENTED_EDGE('',*,*,#8266,.F.);
#8266 = EDGE_CURVE('',#8267,#8239,#8269,.T.);
#8267 = VERTEX_POINT('',#8268);
#8268 = CARTESIAN_POINT('',(-3.15,5.25,8.4));
#8269 = SURFACE_CURVE('',#8270,(#8274,#8281),.PCURVE_S1.);
#8270 = LINE('',#8271,#8272);
#8271 = CARTESIAN_POINT('',(-3.4,5.25,8.4));
#8272 = VECTOR('',#8273,1.);
#8273 = DIRECTION('',(1.,3.469446951954E-15,0.));
#8274 = PCURVE('',#7117,#8275);
#8275 = DEFINITIONAL_REPRESENTATION('',(#8276),#8280);
#8276 = LINE('',#8277,#8278);
#8277 = CARTESIAN_POINT('',(5.506213597756,13.838960762841));
#8278 = VECTOR('',#8279,1.);
#8279 = DIRECTION('',(3.469446951954E-15,-1.));
#8280 = ( GEOMETRIC_REPRESENTATION_CONTEXT(2) 
PARAMETRIC_REPRESENTATION_CONTEXT() REPRESENTATION_CONTEXT('2D SPACE',''
  ) );
#8281 = PCURVE('',#8282,#8287);
#8282 = PLANE('',#8283);
#8283 = AXIS2_PLACEMENT_3D('',#8284,#8285,#8286);
#8284 = CARTESIAN_POINT('',(-3.4,5.25,0.2995));
#8285 = DIRECTION('',(3.469446951954E-15,-1.,0.));
#8286 = DIRECTION('',(1.,3.469446951954E-15,0.));
#8287 = DEFINITIONAL_REPRESENTATION('',(#8288),#8292);
#8288 = LINE('',#8289,#8290);
#8289 = CARTESIAN_POINT('',(0.,8.1005));
#8290 = VECTOR('',#8291,1.);
#8291 = DIRECTION('',(1.,0.));
#8292 = ( GEOMETRIC_REPRESENTATION_CONTEXT(2) 
PARAMETRIC_REPRESENTATION_CONTEXT() REPRESENTATION_CONTEXT('2D SPACE',''
  ) );
#8293 = ORIENTED_EDGE('',*,*,#8294,.T.);
#8294 = EDGE_CURVE('',#8267,#8295,#8297,.T.);
#8295 = VERTEX_POINT('',#8296);
#8296 = CARTESIAN_POINT('',(-3.15,2.3,8.4));
#8297 = SURFACE_CURVE('',#8298,(#8302,#8309),.PCURVE_S1.);
#8298 = LINE('',#8299,#8300);
#8299 = CARTESIAN_POINT('',(-3.15,-0.256213597756,8.4));
#8300 = VECTOR('',#8301,1.);
#8301 = DIRECTION('',(0.,-1.,0.));
#8302 = PCURVE('',#7117,#8303);
#8303 = DEFINITIONAL_REPRESENTATION('',(#8304),#8308);
#8304 = LINE('',#8305,#8306);
#8305 = CARTESIAN_POINT('',(0.,13.588960762841));
#8306 = VECTOR('',#8307,1.);
#8307 = DIRECTION('',(-1.,0.));
#8308 = ( GEOMETRIC_REPRESENTATION_CONTEXT(2) 
PARAMETRIC_REPRESENTATION_CONTEXT() REPRESENTATION_CONTEXT('2D SPACE',''
  ) );
#8309 = PCURVE('',#8310,#8315);
#8310 = CYLINDRICAL_SURFACE('',#8311,1.);
#8311 = AXIS2_PLACEMENT_3D('',#8312,#8313,#8314);
#8312 = CARTESIAN_POINT('',(-3.15,-0.256213597756,7.4));
#8313 = DIRECTION('',(0.,-1.,0.));
#8314 = DIRECTION('',(1.,0.,0.));
#8315 = DEFINITIONAL_REPRESENTATION('',(#8316),#8320);
#8316 = LINE('',#8317,#8318);
#8317 = CARTESIAN_POINT('',(1.570796326795,0.));
#8318 = VECTOR('',#8319,1.);
#8319 = DIRECTION('',(0.,1.));
#8320 = ( GEOMETRIC_REPRESENTATION_CONTEXT(2) 
PARAMETRIC_REPRESENTATION_CONTEXT() REPRESENTATION_CONTEXT('2D SPACE',''
  ) );
#8321 = ORIENTED_EDGE('',*,*,#8322,.F.);
#8322 = EDGE_CURVE('',#7931,#8295,#8323,.T.);
#8323 = SURFACE_CURVE('',#8324,(#8328,#8335),.PCURVE_S1.);
#8324 = LINE('',#8325,#8326);
#8325 = CARTESIAN_POINT('',(-3.15,2.3,8.4));
#8326 = VECTOR('',#8327,1.);
#8327 = DIRECTION('',(-1.,0.,0.));
#8328 = PCURVE('',#7117,#8329);
#8329 = DEFINITIONAL_REPRESENTATION('',(#8330),#8334);
#8330 = LINE('',#8331,#8332);
#8331 = CARTESIAN_POINT('',(2.556213597756,13.588960762841));
#8332 = VECTOR('',#8333,1.);
#8333 = DIRECTION('',(0.,1.));
#8334 = ( GEOMETRIC_REPRESENTATION_CONTEXT(2) 
PARAMETRIC_REPRESENTATION_CONTEXT() REPRESENTATION_CONTEXT('2D SPACE',''
  ) );
#8335 = PCURVE('',#6478,#8336);
#8336 = DEFINITIONAL_REPRESENTATION('',(#8337),#8341);
#8337 = LINE('',#8338,#8339);
#8338 = CARTESIAN_POINT('',(-13.5,1.));
#8339 = VECTOR('',#8340,1.);
#8340 = DIRECTION('',(-1.,0.));
#8341 = ( GEOMETRIC_REPRESENTATION_CONTEXT(2) 
PARAMETRIC_REPRESENTATION_CONTEXT() REPRESENTATION_CONTEXT('2D SPACE',''
  ) );
#8342 = ORIENTED_EDGE('',*,*,#7930,.T.);
#8343 = ADVANCED_FACE('',(#8344),#8310,.T.);
#8344 = FACE_BOUND('',#8345,.T.);
#8345 = EDGE_LOOP('',(#8346,#8374,#8402,#8435,#8458,#8480));
#8346 = ORIENTED_EDGE('',*,*,#8347,.F.);
#8347 = EDGE_CURVE('',#8348,#8267,#8350,.T.);
#8348 = VERTEX_POINT('',#8349);
#8349 = CARTESIAN_POINT('',(-3.4,5.25,8.368245836552));
#8350 = SURFACE_CURVE('',#8351,(#8356,#8363),.PCURVE_S1.);
#8351 = CIRCLE('',#8352,1.);
#8352 = AXIS2_PLACEMENT_3D('',#8353,#8354,#8355);
#8353 = CARTESIAN_POINT('',(-3.15,5.25,7.4));
#8354 = DIRECTION('',(-3.469446951954E-15,1.,0.));
#8355 = DIRECTION('',(1.,3.469446951954E-15,4.336808689942E-15));
#8356 = PCURVE('',#8310,#8357);
#8357 = DEFINITIONAL_REPRESENTATION('',(#8358),#8362);
#8358 = LINE('',#8359,#8360);
#8359 = CARTESIAN_POINT('',(6.28318530718,-5.506213597756));
#8360 = VECTOR('',#8361,1.);
#8361 = DIRECTION('',(-1.,0.));
#8362 = ( GEOMETRIC_REPRESENTATION_CONTEXT(2) 
PARAMETRIC_REPRESENTATION_CONTEXT() REPRESENTATION_CONTEXT('2D SPACE',''
  ) );
#8363 = PCURVE('',#8282,#8364);
#8364 = DEFINITIONAL_REPRESENTATION('',(#8365),#8373);
#8365 = ( BOUNDED_CURVE() B_SPLINE_CURVE(2,(#8366,#8367,#8368,#8369,
#8370,#8371,#8372),.UNSPECIFIED.,.T.,.F.) B_SPLINE_CURVE_WITH_KNOTS((1,2
    ,2,2,2,1),(-2.094395102393,0.,2.094395102393,4.188790204786,
6.28318530718,8.377580409573),.UNSPECIFIED.) CURVE() 
GEOMETRIC_REPRESENTATION_ITEM() RATIONAL_B_SPLINE_CURVE((1.,0.5,1.,0.5,
1.,0.5,1.)) REPRESENTATION_ITEM('') );
#8366 = CARTESIAN_POINT('',(1.25,7.1005));
#8367 = CARTESIAN_POINT('',(1.25,5.368449192431));
#8368 = CARTESIAN_POINT('',(-0.25,6.234474596216));
#8369 = CARTESIAN_POINT('',(-1.75,7.1005));
#8370 = CARTESIAN_POINT('',(-0.25,7.966525403784));
#8371 = CARTESIAN_POINT('',(1.25,8.832550807569));
#8372 = CARTESIAN_POINT('',(1.25,7.1005));
#8373 = ( GEOMETRIC_REPRESENTATION_CONTEXT(2) 
PARAMETRIC_REPRESENTATION_CONTEXT() REPRESENTATION_CONTEXT('2D SPACE',''
  ) );
#8374 = ORIENTED_EDGE('',*,*,#8375,.F.);
#8375 = EDGE_CURVE('',#8376,#8348,#8378,.T.);
#8376 = VERTEX_POINT('',#8377);
#8377 = CARTESIAN_POINT('',(-3.4,5.5,8.368245836552));
#8378 = SURFACE_CURVE('',#8379,(#8383,#8390),.PCURVE_S1.);
#8379 = LINE('',#8380,#8381);
#8380 = CARTESIAN_POINT('',(-3.4,-0.256213597756,8.368245836552));
#8381 = VECTOR('',#8382,1.);
#8382 = DIRECTION('',(0.,-1.,0.));
#8383 = PCURVE('',#8310,#8384);
#8384 = DEFINITIONAL_REPRESENTATION('',(#8385),#8389);
#8385 = LINE('',#8386,#8387);
#8386 = CARTESIAN_POINT('',(1.823476581937,0.));
#8387 = VECTOR('',#8388,1.);
#8388 = DIRECTION('',(0.,1.));
#8389 = ( GEOMETRIC_REPRESENTATION_CONTEXT(2) 
PARAMETRIC_REPRESENTATION_CONTEXT() REPRESENTATION_CONTEXT('2D SPACE',''
  ) );
#8390 = PCURVE('',#8391,#8396);
#8391 = PLANE('',#8392);
#8392 = AXIS2_PLACEMENT_3D('',#8393,#8394,#8395);
#8393 = CARTESIAN_POINT('',(-3.4,5.5,0.2995));
#8394 = DIRECTION('',(-1.,0.,0.));
#8395 = DIRECTION('',(0.,-1.,0.));
#8396 = DEFINITIONAL_REPRESENTATION('',(#8397),#8401);
#8397 = LINE('',#8398,#8399);
#8398 = CARTESIAN_POINT('',(5.756213597756,8.068745836552));
#8399 = VECTOR('',#8400,1.);
#8400 = DIRECTION('',(1.,0.));
#8401 = ( GEOMETRIC_REPRESENTATION_CONTEXT(2) 
PARAMETRIC_REPRESENTATION_CONTEXT() REPRESENTATION_CONTEXT('2D SPACE',''
  ) );
#8402 = ORIENTED_EDGE('',*,*,#8403,.F.);
#8403 = EDGE_CURVE('',#8404,#8376,#8406,.T.);
#8404 = VERTEX_POINT('',#8405);
#8405 = CARTESIAN_POINT('',(-4.15,5.5,7.4));
#8406 = SURFACE_CURVE('',#8407,(#8412,#8419),.PCURVE_S1.);
#8407 = CIRCLE('',#8408,1.);
#8408 = AXIS2_PLACEMENT_3D('',#8409,#8410,#8411);
#8409 = CARTESIAN_POINT('',(-3.15,5.5,7.4));
#8410 = DIRECTION('',(2.312964634636E-15,1.,0.));
#8411 = DIRECTION('',(1.,-2.312964634636E-15,0.));
#8412 = PCURVE('',#8310,#8413);
#8413 = DEFINITIONAL_REPRESENTATION('',(#8414),#8418);
#8414 = LINE('',#8415,#8416);
#8415 = CARTESIAN_POINT('',(6.28318530718,-5.756213597756));
#8416 = VECTOR('',#8417,1.);
#8417 = DIRECTION('',(-1.,1.347648266797E-15));
#8418 = ( GEOMETRIC_REPRESENTATION_CONTEXT(2) 
PARAMETRIC_REPRESENTATION_CONTEXT() REPRESENTATION_CONTEXT('2D SPACE',''
  ) );
#8419 = PCURVE('',#8420,#8425);
#8420 = PLANE('',#8421);
#8421 = AXIS2_PLACEMENT_3D('',#8422,#8423,#8424);
#8422 = CARTESIAN_POINT('',(-4.15,5.5,0.2995));
#8423 = DIRECTION('',(-2.312964634636E-15,-1.,0.));
#8424 = DIRECTION('',(1.,-2.312964634636E-15,0.));
#8425 = DEFINITIONAL_REPRESENTATION('',(#8426),#8434);
#8426 = ( BOUNDED_CURVE() B_SPLINE_CURVE(2,(#8427,#8428,#8429,#8430,
#8431,#8432,#8433),.UNSPECIFIED.,.T.,.F.) B_SPLINE_CURVE_WITH_KNOTS((1,2
    ,2,2,2,1),(-2.094395102393,0.,2.094395102393,4.188790204786,
6.28318530718,8.377580409573),.UNSPECIFIED.) CURVE() 
GEOMETRIC_REPRESENTATION_ITEM() RATIONAL_B_SPLINE_CURVE((1.,0.5,1.,0.5,
1.,0.5,1.)) REPRESENTATION_ITEM('') );
#8427 = CARTESIAN_POINT('',(2.,7.1005));
#8428 = CARTESIAN_POINT('',(2.,5.368449192431));
#8429 = CARTESIAN_POINT('',(0.5,6.234474596216));
#8430 = CARTESIAN_POINT('',(-1.,7.1005));
#8431 = CARTESIAN_POINT('',(0.5,7.966525403784));
#8432 = CARTESIAN_POINT('',(2.,8.832550807569));
#8433 = CARTESIAN_POINT('',(2.,7.1005));
#8434 = ( GEOMETRIC_REPRESENTATION_CONTEXT(2) 
PARAMETRIC_REPRESENTATION_CONTEXT() REPRESENTATION_CONTEXT('2D SPACE',''
  ) );
#8435 = ORIENTED_EDGE('',*,*,#8436,.F.);
#8436 = EDGE_CURVE('',#8437,#8404,#8439,.T.);
#8437 = VERTEX_POINT('',#8438);
#8438 = CARTESIAN_POINT('',(-4.15,2.3,7.4));
#8439 = SURFACE_CURVE('',#8440,(#8444,#8451),.PCURVE_S1.);
#8440 = LINE('',#8441,#8442);
#8441 = CARTESIAN_POINT('',(-4.15,7.65,7.4));
#8442 = VECTOR('',#8443,1.);
#8443 = DIRECTION('',(0.,1.,0.));
#8444 = PCURVE('',#8310,#8445);
#8445 = DEFINITIONAL_REPRESENTATION('',(#8446),#8450);
#8446 = LINE('',#8447,#8448);
#8447 = CARTESIAN_POINT('',(3.14159265359,-7.906213597756));
#8448 = VECTOR('',#8449,1.);
#8449 = DIRECTION('',(0.,-1.));
#8450 = ( GEOMETRIC_REPRESENTATION_CONTEXT(2) 
PARAMETRIC_REPRESENTATION_CONTEXT() REPRESENTATION_CONTEXT('2D SPACE',''
  ) );
#8451 = PCURVE('',#6506,#8452);
#8452 = DEFINITIONAL_REPRESENTATION('',(#8453),#8457);
#8453 = LINE('',#8454,#8455);
#8454 = CARTESIAN_POINT('',(0.,7.4));
#8455 = VECTOR('',#8456,1.);
#8456 = DIRECTION('',(-1.,0.));
#8457 = ( GEOMETRIC_REPRESENTATION_CONTEXT(2) 
PARAMETRIC_REPRESENTATION_CONTEXT() REPRESENTATION_CONTEXT('2D SPACE',''
  ) );
#8458 = ORIENTED_EDGE('',*,*,#8459,.F.);
#8459 = EDGE_CURVE('',#8295,#8437,#8460,.T.);
#8460 = SURFACE_CURVE('',#8461,(#8466,#8473),.PCURVE_S1.);
#8461 = CIRCLE('',#8462,1.);
#8462 = AXIS2_PLACEMENT_3D('',#8463,#8464,#8465);
#8463 = CARTESIAN_POINT('',(-3.15,2.3,7.4));
#8464 = DIRECTION('',(0.,-1.,0.));
#8465 = DIRECTION('',(1.,0.,0.));
#8466 = PCURVE('',#8310,#8467);
#8467 = DEFINITIONAL_REPRESENTATION('',(#8468),#8472);
#8468 = LINE('',#8469,#8470);
#8469 = CARTESIAN_POINT('',(0.,-2.556213597756));
#8470 = VECTOR('',#8471,1.);
#8471 = DIRECTION('',(1.,0.));
#8472 = ( GEOMETRIC_REPRESENTATION_CONTEXT(2) 
PARAMETRIC_REPRESENTATION_CONTEXT() REPRESENTATION_CONTEXT('2D SPACE',''
  ) );
#8473 = PCURVE('',#6478,#8474);
#8474 = DEFINITIONAL_REPRESENTATION('',(#8475),#8479);
#8475 = CIRCLE('',#8476,1.);
#8476 = AXIS2_PLACEMENT_2D('',#8477,#8478);
#8477 = CARTESIAN_POINT('',(-13.5,0.));
#8478 = DIRECTION('',(1.,0.));
#8479 = ( GEOMETRIC_REPRESENTATION_CONTEXT(2) 
PARAMETRIC_REPRESENTATION_CONTEXT() REPRESENTATION_CONTEXT('2D SPACE',''
  ) );
#8480 = ORIENTED_EDGE('',*,*,#8294,.F.);
#8481 = ADVANCED_FACE('',(#8482),#8420,.F.);
#8482 = FACE_BOUND('',#8483,.T.);
#8483 = EDGE_LOOP('',(#8484,#8485,#8508,#8536));
#8484 = ORIENTED_EDGE('',*,*,#8403,.T.);
#8485 = ORIENTED_EDGE('',*,*,#8486,.F.);
#8486 = EDGE_CURVE('',#8487,#8376,#8489,.T.);
#8487 = VERTEX_POINT('',#8488);
#8488 = CARTESIAN_POINT('',(-3.4,5.5,-2.6645352591E-15));
#8489 = SURFACE_CURVE('',#8490,(#8494,#8501),.PCURVE_S1.);
#8490 = LINE('',#8491,#8492);
#8491 = CARTESIAN_POINT('',(-3.4,5.5,0.2995));
#8492 = VECTOR('',#8493,1.);
#8493 = DIRECTION('',(0.,0.,1.));
#8494 = PCURVE('',#8420,#8495);
#8495 = DEFINITIONAL_REPRESENTATION('',(#8496),#8500);
#8496 = LINE('',#8497,#8498);
#8497 = CARTESIAN_POINT('',(0.75,0.));
#8498 = VECTOR('',#8499,1.);
#8499 = DIRECTION('',(0.,1.));
#8500 = ( GEOMETRIC_REPRESENTATION_CONTEXT(2) 
PARAMETRIC_REPRESENTATION_CONTEXT() REPRESENTATION_CONTEXT('2D SPACE',''
  ) );
#8501 = PCURVE('',#8391,#8502);
#8502 = DEFINITIONAL_REPRESENTATION('',(#8503),#8507);
#8503 = LINE('',#8504,#8505);
#8504 = CARTESIAN_POINT('',(0.,0.));
#8505 = VECTOR('',#8506,1.);
#8506 = DIRECTION('',(0.,1.));
#8507 = ( GEOMETRIC_REPRESENTATION_CONTEXT(2) 
PARAMETRIC_REPRESENTATION_CONTEXT() REPRESENTATION_CONTEXT('2D SPACE',''
  ) );
#8508 = ORIENTED_EDGE('',*,*,#8509,.F.);
#8509 = EDGE_CURVE('',#8510,#8487,#8512,.T.);
#8510 = VERTEX_POINT('',#8511);
#8511 = CARTESIAN_POINT('',(-4.15,5.5,-2.6645352591E-15));
#8512 = SURFACE_CURVE('',#8513,(#8517,#8524),.PCURVE_S1.);
#8513 = LINE('',#8514,#8515);
#8514 = CARTESIAN_POINT('',(-3.4,5.5,-2.6645352591E-15));
#8515 = VECTOR('',#8516,1.);
#8516 = DIRECTION('',(1.,-0.,-0.));
#8517 = PCURVE('',#8420,#8518);
#8518 = DEFINITIONAL_REPRESENTATION('',(#8519),#8523);
#8519 = LINE('',#8520,#8521);
#8520 = CARTESIAN_POINT('',(0.75,-0.2995));
#8521 = VECTOR('',#8522,1.);
#8522 = DIRECTION('',(1.,0.));
#8523 = ( GEOMETRIC_REPRESENTATION_CONTEXT(2) 
PARAMETRIC_REPRESENTATION_CONTEXT() REPRESENTATION_CONTEXT('2D SPACE',''
  ) );
#8524 = PCURVE('',#8525,#8530);
#8525 = PLANE('',#8526);
#8526 = AXIS2_PLACEMENT_3D('',#8527,#8528,#8529);
#8527 = CARTESIAN_POINT('',(3.6,15.35,-2.6645352591E-15));
#8528 = DIRECTION('',(0.,0.,1.));
#8529 = DIRECTION('',(0.,1.,0.));
#8530 = DEFINITIONAL_REPRESENTATION('',(#8531),#8535);
#8531 = LINE('',#8532,#8533);
#8532 = CARTESIAN_POINT('',(-9.85,7.));
#8533 = VECTOR('',#8534,1.);
#8534 = DIRECTION('',(0.,-1.));
#8535 = ( GEOMETRIC_REPRESENTATION_CONTEXT(2) 
PARAMETRIC_REPRESENTATION_CONTEXT() REPRESENTATION_CONTEXT('2D SPACE',''
  ) );
#8536 = ORIENTED_EDGE('',*,*,#8537,.T.);
#8537 = EDGE_CURVE('',#8510,#8404,#8538,.T.);
#8538 = SURFACE_CURVE('',#8539,(#8543,#8550),.PCURVE_S1.);
#8539 = LINE('',#8540,#8541);
#8540 = CARTESIAN_POINT('',(-4.15,5.5,0.2995));
#8541 = VECTOR('',#8542,1.);
#8542 = DIRECTION('',(0.,0.,1.));
#8543 = PCURVE('',#8420,#8544);
#8544 = DEFINITIONAL_REPRESENTATION('',(#8545),#8549);
#8545 = LINE('',#8546,#8547);
#8546 = CARTESIAN_POINT('',(0.,0.));
#8547 = VECTOR('',#8548,1.);
#8548 = DIRECTION('',(0.,1.));
#8549 = ( GEOMETRIC_REPRESENTATION_CONTEXT(2) 
PARAMETRIC_REPRESENTATION_CONTEXT() REPRESENTATION_CONTEXT('2D SPACE',''
  ) );
#8550 = PCURVE('',#6506,#8551);
#8551 = DEFINITIONAL_REPRESENTATION('',(#8552),#8556);
#8552 = LINE('',#8553,#8554);
#8553 = CARTESIAN_POINT('',(2.15,0.2995));
#8554 = VECTOR('',#8555,1.);
#8555 = DIRECTION('',(0.,1.));
#8556 = ( GEOMETRIC_REPRESENTATION_CONTEXT(2) 
PARAMETRIC_REPRESENTATION_CONTEXT() REPRESENTATION_CONTEXT('2D SPACE',''
  ) );
#8557 = ADVANCED_FACE('',(#8558),#8525,.F.);
#8558 = FACE_BOUND('',#8559,.T.);
#8559 = EDGE_LOOP('',(#8560,#8583,#8606,#8629,#8652,#8680,#8708,#8731,
    #8754,#8777,#8800,#8821));
#8560 = ORIENTED_EDGE('',*,*,#8561,.T.);
#8561 = EDGE_CURVE('',#8487,#8562,#8564,.T.);
#8562 = VERTEX_POINT('',#8563);
#8563 = CARTESIAN_POINT('',(-3.4,5.25,-2.6645352591E-15));
#8564 = SURFACE_CURVE('',#8565,(#8569,#8576),.PCURVE_S1.);
#8565 = LINE('',#8566,#8567);
#8566 = CARTESIAN_POINT('',(-3.4,5.25,-2.6645352591E-15));
#8567 = VECTOR('',#8568,1.);
#8568 = DIRECTION('',(0.,-1.,-0.));
#8569 = PCURVE('',#8525,#8570);
#8570 = DEFINITIONAL_REPRESENTATION('',(#8571),#8575);
#8571 = LINE('',#8572,#8573);
#8572 = CARTESIAN_POINT('',(-10.1,7.));
#8573 = VECTOR('',#8574,1.);
#8574 = DIRECTION('',(-1.,-0.));
#8575 = ( GEOMETRIC_REPRESENTATION_CONTEXT(2) 
PARAMETRIC_REPRESENTATION_CONTEXT() REPRESENTATION_CONTEXT('2D SPACE',''
  ) );
#8576 = PCURVE('',#8391,#8577);
#8577 = DEFINITIONAL_REPRESENTATION('',(#8578),#8582);
#8578 = LINE('',#8579,#8580);
#8579 = CARTESIAN_POINT('',(0.25,-0.2995));
#8580 = VECTOR('',#8581,1.);
#8581 = DIRECTION('',(1.,0.));
#8582 = ( GEOMETRIC_REPRESENTATION_CONTEXT(2) 
PARAMETRIC_REPRESENTATION_CONTEXT() REPRESENTATION_CONTEXT('2D SPACE',''
  ) );
#8583 = ORIENTED_EDGE('',*,*,#8584,.T.);
#8584 = EDGE_CURVE('',#8562,#8585,#8587,.T.);
#8585 = VERTEX_POINT('',#8586);
#8586 = CARTESIAN_POINT('',(-2.9,5.25,-2.6645352591E-15));
#8587 = SURFACE_CURVE('',#8588,(#8592,#8599),.PCURVE_S1.);
#8588 = LINE('',#8589,#8590);
#8589 = CARTESIAN_POINT('',(-2.9,5.25,-2.6645352591E-15));
#8590 = VECTOR('',#8591,1.);
#8591 = DIRECTION('',(1.,3.469446951954E-15,0.));
#8592 = PCURVE('',#8525,#8593);
#8593 = DEFINITIONAL_REPRESENTATION('',(#8594),#8598);
#8594 = LINE('',#8595,#8596);
#8595 = CARTESIAN_POINT('',(-10.1,6.5));
#8596 = VECTOR('',#8597,1.);
#8597 = DIRECTION('',(3.469446951954E-15,-1.));
#8598 = ( GEOMETRIC_REPRESENTATION_CONTEXT(2) 
PARAMETRIC_REPRESENTATION_CONTEXT() REPRESENTATION_CONTEXT('2D SPACE',''
  ) );
#8599 = PCURVE('',#8282,#8600);
#8600 = DEFINITIONAL_REPRESENTATION('',(#8601),#8605);
#8601 = LINE('',#8602,#8603);
#8602 = CARTESIAN_POINT('',(0.5,-0.2995));
#8603 = VECTOR('',#8604,1.);
#8604 = DIRECTION('',(1.,0.));
#8605 = ( GEOMETRIC_REPRESENTATION_CONTEXT(2) 
PARAMETRIC_REPRESENTATION_CONTEXT() REPRESENTATION_CONTEXT('2D SPACE',''
  ) );
#8606 = ORIENTED_EDGE('',*,*,#8607,.T.);
#8607 = EDGE_CURVE('',#8585,#8608,#8610,.T.);
#8608 = VERTEX_POINT('',#8609);
#8609 = CARTESIAN_POINT('',(-2.9,6.75,-2.6645352591E-15));
#8610 = SURFACE_CURVE('',#8611,(#8615,#8622),.PCURVE_S1.);
#8611 = LINE('',#8612,#8613);
#8612 = CARTESIAN_POINT('',(-2.9,6.75,-2.6645352591E-15));
#8613 = VECTOR('',#8614,1.);
#8614 = DIRECTION('',(0.,1.,0.));
#8615 = PCURVE('',#8525,#8616);
#8616 = DEFINITIONAL_REPRESENTATION('',(#8617),#8621);
#8617 = LINE('',#8618,#8619);
#8618 = CARTESIAN_POINT('',(-8.6,6.5));
#8619 = VECTOR('',#8620,1.);
#8620 = DIRECTION('',(1.,0.));
#8621 = ( GEOMETRIC_REPRESENTATION_CONTEXT(2) 
PARAMETRIC_REPRESENTATION_CONTEXT() REPRESENTATION_CONTEXT('2D SPACE',''
  ) );
#8622 = PCURVE('',#8254,#8623);
#8623 = DEFINITIONAL_REPRESENTATION('',(#8624),#8628);
#8624 = LINE('',#8625,#8626);
#8625 = CARTESIAN_POINT('',(3.552713678801E-15,-0.2995));
#8626 = VECTOR('',#8627,1.);
#8627 = DIRECTION('',(1.,0.));
#8628 = ( GEOMETRIC_REPRESENTATION_CONTEXT(2) 
PARAMETRIC_REPRESENTATION_CONTEXT() REPRESENTATION_CONTEXT('2D SPACE',''
  ) );
#8629 = ORIENTED_EDGE('',*,*,#8630,.T.);
#8630 = EDGE_CURVE('',#8608,#8631,#8633,.T.);
#8631 = VERTEX_POINT('',#8632);
#8632 = CARTESIAN_POINT('',(-3.4,6.75,-2.6645352591E-15));
#8633 = SURFACE_CURVE('',#8634,(#8638,#8645),.PCURVE_S1.);
#8634 = LINE('',#8635,#8636);
#8635 = CARTESIAN_POINT('',(-3.4,6.75,-2.6645352591E-15));
#8636 = VECTOR('',#8637,1.);
#8637 = DIRECTION('',(-1.,0.,0.));
#8638 = PCURVE('',#8525,#8639);
#8639 = DEFINITIONAL_REPRESENTATION('',(#8640),#8644);
#8640 = LINE('',#8641,#8642);
#8641 = CARTESIAN_POINT('',(-8.6,7.));
#8642 = VECTOR('',#8643,1.);
#8643 = DIRECTION('',(0.,1.));
#8644 = ( GEOMETRIC_REPRESENTATION_CONTEXT(2) 
PARAMETRIC_REPRESENTATION_CONTEXT() REPRESENTATION_CONTEXT('2D SPACE',''
  ) );
#8645 = PCURVE('',#8226,#8646);
#8646 = DEFINITIONAL_REPRESENTATION('',(#8647),#8651);
#8647 = LINE('',#8648,#8649);
#8648 = CARTESIAN_POINT('',(-1.7763568394E-15,-0.2995));
#8649 = VECTOR('',#8650,1.);
#8650 = DIRECTION('',(1.,0.));
#8651 = ( GEOMETRIC_REPRESENTATION_CONTEXT(2) 
PARAMETRIC_REPRESENTATION_CONTEXT() REPRESENTATION_CONTEXT('2D SPACE',''
  ) );
#8652 = ORIENTED_EDGE('',*,*,#8653,.T.);
#8653 = EDGE_CURVE('',#8631,#8654,#8656,.T.);
#8654 = VERTEX_POINT('',#8655);
#8655 = CARTESIAN_POINT('',(-3.4,6.5,-2.6645352591E-15));
#8656 = SURFACE_CURVE('',#8657,(#8661,#8668),.PCURVE_S1.);
#8657 = LINE('',#8658,#8659);
#8658 = CARTESIAN_POINT('',(-3.4,6.5,-2.6645352591E-15));
#8659 = VECTOR('',#8660,1.);
#8660 = DIRECTION('',(0.,-1.,-0.));
#8661 = PCURVE('',#8525,#8662);
#8662 = DEFINITIONAL_REPRESENTATION('',(#8663),#8667);
#8663 = LINE('',#8664,#8665);
#8664 = CARTESIAN_POINT('',(-8.85,7.));
#8665 = VECTOR('',#8666,1.);
#8666 = DIRECTION('',(-1.,-0.));
#8667 = ( GEOMETRIC_REPRESENTATION_CONTEXT(2) 
PARAMETRIC_REPRESENTATION_CONTEXT() REPRESENTATION_CONTEXT('2D SPACE',''
  ) );
#8668 = PCURVE('',#8669,#8674);
#8669 = PLANE('',#8670);
#8670 = AXIS2_PLACEMENT_3D('',#8671,#8672,#8673);
#8671 = CARTESIAN_POINT('',(-3.4,6.5,0.2995));
#8672 = DIRECTION('',(-1.,0.,0.));
#8673 = DIRECTION('',(0.,-1.,0.));
#8674 = DEFINITIONAL_REPRESENTATION('',(#8675),#8679);
#8675 = LINE('',#8676,#8677);
#8676 = CARTESIAN_POINT('',(-1.7763568394E-15,-0.2995));
#8677 = VECTOR('',#8678,1.);
#8678 = DIRECTION('',(1.,0.));
#8679 = ( GEOMETRIC_REPRESENTATION_CONTEXT(2) 
PARAMETRIC_REPRESENTATION_CONTEXT() REPRESENTATION_CONTEXT('2D SPACE',''
  ) );
#8680 = ORIENTED_EDGE('',*,*,#8681,.T.);
#8681 = EDGE_CURVE('',#8654,#8682,#8684,.T.);
#8682 = VERTEX_POINT('',#8683);
#8683 = CARTESIAN_POINT('',(-4.15,6.5,-2.6645352591E-15));
#8684 = SURFACE_CURVE('',#8685,(#8689,#8696),.PCURVE_S1.);
#8685 = LINE('',#8686,#8687);
#8686 = CARTESIAN_POINT('',(-4.15,6.5,-2.6645352591E-15));
#8687 = VECTOR('',#8688,1.);
#8688 = DIRECTION('',(-1.,0.,0.));
#8689 = PCURVE('',#8525,#8690);
#8690 = DEFINITIONAL_REPRESENTATION('',(#8691),#8695);
#8691 = LINE('',#8692,#8693);
#8692 = CARTESIAN_POINT('',(-8.85,7.75));
#8693 = VECTOR('',#8694,1.);
#8694 = DIRECTION('',(0.,1.));
#8695 = ( GEOMETRIC_REPRESENTATION_CONTEXT(2) 
PARAMETRIC_REPRESENTATION_CONTEXT() REPRESENTATION_CONTEXT('2D SPACE',''
  ) );
#8696 = PCURVE('',#8697,#8702);
#8697 = PLANE('',#8698);
#8698 = AXIS2_PLACEMENT_3D('',#8699,#8700,#8701);
#8699 = CARTESIAN_POINT('',(-4.15,6.5,0.2995));
#8700 = DIRECTION('',(2.312964634636E-15,1.,0.));
#8701 = DIRECTION('',(-1.,2.312964634636E-15,0.));
#8702 = DEFINITIONAL_REPRESENTATION('',(#8703),#8707);
#8703 = LINE('',#8704,#8705);
#8704 = CARTESIAN_POINT('',(0.,-0.2995));
#8705 = VECTOR('',#8706,1.);
#8706 = DIRECTION('',(1.,0.));
#8707 = ( GEOMETRIC_REPRESENTATION_CONTEXT(2) 
PARAMETRIC_REPRESENTATION_CONTEXT() REPRESENTATION_CONTEXT('2D SPACE',''
  ) );
#8708 = ORIENTED_EDGE('',*,*,#8709,.T.);
#8709 = EDGE_CURVE('',#8682,#8710,#8712,.T.);
#8710 = VERTEX_POINT('',#8711);
#8711 = CARTESIAN_POINT('',(-4.15,7.,-2.6645352591E-15));
#8712 = SURFACE_CURVE('',#8713,(#8717,#8724),.PCURVE_S1.);
#8713 = LINE('',#8714,#8715);
#8714 = CARTESIAN_POINT('',(-4.15,6.5,-2.6645352591E-15));
#8715 = VECTOR('',#8716,1.);
#8716 = DIRECTION('',(0.,1.,0.));
#8717 = PCURVE('',#8525,#8718);
#8718 = DEFINITIONAL_REPRESENTATION('',(#8719),#8723);
#8719 = LINE('',#8720,#8721);
#8720 = CARTESIAN_POINT('',(-8.85,7.75));
#8721 = VECTOR('',#8722,1.);
#8722 = DIRECTION('',(1.,0.));
#8723 = ( GEOMETRIC_REPRESENTATION_CONTEXT(2) 
PARAMETRIC_REPRESENTATION_CONTEXT() REPRESENTATION_CONTEXT('2D SPACE',''
  ) );
#8724 = PCURVE('',#6618,#8725);
#8725 = DEFINITIONAL_REPRESENTATION('',(#8726),#8730);
#8726 = LINE('',#8727,#8728);
#8727 = CARTESIAN_POINT('',(1.15,-8.881784197001E-16));
#8728 = VECTOR('',#8729,1.);
#8729 = DIRECTION('',(-1.,0.));
#8730 = ( GEOMETRIC_REPRESENTATION_CONTEXT(2) 
PARAMETRIC_REPRESENTATION_CONTEXT() REPRESENTATION_CONTEXT('2D SPACE',''
  ) );
#8731 = ORIENTED_EDGE('',*,*,#8732,.T.);
#8732 = EDGE_CURVE('',#8710,#8733,#8735,.T.);
#8733 = VERTEX_POINT('',#8734);
#8734 = CARTESIAN_POINT('',(-2.65,7.,-2.6645352591E-15));
#8735 = SURFACE_CURVE('',#8736,(#8740,#8747),.PCURVE_S1.);
#8736 = LINE('',#8737,#8738);
#8737 = CARTESIAN_POINT('',(-4.15,7.,-2.6645352591E-15));
#8738 = VECTOR('',#8739,1.);
#8739 = DIRECTION('',(1.,0.,0.));
#8740 = PCURVE('',#8525,#8741);
#8741 = DEFINITIONAL_REPRESENTATION('',(#8742),#8746);
#8742 = LINE('',#8743,#8744);
#8743 = CARTESIAN_POINT('',(-8.35,7.75));
#8744 = VECTOR('',#8745,1.);
#8745 = DIRECTION('',(0.,-1.));
#8746 = ( GEOMETRIC_REPRESENTATION_CONTEXT(2) 
PARAMETRIC_REPRESENTATION_CONTEXT() REPRESENTATION_CONTEXT('2D SPACE',''
  ) );
#8747 = PCURVE('',#6590,#8748);
#8748 = DEFINITIONAL_REPRESENTATION('',(#8749),#8753);
#8749 = LINE('',#8750,#8751);
#8750 = CARTESIAN_POINT('',(0.,0.));
#8751 = VECTOR('',#8752,1.);
#8752 = DIRECTION('',(1.,0.));
#8753 = ( GEOMETRIC_REPRESENTATION_CONTEXT(2) 
PARAMETRIC_REPRESENTATION_CONTEXT() REPRESENTATION_CONTEXT('2D SPACE',''
  ) );
#8754 = ORIENTED_EDGE('',*,*,#8755,.T.);
#8755 = EDGE_CURVE('',#8733,#8756,#8758,.T.);
#8756 = VERTEX_POINT('',#8757);
#8757 = CARTESIAN_POINT('',(-2.65,5.,-2.6645352591E-15));
#8758 = SURFACE_CURVE('',#8759,(#8763,#8770),.PCURVE_S1.);
#8759 = LINE('',#8760,#8761);
#8760 = CARTESIAN_POINT('',(-2.65,7.,-2.6645352591E-15));
#8761 = VECTOR('',#8762,1.);
#8762 = DIRECTION('',(0.,-1.,0.));
#8763 = PCURVE('',#8525,#8764);
#8764 = DEFINITIONAL_REPRESENTATION('',(#8765),#8769);
#8765 = LINE('',#8766,#8767);
#8766 = CARTESIAN_POINT('',(-8.35,6.25));
#8767 = VECTOR('',#8768,1.);
#8768 = DIRECTION('',(-1.,0.));
#8769 = ( GEOMETRIC_REPRESENTATION_CONTEXT(2) 
PARAMETRIC_REPRESENTATION_CONTEXT() REPRESENTATION_CONTEXT('2D SPACE',''
  ) );
#8770 = PCURVE('',#6562,#8771);
#8771 = DEFINITIONAL_REPRESENTATION('',(#8772),#8776);
#8772 = LINE('',#8773,#8774);
#8773 = CARTESIAN_POINT('',(0.,0.));
#8774 = VECTOR('',#8775,1.);
#8775 = DIRECTION('',(1.,0.));
#8776 = ( GEOMETRIC_REPRESENTATION_CONTEXT(2) 
PARAMETRIC_REPRESENTATION_CONTEXT() REPRESENTATION_CONTEXT('2D SPACE',''
  ) );
#8777 = ORIENTED_EDGE('',*,*,#8778,.T.);
#8778 = EDGE_CURVE('',#8756,#8779,#8781,.T.);
#8779 = VERTEX_POINT('',#8780);
#8780 = CARTESIAN_POINT('',(-4.15,5.,-2.6645352591E-15));
#8781 = SURFACE_CURVE('',#8782,(#8786,#8793),.PCURVE_S1.);
#8782 = LINE('',#8783,#8784);
#8783 = CARTESIAN_POINT('',(-2.65,5.,-2.6645352591E-15));
#8784 = VECTOR('',#8785,1.);
#8785 = DIRECTION('',(-1.,-1.156482317318E-15,0.));
#8786 = PCURVE('',#8525,#8787);
#8787 = DEFINITIONAL_REPRESENTATION('',(#8788),#8792);
#8788 = LINE('',#8789,#8790);
#8789 = CARTESIAN_POINT('',(-10.35,6.25));
#8790 = VECTOR('',#8791,1.);
#8791 = DIRECTION('',(-1.156482317318E-15,1.));
#8792 = ( GEOMETRIC_REPRESENTATION_CONTEXT(2) 
PARAMETRIC_REPRESENTATION_CONTEXT() REPRESENTATION_CONTEXT('2D SPACE',''
  ) );
#8793 = PCURVE('',#6534,#8794);
#8794 = DEFINITIONAL_REPRESENTATION('',(#8795),#8799);
#8795 = LINE('',#8796,#8797);
#8796 = CARTESIAN_POINT('',(0.,0.));
#8797 = VECTOR('',#8798,1.);
#8798 = DIRECTION('',(1.,0.));
#8799 = ( GEOMETRIC_REPRESENTATION_CONTEXT(2) 
PARAMETRIC_REPRESENTATION_CONTEXT() REPRESENTATION_CONTEXT('2D SPACE',''
  ) );
#8800 = ORIENTED_EDGE('',*,*,#8801,.T.);
#8801 = EDGE_CURVE('',#8779,#8510,#8802,.T.);
#8802 = SURFACE_CURVE('',#8803,(#8807,#8814),.PCURVE_S1.);
#8803 = LINE('',#8804,#8805);
#8804 = CARTESIAN_POINT('',(-4.15,5.5,-2.6645352591E-15));
#8805 = VECTOR('',#8806,1.);
#8806 = DIRECTION('',(0.,1.,0.));
#8807 = PCURVE('',#8525,#8808);
#8808 = DEFINITIONAL_REPRESENTATION('',(#8809),#8813);
#8809 = LINE('',#8810,#8811);
#8810 = CARTESIAN_POINT('',(-9.85,7.75));
#8811 = VECTOR('',#8812,1.);
#8812 = DIRECTION('',(1.,0.));
#8813 = ( GEOMETRIC_REPRESENTATION_CONTEXT(2) 
PARAMETRIC_REPRESENTATION_CONTEXT() REPRESENTATION_CONTEXT('2D SPACE',''
  ) );
#8814 = PCURVE('',#6506,#8815);
#8815 = DEFINITIONAL_REPRESENTATION('',(#8816),#8820);
#8816 = LINE('',#8817,#8818);
#8817 = CARTESIAN_POINT('',(2.15,-8.881784197001E-16));
#8818 = VECTOR('',#8819,1.);
#8819 = DIRECTION('',(-1.,0.));
#8820 = ( GEOMETRIC_REPRESENTATION_CONTEXT(2) 
PARAMETRIC_REPRESENTATION_CONTEXT() REPRESENTATION_CONTEXT('2D SPACE',''
  ) );
#8821 = ORIENTED_EDGE('',*,*,#8509,.T.);
#8822 = ADVANCED_FACE('',(#8823),#8697,.F.);
#8823 = FACE_BOUND('',#8824,.T.);
#8824 = EDGE_LOOP('',(#8825,#8855,#8876,#8877));
#8825 = ORIENTED_EDGE('',*,*,#8826,.T.);
#8826 = EDGE_CURVE('',#8827,#8829,#8831,.T.);
#8827 = VERTEX_POINT('',#8828);
#8828 = CARTESIAN_POINT('',(-3.4,6.5,8.368245836552));
#8829 = VERTEX_POINT('',#8830);
#8830 = CARTESIAN_POINT('',(-4.15,6.5,7.4));
#8831 = SURFACE_CURVE('',#8832,(#8837,#8848),.PCURVE_S1.);
#8832 = CIRCLE('',#8833,1.);
#8833 = AXIS2_PLACEMENT_3D('',#8834,#8835,#8836);
#8834 = CARTESIAN_POINT('',(-3.15,6.5,7.4));
#8835 = DIRECTION('',(-2.312964634636E-15,-1.,-0.));
#8836 = DIRECTION('',(-1.,2.312964634636E-15,0.));
#8837 = PCURVE('',#8697,#8838);
#8838 = DEFINITIONAL_REPRESENTATION('',(#8839),#8847);
#8839 = ( BOUNDED_CURVE() B_SPLINE_CURVE(2,(#8840,#8841,#8842,#8843,
#8844,#8845,#8846),.UNSPECIFIED.,.T.,.F.) B_SPLINE_CURVE_WITH_KNOTS((1,2
    ,2,2,2,1),(-2.094395102393,0.,2.094395102393,4.188790204786,
6.28318530718,8.377580409573),.UNSPECIFIED.) CURVE() 
GEOMETRIC_REPRESENTATION_ITEM() RATIONAL_B_SPLINE_CURVE((1.,0.5,1.,0.5,
1.,0.5,1.)) REPRESENTATION_ITEM('') );
#8840 = CARTESIAN_POINT('',(-1.7763568394E-15,7.1005));
#8841 = CARTESIAN_POINT('',(-1.7763568394E-15,5.368449192431));
#8842 = CARTESIAN_POINT('',(-1.5,6.234474596216));
#8843 = CARTESIAN_POINT('',(-3.,7.1005));
#8844 = CARTESIAN_POINT('',(-1.5,7.966525403784));
#8845 = CARTESIAN_POINT('',(-3.330669073875E-15,8.832550807569));
#8846 = CARTESIAN_POINT('',(-1.7763568394E-15,7.1005));
#8847 = ( GEOMETRIC_REPRESENTATION_CONTEXT(2) 
PARAMETRIC_REPRESENTATION_CONTEXT() REPRESENTATION_CONTEXT('2D SPACE',''
  ) );
#8848 = PCURVE('',#7089,#8849);
#8849 = DEFINITIONAL_REPRESENTATION('',(#8850),#8854);
#8850 = LINE('',#8851,#8852);
#8851 = CARTESIAN_POINT('',(-3.14159265359,-6.756213597756));
#8852 = VECTOR('',#8853,1.);
#8853 = DIRECTION('',(1.,-1.347648266797E-15));
#8854 = ( GEOMETRIC_REPRESENTATION_CONTEXT(2) 
PARAMETRIC_REPRESENTATION_CONTEXT() REPRESENTATION_CONTEXT('2D SPACE',''
  ) );
#8855 = ORIENTED_EDGE('',*,*,#8856,.F.);
#8856 = EDGE_CURVE('',#8682,#8829,#8857,.T.);
#8857 = SURFACE_CURVE('',#8858,(#8862,#8869),.PCURVE_S1.);
#8858 = LINE('',#8859,#8860);
#8859 = CARTESIAN_POINT('',(-4.15,6.5,0.2995));
#8860 = VECTOR('',#8861,1.);
#8861 = DIRECTION('',(0.,0.,1.));
#8862 = PCURVE('',#8697,#8863);
#8863 = DEFINITIONAL_REPRESENTATION('',(#8864),#8868);
#8864 = LINE('',#8865,#8866);
#8865 = CARTESIAN_POINT('',(0.,0.));
#8866 = VECTOR('',#8867,1.);
#8867 = DIRECTION('',(0.,1.));
#8868 = ( GEOMETRIC_REPRESENTATION_CONTEXT(2) 
PARAMETRIC_REPRESENTATION_CONTEXT() REPRESENTATION_CONTEXT('2D SPACE',''
  ) );
#8869 = PCURVE('',#6618,#8870);
#8870 = DEFINITIONAL_REPRESENTATION('',(#8871),#8875);
#8871 = LINE('',#8872,#8873);
#8872 = CARTESIAN_POINT('',(1.15,0.2995));
#8873 = VECTOR('',#8874,1.);
#8874 = DIRECTION('',(0.,1.));
#8875 = ( GEOMETRIC_REPRESENTATION_CONTEXT(2) 
PARAMETRIC_REPRESENTATION_CONTEXT() REPRESENTATION_CONTEXT('2D SPACE',''
  ) );
#8876 = ORIENTED_EDGE('',*,*,#8681,.F.);
#8877 = ORIENTED_EDGE('',*,*,#8878,.T.);
#8878 = EDGE_CURVE('',#8654,#8827,#8879,.T.);
#8879 = SURFACE_CURVE('',#8880,(#8884,#8891),.PCURVE_S1.);
#8880 = LINE('',#8881,#8882);
#8881 = CARTESIAN_POINT('',(-3.4,6.5,0.2995));
#8882 = VECTOR('',#8883,1.);
#8883 = DIRECTION('',(0.,0.,1.));
#8884 = PCURVE('',#8697,#8885);
#8885 = DEFINITIONAL_REPRESENTATION('',(#8886),#8890);
#8886 = LINE('',#8887,#8888);
#8887 = CARTESIAN_POINT('',(-0.75,0.));
#8888 = VECTOR('',#8889,1.);
#8889 = DIRECTION('',(0.,1.));
#8890 = ( GEOMETRIC_REPRESENTATION_CONTEXT(2) 
PARAMETRIC_REPRESENTATION_CONTEXT() REPRESENTATION_CONTEXT('2D SPACE',''
  ) );
#8891 = PCURVE('',#8669,#8892);
#8892 = DEFINITIONAL_REPRESENTATION('',(#8893),#8897);
#8893 = LINE('',#8894,#8895);
#8894 = CARTESIAN_POINT('',(0.,0.));
#8895 = VECTOR('',#8896,1.);
#8896 = DIRECTION('',(0.,1.));
#8897 = ( GEOMETRIC_REPRESENTATION_CONTEXT(2) 
PARAMETRIC_REPRESENTATION_CONTEXT() REPRESENTATION_CONTEXT('2D SPACE',''
  ) );
#8898 = ADVANCED_FACE('',(#8899),#8669,.F.);
#8899 = FACE_BOUND('',#8900,.T.);
#8900 = EDGE_LOOP('',(#8901,#8924,#8925,#8926));
#8901 = ORIENTED_EDGE('',*,*,#8902,.T.);
#8902 = EDGE_CURVE('',#8903,#8827,#8905,.T.);
#8903 = VERTEX_POINT('',#8904);
#8904 = CARTESIAN_POINT('',(-3.4,6.75,8.368245836552));
#8905 = SURFACE_CURVE('',#8906,(#8910,#8917),.PCURVE_S1.);
#8906 = LINE('',#8907,#8908);
#8907 = CARTESIAN_POINT('',(-3.4,-0.256213597756,8.368245836552));
#8908 = VECTOR('',#8909,1.);
#8909 = DIRECTION('',(0.,-1.,0.));
#8910 = PCURVE('',#8669,#8911);
#8911 = DEFINITIONAL_REPRESENTATION('',(#8912),#8916);
#8912 = LINE('',#8913,#8914);
#8913 = CARTESIAN_POINT('',(6.756213597756,8.068745836552));
#8914 = VECTOR('',#8915,1.);
#8915 = DIRECTION('',(1.,0.));
#8916 = ( GEOMETRIC_REPRESENTATION_CONTEXT(2) 
PARAMETRIC_REPRESENTATION_CONTEXT() REPRESENTATION_CONTEXT('2D SPACE',''
  ) );
#8917 = PCURVE('',#7089,#8918);
#8918 = DEFINITIONAL_REPRESENTATION('',(#8919),#8923);
#8919 = LINE('',#8920,#8921);
#8920 = CARTESIAN_POINT('',(1.823476581937,0.));
#8921 = VECTOR('',#8922,1.);
#8922 = DIRECTION('',(0.,1.));
#8923 = ( GEOMETRIC_REPRESENTATION_CONTEXT(2) 
PARAMETRIC_REPRESENTATION_CONTEXT() REPRESENTATION_CONTEXT('2D SPACE',''
  ) );
#8924 = ORIENTED_EDGE('',*,*,#8878,.F.);
#8925 = ORIENTED_EDGE('',*,*,#8653,.F.);
#8926 = ORIENTED_EDGE('',*,*,#8927,.T.);
#8927 = EDGE_CURVE('',#8631,#8903,#8928,.T.);
#8928 = SURFACE_CURVE('',#8929,(#8933,#8940),.PCURVE_S1.);
#8929 = LINE('',#8930,#8931);
#8930 = CARTESIAN_POINT('',(-3.4,6.75,0.2995));
#8931 = VECTOR('',#8932,1.);
#8932 = DIRECTION('',(0.,0.,1.));
#8933 = PCURVE('',#8669,#8934);
#8934 = DEFINITIONAL_REPRESENTATION('',(#8935),#8939);
#8935 = LINE('',#8936,#8937);
#8936 = CARTESIAN_POINT('',(-0.25,0.));
#8937 = VECTOR('',#8938,1.);
#8938 = DIRECTION('',(0.,1.));
#8939 = ( GEOMETRIC_REPRESENTATION_CONTEXT(2) 
PARAMETRIC_REPRESENTATION_CONTEXT() REPRESENTATION_CONTEXT('2D SPACE',''
  ) );
#8940 = PCURVE('',#8226,#8941);
#8941 = DEFINITIONAL_REPRESENTATION('',(#8942),#8946);
#8942 = LINE('',#8943,#8944);
#8943 = CARTESIAN_POINT('',(0.,0.));
#8944 = VECTOR('',#8945,1.);
#8945 = DIRECTION('',(0.,1.));
#8946 = ( GEOMETRIC_REPRESENTATION_CONTEXT(2) 
PARAMETRIC_REPRESENTATION_CONTEXT() REPRESENTATION_CONTEXT('2D SPACE',''
  ) );
#8947 = ADVANCED_FACE('',(#8948),#8391,.F.);
#8948 = FACE_BOUND('',#8949,.T.);
#8949 = EDGE_LOOP('',(#8950,#8951,#8972,#8973));
#8950 = ORIENTED_EDGE('',*,*,#8375,.T.);
#8951 = ORIENTED_EDGE('',*,*,#8952,.F.);
#8952 = EDGE_CURVE('',#8562,#8348,#8953,.T.);
#8953 = SURFACE_CURVE('',#8954,(#8958,#8965),.PCURVE_S1.);
#8954 = LINE('',#8955,#8956);
#8955 = CARTESIAN_POINT('',(-3.4,5.25,0.2995));
#8956 = VECTOR('',#8957,1.);
#8957 = DIRECTION('',(0.,0.,1.));
#8958 = PCURVE('',#8391,#8959);
#8959 = DEFINITIONAL_REPRESENTATION('',(#8960),#8964);
#8960 = LINE('',#8961,#8962);
#8961 = CARTESIAN_POINT('',(0.25,0.));
#8962 = VECTOR('',#8963,1.);
#8963 = DIRECTION('',(0.,1.));
#8964 = ( GEOMETRIC_REPRESENTATION_CONTEXT(2) 
PARAMETRIC_REPRESENTATION_CONTEXT() REPRESENTATION_CONTEXT('2D SPACE',''
  ) );
#8965 = PCURVE('',#8282,#8966);
#8966 = DEFINITIONAL_REPRESENTATION('',(#8967),#8971);
#8967 = LINE('',#8968,#8969);
#8968 = CARTESIAN_POINT('',(0.,0.));
#8969 = VECTOR('',#8970,1.);
#8970 = DIRECTION('',(0.,1.));
#8971 = ( GEOMETRIC_REPRESENTATION_CONTEXT(2) 
PARAMETRIC_REPRESENTATION_CONTEXT() REPRESENTATION_CONTEXT('2D SPACE',''
  ) );
#8972 = ORIENTED_EDGE('',*,*,#8561,.F.);
#8973 = ORIENTED_EDGE('',*,*,#8486,.T.);
#8974 = ADVANCED_FACE('',(#8975),#8282,.F.);
#8975 = FACE_BOUND('',#8976,.T.);
#8976 = EDGE_LOOP('',(#8977,#8978,#8979,#9000,#9001));
#8977 = ORIENTED_EDGE('',*,*,#8347,.T.);
#8978 = ORIENTED_EDGE('',*,*,#8266,.T.);
#8979 = ORIENTED_EDGE('',*,*,#8980,.F.);
#8980 = EDGE_CURVE('',#8585,#8239,#8981,.T.);
#8981 = SURFACE_CURVE('',#8982,(#8986,#8993),.PCURVE_S1.);
#8982 = LINE('',#8983,#8984);
#8983 = CARTESIAN_POINT('',(-2.9,5.25,0.2995));
#8984 = VECTOR('',#8985,1.);
#8985 = DIRECTION('',(0.,0.,1.));
#8986 = PCURVE('',#8282,#8987);
#8987 = DEFINITIONAL_REPRESENTATION('',(#8988),#8992);
#8988 = LINE('',#8989,#8990);
#8989 = CARTESIAN_POINT('',(0.5,0.));
#8990 = VECTOR('',#8991,1.);
#8991 = DIRECTION('',(0.,1.));
#8992 = ( GEOMETRIC_REPRESENTATION_CONTEXT(2) 
PARAMETRIC_REPRESENTATION_CONTEXT() REPRESENTATION_CONTEXT('2D SPACE',''
  ) );
#8993 = PCURVE('',#8254,#8994);
#8994 = DEFINITIONAL_REPRESENTATION('',(#8995),#8999);
#8995 = LINE('',#8996,#8997);
#8996 = CARTESIAN_POINT('',(-1.5,0.));
#8997 = VECTOR('',#8998,1.);
#8998 = DIRECTION('',(0.,1.));
#8999 = ( GEOMETRIC_REPRESENTATION_CONTEXT(2) 
PARAMETRIC_REPRESENTATION_CONTEXT() REPRESENTATION_CONTEXT('2D SPACE',''
  ) );
#9000 = ORIENTED_EDGE('',*,*,#8584,.F.);
#9001 = ORIENTED_EDGE('',*,*,#8952,.T.);
#9002 = ADVANCED_FACE('',(#9003),#8254,.F.);
#9003 = FACE_BOUND('',#9004,.T.);
#9004 = EDGE_LOOP('',(#9005,#9006,#9007,#9028));
#9005 = ORIENTED_EDGE('',*,*,#8980,.T.);
#9006 = ORIENTED_EDGE('',*,*,#8238,.T.);
#9007 = ORIENTED_EDGE('',*,*,#9008,.F.);
#9008 = EDGE_CURVE('',#8608,#8211,#9009,.T.);
#9009 = SURFACE_CURVE('',#9010,(#9014,#9021),.PCURVE_S1.);
#9010 = LINE('',#9011,#9012);
#9011 = CARTESIAN_POINT('',(-2.9,6.75,0.2995));
#9012 = VECTOR('',#9013,1.);
#9013 = DIRECTION('',(0.,0.,1.));
#9014 = PCURVE('',#8254,#9015);
#9015 = DEFINITIONAL_REPRESENTATION('',(#9016),#9020);
#9016 = LINE('',#9017,#9018);
#9017 = CARTESIAN_POINT('',(0.,0.));
#9018 = VECTOR('',#9019,1.);
#9019 = DIRECTION('',(0.,1.));
#9020 = ( GEOMETRIC_REPRESENTATION_CONTEXT(2) 
PARAMETRIC_REPRESENTATION_CONTEXT() REPRESENTATION_CONTEXT('2D SPACE',''
  ) );
#9021 = PCURVE('',#8226,#9022);
#9022 = DEFINITIONAL_REPRESENTATION('',(#9023),#9027);
#9023 = LINE('',#9024,#9025);
#9024 = CARTESIAN_POINT('',(-0.5,0.));
#9025 = VECTOR('',#9026,1.);
#9026 = DIRECTION('',(0.,1.));
#9027 = ( GEOMETRIC_REPRESENTATION_CONTEXT(2) 
PARAMETRIC_REPRESENTATION_CONTEXT() REPRESENTATION_CONTEXT('2D SPACE',''
  ) );
#9028 = ORIENTED_EDGE('',*,*,#8607,.F.);
#9029 = ADVANCED_FACE('',(#9030),#8226,.F.);
#9030 = FACE_BOUND('',#9031,.T.);
#9031 = EDGE_LOOP('',(#9032,#9058,#9059,#9060,#9061));
#9032 = ORIENTED_EDGE('',*,*,#9033,.T.);
#9033 = EDGE_CURVE('',#8188,#8903,#9034,.T.);
#9034 = SURFACE_CURVE('',#9035,(#9040,#9051),.PCURVE_S1.);
#9035 = CIRCLE('',#9036,1.);
#9036 = AXIS2_PLACEMENT_3D('',#9037,#9038,#9039);
#9037 = CARTESIAN_POINT('',(-3.15,6.75,7.4));
#9038 = DIRECTION('',(-3.469446951954E-15,-1.,-0.));
#9039 = DIRECTION('',(-1.,3.469446951954E-15,0.));
#9040 = PCURVE('',#8226,#9041);
#9041 = DEFINITIONAL_REPRESENTATION('',(#9042),#9050);
#9042 = ( BOUNDED_CURVE() B_SPLINE_CURVE(2,(#9043,#9044,#9045,#9046,
#9047,#9048,#9049),.UNSPECIFIED.,.T.,.F.) B_SPLINE_CURVE_WITH_KNOTS((1,2
    ,2,2,2,1),(-2.094395102393,0.,2.094395102393,4.188790204786,
6.28318530718,8.377580409573),.UNSPECIFIED.) CURVE() 
GEOMETRIC_REPRESENTATION_ITEM() RATIONAL_B_SPLINE_CURVE((1.,0.5,1.,0.5,
1.,0.5,1.)) REPRESENTATION_ITEM('') );
#9043 = CARTESIAN_POINT('',(0.75,7.1005));
#9044 = CARTESIAN_POINT('',(0.75,5.368449192431));
#9045 = CARTESIAN_POINT('',(-0.75,6.234474596216));
#9046 = CARTESIAN_POINT('',(-2.25,7.1005));
#9047 = CARTESIAN_POINT('',(-0.75,7.966525403784));
#9048 = CARTESIAN_POINT('',(0.75,8.832550807569));
#9049 = CARTESIAN_POINT('',(0.75,7.1005));
#9050 = ( GEOMETRIC_REPRESENTATION_CONTEXT(2) 
PARAMETRIC_REPRESENTATION_CONTEXT() REPRESENTATION_CONTEXT('2D SPACE',''
  ) );
#9051 = PCURVE('',#7089,#9052);
#9052 = DEFINITIONAL_REPRESENTATION('',(#9053),#9057);
#9053 = LINE('',#9054,#9055);
#9054 = CARTESIAN_POINT('',(-3.14159265359,-7.006213597756));
#9055 = VECTOR('',#9056,1.);
#9056 = DIRECTION('',(1.,0.));
#9057 = ( GEOMETRIC_REPRESENTATION_CONTEXT(2) 
PARAMETRIC_REPRESENTATION_CONTEXT() REPRESENTATION_CONTEXT('2D SPACE',''
  ) );
#9058 = ORIENTED_EDGE('',*,*,#8927,.F.);
#9059 = ORIENTED_EDGE('',*,*,#8630,.F.);
#9060 = ORIENTED_EDGE('',*,*,#9008,.T.);
#9061 = ORIENTED_EDGE('',*,*,#8210,.T.);
#9062 = ADVANCED_FACE('',(#9063),#7089,.T.);
#9063 = FACE_BOUND('',#9064,.T.);
#9064 = EDGE_LOOP('',(#9065,#9066,#9067,#9068,#9089,#9090));
#9065 = ORIENTED_EDGE('',*,*,#9033,.F.);
#9066 = ORIENTED_EDGE('',*,*,#8187,.F.);
#9067 = ORIENTED_EDGE('',*,*,#7072,.T.);
#9068 = ORIENTED_EDGE('',*,*,#9069,.F.);
#9069 = EDGE_CURVE('',#8829,#7050,#9070,.T.);
#9070 = SURFACE_CURVE('',#9071,(#9075,#9082),.PCURVE_S1.);
#9071 = LINE('',#9072,#9073);
#9072 = CARTESIAN_POINT('',(-4.15,7.65,7.4));
#9073 = VECTOR('',#9074,1.);
#9074 = DIRECTION('',(0.,1.,0.));
#9075 = PCURVE('',#7089,#9076);
#9076 = DEFINITIONAL_REPRESENTATION('',(#9077),#9081);
#9077 = LINE('',#9078,#9079);
#9078 = CARTESIAN_POINT('',(3.14159265359,-7.906213597756));
#9079 = VECTOR('',#9080,1.);
#9080 = DIRECTION('',(0.,-1.));
#9081 = ( GEOMETRIC_REPRESENTATION_CONTEXT(2) 
PARAMETRIC_REPRESENTATION_CONTEXT() REPRESENTATION_CONTEXT('2D SPACE',''
  ) );
#9082 = PCURVE('',#6618,#9083);
#9083 = DEFINITIONAL_REPRESENTATION('',(#9084),#9088);
#9084 = LINE('',#9085,#9086);
#9085 = CARTESIAN_POINT('',(0.,7.4));
#9086 = VECTOR('',#9087,1.);
#9087 = DIRECTION('',(-1.,0.));
#9088 = ( GEOMETRIC_REPRESENTATION_CONTEXT(2) 
PARAMETRIC_REPRESENTATION_CONTEXT() REPRESENTATION_CONTEXT('2D SPACE',''
  ) );
#9089 = ORIENTED_EDGE('',*,*,#8826,.F.);
#9090 = ORIENTED_EDGE('',*,*,#8902,.F.);
#9091 = ADVANCED_FACE('',(#9092),#7037,.F.);
#9092 = FACE_BOUND('',#9093,.T.);
#9093 = EDGE_LOOP('',(#9094,#9095,#9118,#9141));
#9094 = ORIENTED_EDGE('',*,*,#7021,.F.);
#9095 = ORIENTED_EDGE('',*,*,#9096,.F.);
#9096 = EDGE_CURVE('',#9097,#6999,#9099,.T.);
#9097 = VERTEX_POINT('',#9098);
#9098 = CARTESIAN_POINT('',(-3.65,15.85,-2.6645352591E-15));
#9099 = SURFACE_CURVE('',#9100,(#9104,#9111),.PCURVE_S1.);
#9100 = LINE('',#9101,#9102);
#9101 = CARTESIAN_POINT('',(-3.65,16.35,-2.6645352591E-15));
#9102 = VECTOR('',#9103,1.);
#9103 = DIRECTION('',(0.,1.,0.));
#9104 = PCURVE('',#7037,#9105);
#9105 = DEFINITIONAL_REPRESENTATION('',(#9106),#9110);
#9106 = LINE('',#9107,#9108);
#9107 = CARTESIAN_POINT('',(1.,7.25));
#9108 = VECTOR('',#9109,1.);
#9109 = DIRECTION('',(1.,0.));
#9110 = ( GEOMETRIC_REPRESENTATION_CONTEXT(2) 
PARAMETRIC_REPRESENTATION_CONTEXT() REPRESENTATION_CONTEXT('2D SPACE',''
  ) );
#9111 = PCURVE('',#6674,#9112);
#9112 = DEFINITIONAL_REPRESENTATION('',(#9113),#9117);
#9113 = LINE('',#9114,#9115);
#9114 = CARTESIAN_POINT('',(0.,0.707106781187));
#9115 = VECTOR('',#9116,1.);
#9116 = DIRECTION('',(-1.,0.));
#9117 = ( GEOMETRIC_REPRESENTATION_CONTEXT(2) 
PARAMETRIC_REPRESENTATION_CONTEXT() REPRESENTATION_CONTEXT('2D SPACE',''
  ) );
#9118 = ORIENTED_EDGE('',*,*,#9119,.F.);
#9119 = EDGE_CURVE('',#9120,#9097,#9122,.T.);
#9120 = VERTEX_POINT('',#9121);
#9121 = CARTESIAN_POINT('',(-4.15,15.85,-2.6645352591E-15));
#9122 = SURFACE_CURVE('',#9123,(#9127,#9134),.PCURVE_S1.);
#9123 = LINE('',#9124,#9125);
#9124 = CARTESIAN_POINT('',(-4.15,15.85,-2.6645352591E-15));
#9125 = VECTOR('',#9126,1.);
#9126 = DIRECTION('',(1.,-2.168404344971E-16,0.));
#9127 = PCURVE('',#7037,#9128);
#9128 = DEFINITIONAL_REPRESENTATION('',(#9129),#9133);
#9129 = LINE('',#9130,#9131);
#9130 = CARTESIAN_POINT('',(0.5,7.75));
#9131 = VECTOR('',#9132,1.);
#9132 = DIRECTION('',(-2.168404344971E-16,-1.));
#9133 = ( GEOMETRIC_REPRESENTATION_CONTEXT(2) 
PARAMETRIC_REPRESENTATION_CONTEXT() REPRESENTATION_CONTEXT('2D SPACE',''
  ) );
#9134 = PCURVE('',#6646,#9135);
#9135 = DEFINITIONAL_REPRESENTATION('',(#9136),#9140);
#9136 = LINE('',#9137,#9138);
#9137 = CARTESIAN_POINT('',(0.,0.707106781187));
#9138 = VECTOR('',#9139,1.);
#9139 = DIRECTION('',(-1.,0.));
#9140 = ( GEOMETRIC_REPRESENTATION_CONTEXT(2) 
PARAMETRIC_REPRESENTATION_CONTEXT() REPRESENTATION_CONTEXT('2D SPACE',''
  ) );
#9141 = ORIENTED_EDGE('',*,*,#9142,.F.);
#9142 = EDGE_CURVE('',#7022,#9120,#9143,.T.);
#9143 = SURFACE_CURVE('',#9144,(#9148,#9155),.PCURVE_S1.);
#9144 = LINE('',#9145,#9146);
#9145 = CARTESIAN_POINT('',(-4.15,16.35,-2.6645352591E-15));
#9146 = VECTOR('',#9147,1.);
#9147 = DIRECTION('',(0.,-1.,0.));
#9148 = PCURVE('',#7037,#9149);
#9149 = DEFINITIONAL_REPRESENTATION('',(#9150),#9154);
#9150 = LINE('',#9151,#9152);
#9151 = CARTESIAN_POINT('',(1.,7.75));
#9152 = VECTOR('',#9153,1.);
#9153 = DIRECTION('',(-1.,0.));
#9154 = ( GEOMETRIC_REPRESENTATION_CONTEXT(2) 
PARAMETRIC_REPRESENTATION_CONTEXT() REPRESENTATION_CONTEXT('2D SPACE',''
  ) );
#9155 = PCURVE('',#6618,#9156);
#9156 = DEFINITIONAL_REPRESENTATION('',(#9157),#9161);
#9157 = LINE('',#9158,#9159);
#9158 = CARTESIAN_POINT('',(-8.7,-8.881784197001E-16));
#9159 = VECTOR('',#9160,1.);
#9160 = DIRECTION('',(1.,0.));
#9161 = ( GEOMETRIC_REPRESENTATION_CONTEXT(2) 
PARAMETRIC_REPRESENTATION_CONTEXT() REPRESENTATION_CONTEXT('2D SPACE',''
  ) );
#9162 = ADVANCED_FACE('',(#9163),#6983,.F.);
#9163 = FACE_BOUND('',#9164,.T.);
#9164 = EDGE_LOOP('',(#9165,#9188,#9216,#9237));
#9165 = ORIENTED_EDGE('',*,*,#9166,.T.);
#9166 = EDGE_CURVE('',#6942,#9167,#9169,.T.);
#9167 = VERTEX_POINT('',#9168);
#9168 = CARTESIAN_POINT('',(10.65,16.15,1.));
#9169 = SURFACE_CURVE('',#9170,(#9174,#9181),.PCURVE_S1.);
#9170 = LINE('',#9171,#9172);
#9171 = CARTESIAN_POINT('',(10.65,16.15,1.));
#9172 = VECTOR('',#9173,1.);
#9173 = DIRECTION('',(-0.57735026919,-0.57735026919,0.57735026919));
#9174 = PCURVE('',#6983,#9175);
#9175 = DEFINITIONAL_REPRESENTATION('',(#9176),#9180);
#9176 = LINE('',#9177,#9178);
#9177 = CARTESIAN_POINT('',(6.7,0.));
#9178 = VECTOR('',#9179,1.);
#9179 = DIRECTION('',(-0.57735026919,-0.816496580928));
#9180 = ( GEOMETRIC_REPRESENTATION_CONTEXT(2) 
PARAMETRIC_REPRESENTATION_CONTEXT() REPRESENTATION_CONTEXT('2D SPACE',''
  ) );
#9181 = PCURVE('',#6957,#9182);
#9182 = DEFINITIONAL_REPRESENTATION('',(#9183),#9187);
#9183 = LINE('',#9184,#9185);
#9184 = CARTESIAN_POINT('',(0.,0.));
#9185 = VECTOR('',#9186,1.);
#9186 = DIRECTION('',(0.57735026919,-0.816496580928));
#9187 = ( GEOMETRIC_REPRESENTATION_CONTEXT(2) 
PARAMETRIC_REPRESENTATION_CONTEXT() REPRESENTATION_CONTEXT('2D SPACE',''
  ) );
#9188 = ORIENTED_EDGE('',*,*,#9189,.F.);
#9189 = EDGE_CURVE('',#9190,#9167,#9192,.T.);
#9190 = VERTEX_POINT('',#9191);
#9191 = CARTESIAN_POINT('',(10.65,16.15,7.7));
#9192 = SURFACE_CURVE('',#9193,(#9197,#9204),.PCURVE_S1.);
#9193 = LINE('',#9194,#9195);
#9194 = CARTESIAN_POINT('',(10.65,16.15,7.7));
#9195 = VECTOR('',#9196,1.);
#9196 = DIRECTION('',(0.,0.,-1.));
#9197 = PCURVE('',#6983,#9198);
#9198 = DEFINITIONAL_REPRESENTATION('',(#9199),#9203);
#9199 = LINE('',#9200,#9201);
#9200 = CARTESIAN_POINT('',(0.,0.));
#9201 = VECTOR('',#9202,1.);
#9202 = DIRECTION('',(1.,0.));
#9203 = ( GEOMETRIC_REPRESENTATION_CONTEXT(2) 
PARAMETRIC_REPRESENTATION_CONTEXT() REPRESENTATION_CONTEXT('2D SPACE',''
  ) );
#9204 = PCURVE('',#9205,#9210);
#9205 = PLANE('',#9206);
#9206 = AXIS2_PLACEMENT_3D('',#9207,#9208,#9209);
#9207 = CARTESIAN_POINT('',(10.65,7.65,7.7));
#9208 = DIRECTION('',(1.,0.,0.));
#9209 = DIRECTION('',(0.,1.,0.));
#9210 = DEFINITIONAL_REPRESENTATION('',(#9211),#9215);
#9211 = LINE('',#9212,#9213);
#9212 = CARTESIAN_POINT('',(8.5,0.));
#9213 = VECTOR('',#9214,1.);
#9214 = DIRECTION('',(0.,-1.));
#9215 = ( GEOMETRIC_REPRESENTATION_CONTEXT(2) 
PARAMETRIC_REPRESENTATION_CONTEXT() REPRESENTATION_CONTEXT('2D SPACE',''
  ) );
#9216 = ORIENTED_EDGE('',*,*,#9217,.F.);
#9217 = EDGE_CURVE('',#6716,#9190,#9218,.T.);
#9218 = SURFACE_CURVE('',#9219,(#9223,#9230),.PCURVE_S1.);
#9219 = LINE('',#9220,#9221);
#9220 = CARTESIAN_POINT('',(10.65,16.15,7.7));
#9221 = VECTOR('',#9222,1.);
#9222 = DIRECTION('',(-0.57735026919,-0.57735026919,-0.57735026919));
#9223 = PCURVE('',#6983,#9224);
#9224 = DEFINITIONAL_REPRESENTATION('',(#9225),#9229);
#9225 = LINE('',#9226,#9227);
#9226 = CARTESIAN_POINT('',(0.,0.));
#9227 = VECTOR('',#9228,1.);
#9228 = DIRECTION('',(0.57735026919,-0.816496580928));
#9229 = ( GEOMETRIC_REPRESENTATION_CONTEXT(2) 
PARAMETRIC_REPRESENTATION_CONTEXT() REPRESENTATION_CONTEXT('2D SPACE',''
  ) );
#9230 = PCURVE('',#6733,#9231);
#9231 = DEFINITIONAL_REPRESENTATION('',(#9232),#9236);
#9232 = LINE('',#9233,#9234);
#9233 = CARTESIAN_POINT('',(7.05,0.));
#9234 = VECTOR('',#9235,1.);
#9235 = DIRECTION('',(-0.57735026919,-0.816496580928));
#9236 = ( GEOMETRIC_REPRESENTATION_CONTEXT(2) 
PARAMETRIC_REPRESENTATION_CONTEXT() REPRESENTATION_CONTEXT('2D SPACE',''
  ) );
#9237 = ORIENTED_EDGE('',*,*,#6969,.F.);
#9238 = ADVANCED_FACE('',(#9239),#9205,.F.);
#9239 = FACE_BOUND('',#9240,.T.);
#9240 = EDGE_LOOP('',(#9241,#9269,#9270,#9298));
#9241 = ORIENTED_EDGE('',*,*,#9242,.T.);
#9242 = EDGE_CURVE('',#9243,#9190,#9245,.T.);
#9243 = VERTEX_POINT('',#9244);
#9244 = CARTESIAN_POINT('',(10.65,7.65,7.7));
#9245 = SURFACE_CURVE('',#9246,(#9250,#9257),.PCURVE_S1.);
#9246 = LINE('',#9247,#9248);
#9247 = CARTESIAN_POINT('',(10.65,7.65,7.7));
#9248 = VECTOR('',#9249,1.);
#9249 = DIRECTION('',(0.,1.,0.));
#9250 = PCURVE('',#9205,#9251);
#9251 = DEFINITIONAL_REPRESENTATION('',(#9252),#9256);
#9252 = LINE('',#9253,#9254);
#9253 = CARTESIAN_POINT('',(0.,0.));
#9254 = VECTOR('',#9255,1.);
#9255 = DIRECTION('',(1.,0.));
#9256 = ( GEOMETRIC_REPRESENTATION_CONTEXT(2) 
PARAMETRIC_REPRESENTATION_CONTEXT() REPRESENTATION_CONTEXT('2D SPACE',''
  ) );
#9257 = PCURVE('',#9258,#9263);
#9258 = PLANE('',#9259);
#9259 = AXIS2_PLACEMENT_3D('',#9260,#9261,#9262);
#9260 = CARTESIAN_POINT('',(3.6,7.65,7.7));
#9261 = DIRECTION('',(0.,0.,1.));
#9262 = DIRECTION('',(0.,1.,0.));
#9263 = DEFINITIONAL_REPRESENTATION('',(#9264),#9268);
#9264 = LINE('',#9265,#9266);
#9265 = CARTESIAN_POINT('',(0.,-7.05));
#9266 = VECTOR('',#9267,1.);
#9267 = DIRECTION('',(1.,0.));
#9268 = ( GEOMETRIC_REPRESENTATION_CONTEXT(2) 
PARAMETRIC_REPRESENTATION_CONTEXT() REPRESENTATION_CONTEXT('2D SPACE',''
  ) );
#9269 = ORIENTED_EDGE('',*,*,#9189,.T.);
#9270 = ORIENTED_EDGE('',*,*,#9271,.F.);
#9271 = EDGE_CURVE('',#9272,#9167,#9274,.T.);
#9272 = VERTEX_POINT('',#9273);
#9273 = CARTESIAN_POINT('',(10.65,7.65,1.));
#9274 = SURFACE_CURVE('',#9275,(#9279,#9286),.PCURVE_S1.);
#9275 = LINE('',#9276,#9277);
#9276 = CARTESIAN_POINT('',(10.65,7.65,1.));
#9277 = VECTOR('',#9278,1.);
#9278 = DIRECTION('',(0.,1.,0.));
#9279 = PCURVE('',#9205,#9280);
#9280 = DEFINITIONAL_REPRESENTATION('',(#9281),#9285);
#9281 = LINE('',#9282,#9283);
#9282 = CARTESIAN_POINT('',(0.,-6.7));
#9283 = VECTOR('',#9284,1.);
#9284 = DIRECTION('',(1.,0.));
#9285 = ( GEOMETRIC_REPRESENTATION_CONTEXT(2) 
PARAMETRIC_REPRESENTATION_CONTEXT() REPRESENTATION_CONTEXT('2D SPACE',''
  ) );
#9286 = PCURVE('',#9287,#9292);
#9287 = PLANE('',#9288);
#9288 = AXIS2_PLACEMENT_3D('',#9289,#9290,#9291);
#9289 = CARTESIAN_POINT('',(10.65,7.65,1.));
#9290 = DIRECTION('',(0.,0.,-1.));
#9291 = DIRECTION('',(-0.,-1.,0.));
#9292 = DEFINITIONAL_REPRESENTATION('',(#9293),#9297);
#9293 = LINE('',#9294,#9295);
#9294 = CARTESIAN_POINT('',(0.,0.));
#9295 = VECTOR('',#9296,1.);
#9296 = DIRECTION('',(-1.,0.));
#9297 = ( GEOMETRIC_REPRESENTATION_CONTEXT(2) 
PARAMETRIC_REPRESENTATION_CONTEXT() REPRESENTATION_CONTEXT('2D SPACE',''
  ) );
#9298 = ORIENTED_EDGE('',*,*,#9299,.F.);
#9299 = EDGE_CURVE('',#9243,#9272,#9300,.T.);
#9300 = SURFACE_CURVE('',#9301,(#9305,#9312),.PCURVE_S1.);
#9301 = LINE('',#9302,#9303);
#9302 = CARTESIAN_POINT('',(10.65,7.65,7.7));
#9303 = VECTOR('',#9304,1.);
#9304 = DIRECTION('',(0.,0.,-1.));
#9305 = PCURVE('',#9205,#9306);
#9306 = DEFINITIONAL_REPRESENTATION('',(#9307),#9311);
#9307 = LINE('',#9308,#9309);
#9308 = CARTESIAN_POINT('',(0.,0.));
#9309 = VECTOR('',#9310,1.);
#9310 = DIRECTION('',(0.,-1.));
#9311 = ( GEOMETRIC_REPRESENTATION_CONTEXT(2) 
PARAMETRIC_REPRESENTATION_CONTEXT() REPRESENTATION_CONTEXT('2D SPACE',''
  ) );
#9312 = PCURVE('',#9313,#9318);
#9313 = PLANE('',#9314);
#9314 = AXIS2_PLACEMENT_3D('',#9315,#9316,#9317);
#9315 = CARTESIAN_POINT('',(3.6,7.65,4.2));
#9316 = DIRECTION('',(0.,-1.,0.));
#9317 = DIRECTION('',(1.,0.,0.));
#9318 = DEFINITIONAL_REPRESENTATION('',(#9319),#9323);
#9319 = LINE('',#9320,#9321);
#9320 = CARTESIAN_POINT('',(7.05,3.5));
#9321 = VECTOR('',#9322,1.);
#9322 = DIRECTION('',(0.,-1.));
#9323 = ( GEOMETRIC_REPRESENTATION_CONTEXT(2) 
PARAMETRIC_REPRESENTATION_CONTEXT() REPRESENTATION_CONTEXT('2D SPACE',''
  ) );
#9324 = ADVANCED_FACE('',(#9325),#9313,.F.);
#9325 = FACE_BOUND('',#9326,.T.);
#9326 = EDGE_LOOP('',(#9327,#9357,#9385,#9413,#9441,#9469,#9497,#9525,
    #9546,#9547));
#9327 = ORIENTED_EDGE('',*,*,#9328,.T.);
#9328 = EDGE_CURVE('',#9329,#9331,#9333,.T.);
#9329 = VERTEX_POINT('',#9330);
#9330 = CARTESIAN_POINT('',(4.35,7.65,1.));
#9331 = VERTEX_POINT('',#9332);
#9332 = CARTESIAN_POINT('',(4.35,7.65,1.8));
#9333 = SURFACE_CURVE('',#9334,(#9338,#9345),.PCURVE_S1.);
#9334 = LINE('',#9335,#9336);
#9335 = CARTESIAN_POINT('',(4.35,7.65,1.));
#9336 = VECTOR('',#9337,1.);
#9337 = DIRECTION('',(1.761828530289E-15,0.,1.));
#9338 = PCURVE('',#9313,#9339);
#9339 = DEFINITIONAL_REPRESENTATION('',(#9340),#9344);
#9340 = LINE('',#9341,#9342);
#9341 = CARTESIAN_POINT('',(0.75,-3.2));
#9342 = VECTOR('',#9343,1.);
#9343 = DIRECTION('',(1.761828530289E-15,1.));
#9344 = ( GEOMETRIC_REPRESENTATION_CONTEXT(2) 
PARAMETRIC_REPRESENTATION_CONTEXT() REPRESENTATION_CONTEXT('2D SPACE',''
  ) );
#9345 = PCURVE('',#9346,#9351);
#9346 = PLANE('',#9347);
#9347 = AXIS2_PLACEMENT_3D('',#9348,#9349,#9350);
#9348 = CARTESIAN_POINT('',(4.35,7.65,1.));
#9349 = DIRECTION('',(-1.,0.,1.761828530289E-15));
#9350 = DIRECTION('',(1.761828530289E-15,0.,1.));
#9351 = DEFINITIONAL_REPRESENTATION('',(#9352),#9356);
#9352 = LINE('',#9353,#9354);
#9353 = CARTESIAN_POINT('',(0.,0.));
#9354 = VECTOR('',#9355,1.);
#9355 = DIRECTION('',(1.,0.));
#9356 = ( GEOMETRIC_REPRESENTATION_CONTEXT(2) 
PARAMETRIC_REPRESENTATION_CONTEXT() REPRESENTATION_CONTEXT('2D SPACE',''
  ) );
#9357 = ORIENTED_EDGE('',*,*,#9358,.T.);
#9358 = EDGE_CURVE('',#9331,#9359,#9361,.T.);
#9359 = VERTEX_POINT('',#9360);
#9360 = CARTESIAN_POINT('',(2.85,7.65,1.8));
#9361 = SURFACE_CURVE('',#9362,(#9366,#9373),.PCURVE_S1.);
#9362 = LINE('',#9363,#9364);
#9363 = CARTESIAN_POINT('',(4.35,7.65,1.8));
#9364 = VECTOR('',#9365,1.);
#9365 = DIRECTION('',(-1.,0.,0.));
#9366 = PCURVE('',#9313,#9367);
#9367 = DEFINITIONAL_REPRESENTATION('',(#9368),#9372);
#9368 = LINE('',#9369,#9370);
#9369 = CARTESIAN_POINT('',(0.75,-2.4));
#9370 = VECTOR('',#9371,1.);
#9371 = DIRECTION('',(-1.,0.));
#9372 = ( GEOMETRIC_REPRESENTATION_CONTEXT(2) 
PARAMETRIC_REPRESENTATION_CONTEXT() REPRESENTATION_CONTEXT('2D SPACE',''
  ) );
#9373 = PCURVE('',#9374,#9379);
#9374 = PLANE('',#9375);
#9375 = AXIS2_PLACEMENT_3D('',#9376,#9377,#9378);
#9376 = CARTESIAN_POINT('',(4.35,7.65,1.8));
#9377 = DIRECTION('',(0.,0.,-1.));
#9378 = DIRECTION('',(-0.,-1.,0.));
#9379 = DEFINITIONAL_REPRESENTATION('',(#9380),#9384);
#9380 = LINE('',#9381,#9382);
#9381 = CARTESIAN_POINT('',(0.,0.));
#9382 = VECTOR('',#9383,1.);
#9383 = DIRECTION('',(0.,1.));
#9384 = ( GEOMETRIC_REPRESENTATION_CONTEXT(2) 
PARAMETRIC_REPRESENTATION_CONTEXT() REPRESENTATION_CONTEXT('2D SPACE',''
  ) );
#9385 = ORIENTED_EDGE('',*,*,#9386,.T.);
#9386 = EDGE_CURVE('',#9359,#9387,#9389,.T.);
#9387 = VERTEX_POINT('',#9388);
#9388 = CARTESIAN_POINT('',(2.85,7.65,1.));
#9389 = SURFACE_CURVE('',#9390,(#9394,#9401),.PCURVE_S1.);
#9390 = LINE('',#9391,#9392);
#9391 = CARTESIAN_POINT('',(2.85,7.65,1.));
#9392 = VECTOR('',#9393,1.);
#9393 = DIRECTION('',(-2.710505431214E-16,0.,-1.));
#9394 = PCURVE('',#9313,#9395);
#9395 = DEFINITIONAL_REPRESENTATION('',(#9396),#9400);
#9396 = LINE('',#9397,#9398);
#9397 = CARTESIAN_POINT('',(-0.75,-3.2));
#9398 = VECTOR('',#9399,1.);
#9399 = DIRECTION('',(-2.710505431214E-16,-1.));
#9400 = ( GEOMETRIC_REPRESENTATION_CONTEXT(2) 
PARAMETRIC_REPRESENTATION_CONTEXT() REPRESENTATION_CONTEXT('2D SPACE',''
  ) );
#9401 = PCURVE('',#9402,#9407);
#9402 = PLANE('',#9403);
#9403 = AXIS2_PLACEMENT_3D('',#9404,#9405,#9406);
#9404 = CARTESIAN_POINT('',(2.85,7.65,1.));
#9405 = DIRECTION('',(1.,0.,-2.710505431214E-16));
#9406 = DIRECTION('',(-2.710505431214E-16,0.,-1.));
#9407 = DEFINITIONAL_REPRESENTATION('',(#9408),#9412);
#9408 = LINE('',#9409,#9410);
#9409 = CARTESIAN_POINT('',(0.,0.));
#9410 = VECTOR('',#9411,1.);
#9411 = DIRECTION('',(1.,0.));
#9412 = ( GEOMETRIC_REPRESENTATION_CONTEXT(2) 
PARAMETRIC_REPRESENTATION_CONTEXT() REPRESENTATION_CONTEXT('2D SPACE',''
  ) );
#9413 = ORIENTED_EDGE('',*,*,#9414,.T.);
#9414 = EDGE_CURVE('',#9387,#9415,#9417,.T.);
#9415 = VERTEX_POINT('',#9416);
#9416 = CARTESIAN_POINT('',(-1.088077064508,7.65,1.));
#9417 = SURFACE_CURVE('',#9418,(#9422,#9429),.PCURVE_S1.);
#9418 = LINE('',#9419,#9420);
#9419 = CARTESIAN_POINT('',(2.85,7.65,1.));
#9420 = VECTOR('',#9421,1.);
#9421 = DIRECTION('',(-1.,0.,0.));
#9422 = PCURVE('',#9313,#9423);
#9423 = DEFINITIONAL_REPRESENTATION('',(#9424),#9428);
#9424 = LINE('',#9425,#9426);
#9425 = CARTESIAN_POINT('',(-0.75,-3.2));
#9426 = VECTOR('',#9427,1.);
#9427 = DIRECTION('',(-1.,0.));
#9428 = ( GEOMETRIC_REPRESENTATION_CONTEXT(2) 
PARAMETRIC_REPRESENTATION_CONTEXT() REPRESENTATION_CONTEXT('2D SPACE',''
  ) );
#9429 = PCURVE('',#9430,#9435);
#9430 = PLANE('',#9431);
#9431 = AXIS2_PLACEMENT_3D('',#9432,#9433,#9434);
#9432 = CARTESIAN_POINT('',(2.85,7.65,1.));
#9433 = DIRECTION('',(0.,0.,-1.));
#9434 = DIRECTION('',(-0.,-1.,0.));
#9435 = DEFINITIONAL_REPRESENTATION('',(#9436),#9440);
#9436 = LINE('',#9437,#9438);
#9437 = CARTESIAN_POINT('',(0.,0.));
#9438 = VECTOR('',#9439,1.);
#9439 = DIRECTION('',(0.,1.));
#9440 = ( GEOMETRIC_REPRESENTATION_CONTEXT(2) 
PARAMETRIC_REPRESENTATION_CONTEXT() REPRESENTATION_CONTEXT('2D SPACE',''
  ) );
#9441 = ORIENTED_EDGE('',*,*,#9442,.T.);
#9442 = EDGE_CURVE('',#9415,#9443,#9445,.T.);
#9443 = VERTEX_POINT('',#9444);
#9444 = CARTESIAN_POINT('',(-3.45,7.65,3.075));
#9445 = SURFACE_CURVE('',#9446,(#9450,#9457),.PCURVE_S1.);
#9446 = LINE('',#9447,#9448);
#9447 = CARTESIAN_POINT('',(-1.088077064508,7.65,1.));
#9448 = VECTOR('',#9449,1.);
#9449 = DIRECTION('',(-0.751264133504,0.,0.660001667961));
#9450 = PCURVE('',#9313,#9451);
#9451 = DEFINITIONAL_REPRESENTATION('',(#9452),#9456);
#9452 = LINE('',#9453,#9454);
#9453 = CARTESIAN_POINT('',(-4.688077064508,-3.2));
#9454 = VECTOR('',#9455,1.);
#9455 = DIRECTION('',(-0.751264133504,0.660001667961));
#9456 = ( GEOMETRIC_REPRESENTATION_CONTEXT(2) 
PARAMETRIC_REPRESENTATION_CONTEXT() REPRESENTATION_CONTEXT('2D SPACE',''
  ) );
#9457 = PCURVE('',#9458,#9463);
#9458 = PLANE('',#9459);
#9459 = AXIS2_PLACEMENT_3D('',#9460,#9461,#9462);
#9460 = CARTESIAN_POINT('',(-1.088077064508,7.65,1.));
#9461 = DIRECTION('',(-0.660001667961,0.,-0.751264133504));
#9462 = DIRECTION('',(-0.751264133504,0.,0.660001667961));
#9463 = DEFINITIONAL_REPRESENTATION('',(#9464),#9468);
#9464 = LINE('',#9465,#9466);
#9465 = CARTESIAN_POINT('',(0.,0.));
#9466 = VECTOR('',#9467,1.);
#9467 = DIRECTION('',(1.,0.));
#9468 = ( GEOMETRIC_REPRESENTATION_CONTEXT(2) 
PARAMETRIC_REPRESENTATION_CONTEXT() REPRESENTATION_CONTEXT('2D SPACE',''
  ) );
#9469 = ORIENTED_EDGE('',*,*,#9470,.T.);
#9470 = EDGE_CURVE('',#9443,#9471,#9473,.T.);
#9471 = VERTEX_POINT('',#9472);
#9472 = CARTESIAN_POINT('',(-3.45,7.65,5.625));
#9473 = SURFACE_CURVE('',#9474,(#9478,#9485),.PCURVE_S1.);
#9474 = LINE('',#9475,#9476);
#9475 = CARTESIAN_POINT('',(-3.45,7.65,3.075));
#9476 = VECTOR('',#9477,1.);
#9477 = DIRECTION('',(0.,0.,1.));
#9478 = PCURVE('',#9313,#9479);
#9479 = DEFINITIONAL_REPRESENTATION('',(#9480),#9484);
#9480 = LINE('',#9481,#9482);
#9481 = CARTESIAN_POINT('',(-7.05,-1.125));
#9482 = VECTOR('',#9483,1.);
#9483 = DIRECTION('',(0.,1.));
#9484 = ( GEOMETRIC_REPRESENTATION_CONTEXT(2) 
PARAMETRIC_REPRESENTATION_CONTEXT() REPRESENTATION_CONTEXT('2D SPACE',''
  ) );
#9485 = PCURVE('',#9486,#9491);
#9486 = PLANE('',#9487);
#9487 = AXIS2_PLACEMENT_3D('',#9488,#9489,#9490);
#9488 = CARTESIAN_POINT('',(-3.45,7.65,3.075));
#9489 = DIRECTION('',(-1.,0.,0.));
#9490 = DIRECTION('',(0.,-1.,0.));
#9491 = DEFINITIONAL_REPRESENTATION('',(#9492),#9496);
#9492 = LINE('',#9493,#9494);
#9493 = CARTESIAN_POINT('',(0.,0.));
#9494 = VECTOR('',#9495,1.);
#9495 = DIRECTION('',(0.,1.));
#9496 = ( GEOMETRIC_REPRESENTATION_CONTEXT(2) 
PARAMETRIC_REPRESENTATION_CONTEXT() REPRESENTATION_CONTEXT('2D SPACE',''
  ) );
#9497 = ORIENTED_EDGE('',*,*,#9498,.T.);
#9498 = EDGE_CURVE('',#9471,#9499,#9501,.T.);
#9499 = VERTEX_POINT('',#9500);
#9500 = CARTESIAN_POINT('',(-1.088077064508,7.65,7.7));
#9501 = SURFACE_CURVE('',#9502,(#9506,#9513),.PCURVE_S1.);
#9502 = LINE('',#9503,#9504);
#9503 = CARTESIAN_POINT('',(-1.088077064508,7.65,7.7));
#9504 = VECTOR('',#9505,1.);
#9505 = DIRECTION('',(0.751264133504,0.,0.660001667961));
#9506 = PCURVE('',#9313,#9507);
#9507 = DEFINITIONAL_REPRESENTATION('',(#9508),#9512);
#9508 = LINE('',#9509,#9510);
#9509 = CARTESIAN_POINT('',(-4.688077064508,3.5));
#9510 = VECTOR('',#9511,1.);
#9511 = DIRECTION('',(0.751264133504,0.660001667961));
#9512 = ( GEOMETRIC_REPRESENTATION_CONTEXT(2) 
PARAMETRIC_REPRESENTATION_CONTEXT() REPRESENTATION_CONTEXT('2D SPACE',''
  ) );
#9513 = PCURVE('',#9514,#9519);
#9514 = PLANE('',#9515);
#9515 = AXIS2_PLACEMENT_3D('',#9516,#9517,#9518);
#9516 = CARTESIAN_POINT('',(-1.088077064508,7.65,7.7));
#9517 = DIRECTION('',(-0.660001667961,0.,0.751264133504));
#9518 = DIRECTION('',(0.751264133504,0.,0.660001667961));
#9519 = DEFINITIONAL_REPRESENTATION('',(#9520),#9524);
#9520 = LINE('',#9521,#9522);
#9521 = CARTESIAN_POINT('',(0.,0.));
#9522 = VECTOR('',#9523,1.);
#9523 = DIRECTION('',(1.,0.));
#9524 = ( GEOMETRIC_REPRESENTATION_CONTEXT(2) 
PARAMETRIC_REPRESENTATION_CONTEXT() REPRESENTATION_CONTEXT('2D SPACE',''
  ) );
#9525 = ORIENTED_EDGE('',*,*,#9526,.T.);
#9526 = EDGE_CURVE('',#9499,#9243,#9527,.T.);
#9527 = SURFACE_CURVE('',#9528,(#9532,#9539),.PCURVE_S1.);
#9528 = LINE('',#9529,#9530);
#9529 = CARTESIAN_POINT('',(3.6,7.65,7.7));
#9530 = VECTOR('',#9531,1.);
#9531 = DIRECTION('',(1.,-0.,-0.));
#9532 = PCURVE('',#9313,#9533);
#9533 = DEFINITIONAL_REPRESENTATION('',(#9534),#9538);
#9534 = LINE('',#9535,#9536);
#9535 = CARTESIAN_POINT('',(-4.440892098501E-16,3.5));
#9536 = VECTOR('',#9537,1.);
#9537 = DIRECTION('',(1.,0.));
#9538 = ( GEOMETRIC_REPRESENTATION_CONTEXT(2) 
PARAMETRIC_REPRESENTATION_CONTEXT() REPRESENTATION_CONTEXT('2D SPACE',''
  ) );
#9539 = PCURVE('',#9258,#9540);
#9540 = DEFINITIONAL_REPRESENTATION('',(#9541),#9545);
#9541 = LINE('',#9542,#9543);
#9542 = CARTESIAN_POINT('',(0.,0.));
#9543 = VECTOR('',#9544,1.);
#9544 = DIRECTION('',(0.,-1.));
#9545 = ( GEOMETRIC_REPRESENTATION_CONTEXT(2) 
PARAMETRIC_REPRESENTATION_CONTEXT() REPRESENTATION_CONTEXT('2D SPACE',''
  ) );
#9546 = ORIENTED_EDGE('',*,*,#9299,.T.);
#9547 = ORIENTED_EDGE('',*,*,#9548,.T.);
#9548 = EDGE_CURVE('',#9272,#9329,#9549,.T.);
#9549 = SURFACE_CURVE('',#9550,(#9554,#9561),.PCURVE_S1.);
#9550 = LINE('',#9551,#9552);
#9551 = CARTESIAN_POINT('',(10.65,7.65,1.));
#9552 = VECTOR('',#9553,1.);
#9553 = DIRECTION('',(-1.,0.,0.));
#9554 = PCURVE('',#9313,#9555);
#9555 = DEFINITIONAL_REPRESENTATION('',(#9556),#9560);
#9556 = LINE('',#9557,#9558);
#9557 = CARTESIAN_POINT('',(7.05,-3.2));
#9558 = VECTOR('',#9559,1.);
#9559 = DIRECTION('',(-1.,0.));
#9560 = ( GEOMETRIC_REPRESENTATION_CONTEXT(2) 
PARAMETRIC_REPRESENTATION_CONTEXT() REPRESENTATION_CONTEXT('2D SPACE',''
  ) );
#9561 = PCURVE('',#9287,#9562);
#9562 = DEFINITIONAL_REPRESENTATION('',(#9563),#9567);
#9563 = LINE('',#9564,#9565);
#9564 = CARTESIAN_POINT('',(0.,0.));
#9565 = VECTOR('',#9566,1.);
#9566 = DIRECTION('',(0.,1.));
#9567 = ( GEOMETRIC_REPRESENTATION_CONTEXT(2) 
PARAMETRIC_REPRESENTATION_CONTEXT() REPRESENTATION_CONTEXT('2D SPACE',''
  ) );
#9568 = ADVANCED_FACE('',(#9569),#9514,.F.);
#9569 = FACE_BOUND('',#9570,.T.);
#9570 = EDGE_LOOP('',(#9571,#9594,#9617,#9638));
#9571 = ORIENTED_EDGE('',*,*,#9572,.T.);
#9572 = EDGE_CURVE('',#9471,#9573,#9575,.T.);
#9573 = VERTEX_POINT('',#9574);
#9574 = CARTESIAN_POINT('',(-3.45,16.15,5.625));
#9575 = SURFACE_CURVE('',#9576,(#9580,#9587),.PCURVE_S1.);
#9576 = LINE('',#9577,#9578);
#9577 = CARTESIAN_POINT('',(-3.45,7.65,5.625));
#9578 = VECTOR('',#9579,1.);
#9579 = DIRECTION('',(0.,1.,0.));
#9580 = PCURVE('',#9514,#9581);
#9581 = DEFINITIONAL_REPRESENTATION('',(#9582),#9586);
#9582 = LINE('',#9583,#9584);
#9583 = CARTESIAN_POINT('',(-3.143931448553,0.));
#9584 = VECTOR('',#9585,1.);
#9585 = DIRECTION('',(0.,1.));
#9586 = ( GEOMETRIC_REPRESENTATION_CONTEXT(2) 
PARAMETRIC_REPRESENTATION_CONTEXT() REPRESENTATION_CONTEXT('2D SPACE',''
  ) );
#9587 = PCURVE('',#9486,#9588);
#9588 = DEFINITIONAL_REPRESENTATION('',(#9589),#9593);
#9589 = LINE('',#9590,#9591);
#9590 = CARTESIAN_POINT('',(0.,2.55));
#9591 = VECTOR('',#9592,1.);
#9592 = DIRECTION('',(-1.,0.));
#9593 = ( GEOMETRIC_REPRESENTATION_CONTEXT(2) 
PARAMETRIC_REPRESENTATION_CONTEXT() REPRESENTATION_CONTEXT('2D SPACE',''
  ) );
#9594 = ORIENTED_EDGE('',*,*,#9595,.T.);
#9595 = EDGE_CURVE('',#9573,#9596,#9598,.T.);
#9596 = VERTEX_POINT('',#9597);
#9597 = CARTESIAN_POINT('',(-1.088077064508,16.15,7.7));
#9598 = SURFACE_CURVE('',#9599,(#9603,#9610),.PCURVE_S1.);
#9599 = LINE('',#9600,#9601);
#9600 = CARTESIAN_POINT('',(-1.088077064508,16.15,7.7));
#9601 = VECTOR('',#9602,1.);
#9602 = DIRECTION('',(0.751264133504,0.,0.660001667961));
#9603 = PCURVE('',#9514,#9604);
#9604 = DEFINITIONAL_REPRESENTATION('',(#9605),#9609);
#9605 = LINE('',#9606,#9607);
#9606 = CARTESIAN_POINT('',(0.,8.5));
#9607 = VECTOR('',#9608,1.);
#9608 = DIRECTION('',(1.,0.));
#9609 = ( GEOMETRIC_REPRESENTATION_CONTEXT(2) 
PARAMETRIC_REPRESENTATION_CONTEXT() REPRESENTATION_CONTEXT('2D SPACE',''
  ) );
#9610 = PCURVE('',#6761,#9611);
#9611 = DEFINITIONAL_REPRESENTATION('',(#9612),#9616);
#9612 = LINE('',#9613,#9614);
#9613 = CARTESIAN_POINT('',(0.,0.));
#9614 = VECTOR('',#9615,1.);
#9615 = DIRECTION('',(1.,3.759458061496E-17));
#9616 = ( GEOMETRIC_REPRESENTATION_CONTEXT(2) 
PARAMETRIC_REPRESENTATION_CONTEXT() REPRESENTATION_CONTEXT('2D SPACE',''
  ) );
#9617 = ORIENTED_EDGE('',*,*,#9618,.F.);
#9618 = EDGE_CURVE('',#9499,#9596,#9619,.T.);
#9619 = SURFACE_CURVE('',#9620,(#9624,#9631),.PCURVE_S1.);
#9620 = LINE('',#9621,#9622);
#9621 = CARTESIAN_POINT('',(-1.088077064508,7.65,7.7));
#9622 = VECTOR('',#9623,1.);
#9623 = DIRECTION('',(0.,1.,0.));
#9624 = PCURVE('',#9514,#9625);
#9625 = DEFINITIONAL_REPRESENTATION('',(#9626),#9630);
#9626 = LINE('',#9627,#9628);
#9627 = CARTESIAN_POINT('',(0.,0.));
#9628 = VECTOR('',#9629,1.);
#9629 = DIRECTION('',(0.,1.));
#9630 = ( GEOMETRIC_REPRESENTATION_CONTEXT(2) 
PARAMETRIC_REPRESENTATION_CONTEXT() REPRESENTATION_CONTEXT('2D SPACE',''
  ) );
#9631 = PCURVE('',#9258,#9632);
#9632 = DEFINITIONAL_REPRESENTATION('',(#9633),#9637);
#9633 = LINE('',#9634,#9635);
#9634 = CARTESIAN_POINT('',(0.,4.688077064508));
#9635 = VECTOR('',#9636,1.);
#9636 = DIRECTION('',(1.,0.));
#9637 = ( GEOMETRIC_REPRESENTATION_CONTEXT(2) 
PARAMETRIC_REPRESENTATION_CONTEXT() REPRESENTATION_CONTEXT('2D SPACE',''
  ) );
#9638 = ORIENTED_EDGE('',*,*,#9498,.F.);
#9639 = ADVANCED_FACE('',(#9640),#9486,.F.);
#9640 = FACE_BOUND('',#9641,.T.);
#9641 = EDGE_LOOP('',(#9642,#9665,#9686,#9687));
#9642 = ORIENTED_EDGE('',*,*,#9643,.T.);
#9643 = EDGE_CURVE('',#9443,#9644,#9646,.T.);
#9644 = VERTEX_POINT('',#9645);
#9645 = CARTESIAN_POINT('',(-3.45,16.15,3.075));
#9646 = SURFACE_CURVE('',#9647,(#9651,#9658),.PCURVE_S1.);
#9647 = LINE('',#9648,#9649);
#9648 = CARTESIAN_POINT('',(-3.45,7.65,3.075));
#9649 = VECTOR('',#9650,1.);
#9650 = DIRECTION('',(0.,1.,0.));
#9651 = PCURVE('',#9486,#9652);
#9652 = DEFINITIONAL_REPRESENTATION('',(#9653),#9657);
#9653 = LINE('',#9654,#9655);
#9654 = CARTESIAN_POINT('',(0.,0.));
#9655 = VECTOR('',#9656,1.);
#9656 = DIRECTION('',(-1.,0.));
#9657 = ( GEOMETRIC_REPRESENTATION_CONTEXT(2) 
PARAMETRIC_REPRESENTATION_CONTEXT() REPRESENTATION_CONTEXT('2D SPACE',''
  ) );
#9658 = PCURVE('',#9458,#9659);
#9659 = DEFINITIONAL_REPRESENTATION('',(#9660),#9664);
#9660 = LINE('',#9661,#9662);
#9661 = CARTESIAN_POINT('',(3.143931448553,0.));
#9662 = VECTOR('',#9663,1.);
#9663 = DIRECTION('',(0.,1.));
#9664 = ( GEOMETRIC_REPRESENTATION_CONTEXT(2) 
PARAMETRIC_REPRESENTATION_CONTEXT() REPRESENTATION_CONTEXT('2D SPACE',''
  ) );
#9665 = ORIENTED_EDGE('',*,*,#9666,.T.);
#9666 = EDGE_CURVE('',#9644,#9573,#9667,.T.);
#9667 = SURFACE_CURVE('',#9668,(#9672,#9679),.PCURVE_S1.);
#9668 = LINE('',#9669,#9670);
#9669 = CARTESIAN_POINT('',(-3.45,16.15,3.075));
#9670 = VECTOR('',#9671,1.);
#9671 = DIRECTION('',(0.,0.,1.));
#9672 = PCURVE('',#9486,#9673);
#9673 = DEFINITIONAL_REPRESENTATION('',(#9674),#9678);
#9674 = LINE('',#9675,#9676);
#9675 = CARTESIAN_POINT('',(-8.5,0.));
#9676 = VECTOR('',#9677,1.);
#9677 = DIRECTION('',(0.,1.));
#9678 = ( GEOMETRIC_REPRESENTATION_CONTEXT(2) 
PARAMETRIC_REPRESENTATION_CONTEXT() REPRESENTATION_CONTEXT('2D SPACE',''
  ) );
#9679 = PCURVE('',#6789,#9680);
#9680 = DEFINITIONAL_REPRESENTATION('',(#9681),#9685);
#9681 = LINE('',#9682,#9683);
#9682 = CARTESIAN_POINT('',(0.,0.));
#9683 = VECTOR('',#9684,1.);
#9684 = DIRECTION('',(1.,0.));
#9685 = ( GEOMETRIC_REPRESENTATION_CONTEXT(2) 
PARAMETRIC_REPRESENTATION_CONTEXT() REPRESENTATION_CONTEXT('2D SPACE',''
  ) );
#9686 = ORIENTED_EDGE('',*,*,#9572,.F.);
#9687 = ORIENTED_EDGE('',*,*,#9470,.F.);
#9688 = ADVANCED_FACE('',(#9689),#9458,.F.);
#9689 = FACE_BOUND('',#9690,.T.);
#9690 = EDGE_LOOP('',(#9691,#9714,#9735,#9736));
#9691 = ORIENTED_EDGE('',*,*,#9692,.T.);
#9692 = EDGE_CURVE('',#9415,#9693,#9695,.T.);
#9693 = VERTEX_POINT('',#9694);
#9694 = CARTESIAN_POINT('',(-1.088077064508,16.15,1.));
#9695 = SURFACE_CURVE('',#9696,(#9700,#9707),.PCURVE_S1.);
#9696 = LINE('',#9697,#9698);
#9697 = CARTESIAN_POINT('',(-1.088077064508,7.65,1.));
#9698 = VECTOR('',#9699,1.);
#9699 = DIRECTION('',(0.,1.,0.));
#9700 = PCURVE('',#9458,#9701);
#9701 = DEFINITIONAL_REPRESENTATION('',(#9702),#9706);
#9702 = LINE('',#9703,#9704);
#9703 = CARTESIAN_POINT('',(0.,0.));
#9704 = VECTOR('',#9705,1.);
#9705 = DIRECTION('',(0.,1.));
#9706 = ( GEOMETRIC_REPRESENTATION_CONTEXT(2) 
PARAMETRIC_REPRESENTATION_CONTEXT() REPRESENTATION_CONTEXT('2D SPACE',''
  ) );
#9707 = PCURVE('',#9430,#9708);
#9708 = DEFINITIONAL_REPRESENTATION('',(#9709),#9713);
#9709 = LINE('',#9710,#9711);
#9710 = CARTESIAN_POINT('',(0.,3.938077064508));
#9711 = VECTOR('',#9712,1.);
#9712 = DIRECTION('',(-1.,0.));
#9713 = ( GEOMETRIC_REPRESENTATION_CONTEXT(2) 
PARAMETRIC_REPRESENTATION_CONTEXT() REPRESENTATION_CONTEXT('2D SPACE',''
  ) );
#9714 = ORIENTED_EDGE('',*,*,#9715,.T.);
#9715 = EDGE_CURVE('',#9693,#9644,#9716,.T.);
#9716 = SURFACE_CURVE('',#9717,(#9721,#9728),.PCURVE_S1.);
#9717 = LINE('',#9718,#9719);
#9718 = CARTESIAN_POINT('',(-1.088077064508,16.15,1.));
#9719 = VECTOR('',#9720,1.);
#9720 = DIRECTION('',(-0.751264133504,0.,0.660001667961));
#9721 = PCURVE('',#9458,#9722);
#9722 = DEFINITIONAL_REPRESENTATION('',(#9723),#9727);
#9723 = LINE('',#9724,#9725);
#9724 = CARTESIAN_POINT('',(0.,8.5));
#9725 = VECTOR('',#9726,1.);
#9726 = DIRECTION('',(1.,0.));
#9727 = ( GEOMETRIC_REPRESENTATION_CONTEXT(2) 
PARAMETRIC_REPRESENTATION_CONTEXT() REPRESENTATION_CONTEXT('2D SPACE',''
  ) );
#9728 = PCURVE('',#6817,#9729);
#9729 = DEFINITIONAL_REPRESENTATION('',(#9730),#9734);
#9730 = LINE('',#9731,#9732);
#9731 = CARTESIAN_POINT('',(0.,0.));
#9732 = VECTOR('',#9733,1.);
#9733 = DIRECTION('',(1.,-4.291593493486E-18));
#9734 = ( GEOMETRIC_REPRESENTATION_CONTEXT(2) 
PARAMETRIC_REPRESENTATION_CONTEXT() REPRESENTATION_CONTEXT('2D SPACE',''
  ) );
#9735 = ORIENTED_EDGE('',*,*,#9643,.F.);
#9736 = ORIENTED_EDGE('',*,*,#9442,.F.);
#9737 = ADVANCED_FACE('',(#9738),#9430,.F.);
#9738 = FACE_BOUND('',#9739,.T.);
#9739 = EDGE_LOOP('',(#9740,#9763,#9784,#9785));
#9740 = ORIENTED_EDGE('',*,*,#9741,.T.);
#9741 = EDGE_CURVE('',#9387,#9742,#9744,.T.);
#9742 = VERTEX_POINT('',#9743);
#9743 = CARTESIAN_POINT('',(2.85,16.15,1.));
#9744 = SURFACE_CURVE('',#9745,(#9749,#9756),.PCURVE_S1.);
#9745 = LINE('',#9746,#9747);
#9746 = CARTESIAN_POINT('',(2.85,7.65,1.));
#9747 = VECTOR('',#9748,1.);
#9748 = DIRECTION('',(0.,1.,0.));
#9749 = PCURVE('',#9430,#9750);
#9750 = DEFINITIONAL_REPRESENTATION('',(#9751),#9755);
#9751 = LINE('',#9752,#9753);
#9752 = CARTESIAN_POINT('',(0.,0.));
#9753 = VECTOR('',#9754,1.);
#9754 = DIRECTION('',(-1.,0.));
#9755 = ( GEOMETRIC_REPRESENTATION_CONTEXT(2) 
PARAMETRIC_REPRESENTATION_CONTEXT() REPRESENTATION_CONTEXT('2D SPACE',''
  ) );
#9756 = PCURVE('',#9402,#9757);
#9757 = DEFINITIONAL_REPRESENTATION('',(#9758),#9762);
#9758 = LINE('',#9759,#9760);
#9759 = CARTESIAN_POINT('',(0.,0.));
#9760 = VECTOR('',#9761,1.);
#9761 = DIRECTION('',(0.,1.));
#9762 = ( GEOMETRIC_REPRESENTATION_CONTEXT(2) 
PARAMETRIC_REPRESENTATION_CONTEXT() REPRESENTATION_CONTEXT('2D SPACE',''
  ) );
#9763 = ORIENTED_EDGE('',*,*,#9764,.T.);
#9764 = EDGE_CURVE('',#9742,#9693,#9765,.T.);
#9765 = SURFACE_CURVE('',#9766,(#9770,#9777),.PCURVE_S1.);
#9766 = LINE('',#9767,#9768);
#9767 = CARTESIAN_POINT('',(2.85,16.15,1.));
#9768 = VECTOR('',#9769,1.);
#9769 = DIRECTION('',(-1.,0.,0.));
#9770 = PCURVE('',#9430,#9771);
#9771 = DEFINITIONAL_REPRESENTATION('',(#9772),#9776);
#9772 = LINE('',#9773,#9774);
#9773 = CARTESIAN_POINT('',(-8.5,0.));
#9774 = VECTOR('',#9775,1.);
#9775 = DIRECTION('',(0.,1.));
#9776 = ( GEOMETRIC_REPRESENTATION_CONTEXT(2) 
PARAMETRIC_REPRESENTATION_CONTEXT() REPRESENTATION_CONTEXT('2D SPACE',''
  ) );
#9777 = PCURVE('',#6845,#9778);
#9778 = DEFINITIONAL_REPRESENTATION('',(#9779),#9783);
#9779 = LINE('',#9780,#9781);
#9780 = CARTESIAN_POINT('',(0.,0.));
#9781 = VECTOR('',#9782,1.);
#9782 = DIRECTION('',(1.,0.));
#9783 = ( GEOMETRIC_REPRESENTATION_CONTEXT(2) 
PARAMETRIC_REPRESENTATION_CONTEXT() REPRESENTATION_CONTEXT('2D SPACE',''
  ) );
#9784 = ORIENTED_EDGE('',*,*,#9692,.F.);
#9785 = ORIENTED_EDGE('',*,*,#9414,.F.);
#9786 = ADVANCED_FACE('',(#9787),#9402,.F.);
#9787 = FACE_BOUND('',#9788,.T.);
#9788 = EDGE_LOOP('',(#9789,#9812,#9833,#9834));
#9789 = ORIENTED_EDGE('',*,*,#9790,.T.);
#9790 = EDGE_CURVE('',#9359,#9791,#9793,.T.);
#9791 = VERTEX_POINT('',#9792);
#9792 = CARTESIAN_POINT('',(2.85,16.15,1.8));
#9793 = SURFACE_CURVE('',#9794,(#9798,#9805),.PCURVE_S1.);
#9794 = LINE('',#9795,#9796);
#9795 = CARTESIAN_POINT('',(2.85,7.65,1.8));
#9796 = VECTOR('',#9797,1.);
#9797 = DIRECTION('',(0.,1.,0.));
#9798 = PCURVE('',#9402,#9799);
#9799 = DEFINITIONAL_REPRESENTATION('',(#9800),#9804);
#9800 = LINE('',#9801,#9802);
#9801 = CARTESIAN_POINT('',(-0.8,0.));
#9802 = VECTOR('',#9803,1.);
#9803 = DIRECTION('',(0.,1.));
#9804 = ( GEOMETRIC_REPRESENTATION_CONTEXT(2) 
PARAMETRIC_REPRESENTATION_CONTEXT() REPRESENTATION_CONTEXT('2D SPACE',''
  ) );
#9805 = PCURVE('',#9374,#9806);
#9806 = DEFINITIONAL_REPRESENTATION('',(#9807),#9811);
#9807 = LINE('',#9808,#9809);
#9808 = CARTESIAN_POINT('',(0.,1.5));
#9809 = VECTOR('',#9810,1.);
#9810 = DIRECTION('',(-1.,0.));
#9811 = ( GEOMETRIC_REPRESENTATION_CONTEXT(2) 
PARAMETRIC_REPRESENTATION_CONTEXT() REPRESENTATION_CONTEXT('2D SPACE',''
  ) );
#9812 = ORIENTED_EDGE('',*,*,#9813,.T.);
#9813 = EDGE_CURVE('',#9791,#9742,#9814,.T.);
#9814 = SURFACE_CURVE('',#9815,(#9819,#9826),.PCURVE_S1.);
#9815 = LINE('',#9816,#9817);
#9816 = CARTESIAN_POINT('',(2.85,16.15,1.));
#9817 = VECTOR('',#9818,1.);
#9818 = DIRECTION('',(-2.710505431214E-16,0.,-1.));
#9819 = PCURVE('',#9402,#9820);
#9820 = DEFINITIONAL_REPRESENTATION('',(#9821),#9825);
#9821 = LINE('',#9822,#9823);
#9822 = CARTESIAN_POINT('',(0.,8.5));
#9823 = VECTOR('',#9824,1.);
#9824 = DIRECTION('',(1.,0.));
#9825 = ( GEOMETRIC_REPRESENTATION_CONTEXT(2) 
PARAMETRIC_REPRESENTATION_CONTEXT() REPRESENTATION_CONTEXT('2D SPACE',''
  ) );
#9826 = PCURVE('',#6873,#9827);
#9827 = DEFINITIONAL_REPRESENTATION('',(#9828),#9832);
#9828 = LINE('',#9829,#9830);
#9829 = CARTESIAN_POINT('',(0.,0.));
#9830 = VECTOR('',#9831,1.);
#9831 = DIRECTION('',(1.,0.));
#9832 = ( GEOMETRIC_REPRESENTATION_CONTEXT(2) 
PARAMETRIC_REPRESENTATION_CONTEXT() REPRESENTATION_CONTEXT('2D SPACE',''
  ) );
#9833 = ORIENTED_EDGE('',*,*,#9741,.F.);
#9834 = ORIENTED_EDGE('',*,*,#9386,.F.);
#9835 = ADVANCED_FACE('',(#9836),#9374,.F.);
#9836 = FACE_BOUND('',#9837,.T.);
#9837 = EDGE_LOOP('',(#9838,#9861,#9882,#9883));
#9838 = ORIENTED_EDGE('',*,*,#9839,.T.);
#9839 = EDGE_CURVE('',#9331,#9840,#9842,.T.);
#9840 = VERTEX_POINT('',#9841);
#9841 = CARTESIAN_POINT('',(4.35,16.15,1.8));
#9842 = SURFACE_CURVE('',#9843,(#9847,#9854),.PCURVE_S1.);
#9843 = LINE('',#9844,#9845);
#9844 = CARTESIAN_POINT('',(4.35,7.65,1.8));
#9845 = VECTOR('',#9846,1.);
#9846 = DIRECTION('',(0.,1.,0.));
#9847 = PCURVE('',#9374,#9848);
#9848 = DEFINITIONAL_REPRESENTATION('',(#9849),#9853);
#9849 = LINE('',#9850,#9851);
#9850 = CARTESIAN_POINT('',(0.,0.));
#9851 = VECTOR('',#9852,1.);
#9852 = DIRECTION('',(-1.,0.));
#9853 = ( GEOMETRIC_REPRESENTATION_CONTEXT(2) 
PARAMETRIC_REPRESENTATION_CONTEXT() REPRESENTATION_CONTEXT('2D SPACE',''
  ) );
#9854 = PCURVE('',#9346,#9855);
#9855 = DEFINITIONAL_REPRESENTATION('',(#9856),#9860);
#9856 = LINE('',#9857,#9858);
#9857 = CARTESIAN_POINT('',(0.8,0.));
#9858 = VECTOR('',#9859,1.);
#9859 = DIRECTION('',(0.,1.));
#9860 = ( GEOMETRIC_REPRESENTATION_CONTEXT(2) 
PARAMETRIC_REPRESENTATION_CONTEXT() REPRESENTATION_CONTEXT('2D SPACE',''
  ) );
#9861 = ORIENTED_EDGE('',*,*,#9862,.T.);
#9862 = EDGE_CURVE('',#9840,#9791,#9863,.T.);
#9863 = SURFACE_CURVE('',#9864,(#9868,#9875),.PCURVE_S1.);
#9864 = LINE('',#9865,#9866);
#9865 = CARTESIAN_POINT('',(4.35,16.15,1.8));
#9866 = VECTOR('',#9867,1.);
#9867 = DIRECTION('',(-1.,0.,0.));
#9868 = PCURVE('',#9374,#9869);
#9869 = DEFINITIONAL_REPRESENTATION('',(#9870),#9874);
#9870 = LINE('',#9871,#9872);
#9871 = CARTESIAN_POINT('',(-8.5,0.));
#9872 = VECTOR('',#9873,1.);
#9873 = DIRECTION('',(0.,1.));
#9874 = ( GEOMETRIC_REPRESENTATION_CONTEXT(2) 
PARAMETRIC_REPRESENTATION_CONTEXT() REPRESENTATION_CONTEXT('2D SPACE',''
  ) );
#9875 = PCURVE('',#6901,#9876);
#9876 = DEFINITIONAL_REPRESENTATION('',(#9877),#9881);
#9877 = LINE('',#9878,#9879);
#9878 = CARTESIAN_POINT('',(0.,0.));
#9879 = VECTOR('',#9880,1.);
#9880 = DIRECTION('',(1.,0.));
#9881 = ( GEOMETRIC_REPRESENTATION_CONTEXT(2) 
PARAMETRIC_REPRESENTATION_CONTEXT() REPRESENTATION_CONTEXT('2D SPACE',''
  ) );
#9882 = ORIENTED_EDGE('',*,*,#9790,.F.);
#9883 = ORIENTED_EDGE('',*,*,#9358,.F.);
#9884 = ADVANCED_FACE('',(#9885),#9346,.F.);
#9885 = FACE_BOUND('',#9886,.T.);
#9886 = EDGE_LOOP('',(#9887,#9910,#9931,#9932));
#9887 = ORIENTED_EDGE('',*,*,#9888,.T.);
#9888 = EDGE_CURVE('',#9329,#9889,#9891,.T.);
#9889 = VERTEX_POINT('',#9890);
#9890 = CARTESIAN_POINT('',(4.35,16.15,1.));
#9891 = SURFACE_CURVE('',#9892,(#9896,#9903),.PCURVE_S1.);
#9892 = LINE('',#9893,#9894);
#9893 = CARTESIAN_POINT('',(4.35,7.65,1.));
#9894 = VECTOR('',#9895,1.);
#9895 = DIRECTION('',(0.,1.,0.));
#9896 = PCURVE('',#9346,#9897);
#9897 = DEFINITIONAL_REPRESENTATION('',(#9898),#9902);
#9898 = LINE('',#9899,#9900);
#9899 = CARTESIAN_POINT('',(0.,0.));
#9900 = VECTOR('',#9901,1.);
#9901 = DIRECTION('',(0.,1.));
#9902 = ( GEOMETRIC_REPRESENTATION_CONTEXT(2) 
PARAMETRIC_REPRESENTATION_CONTEXT() REPRESENTATION_CONTEXT('2D SPACE',''
  ) );
#9903 = PCURVE('',#9287,#9904);
#9904 = DEFINITIONAL_REPRESENTATION('',(#9905),#9909);
#9905 = LINE('',#9906,#9907);
#9906 = CARTESIAN_POINT('',(0.,6.3));
#9907 = VECTOR('',#9908,1.);
#9908 = DIRECTION('',(-1.,0.));
#9909 = ( GEOMETRIC_REPRESENTATION_CONTEXT(2) 
PARAMETRIC_REPRESENTATION_CONTEXT() REPRESENTATION_CONTEXT('2D SPACE',''
  ) );
#9910 = ORIENTED_EDGE('',*,*,#9911,.T.);
#9911 = EDGE_CURVE('',#9889,#9840,#9912,.T.);
#9912 = SURFACE_CURVE('',#9913,(#9917,#9924),.PCURVE_S1.);
#9913 = LINE('',#9914,#9915);
#9914 = CARTESIAN_POINT('',(4.35,16.15,1.));
#9915 = VECTOR('',#9916,1.);
#9916 = DIRECTION('',(1.761828530289E-15,0.,1.));
#9917 = PCURVE('',#9346,#9918);
#9918 = DEFINITIONAL_REPRESENTATION('',(#9919),#9923);
#9919 = LINE('',#9920,#9921);
#9920 = CARTESIAN_POINT('',(0.,8.5));
#9921 = VECTOR('',#9922,1.);
#9922 = DIRECTION('',(1.,0.));
#9923 = ( GEOMETRIC_REPRESENTATION_CONTEXT(2) 
PARAMETRIC_REPRESENTATION_CONTEXT() REPRESENTATION_CONTEXT('2D SPACE',''
  ) );
#9924 = PCURVE('',#6929,#9925);
#9925 = DEFINITIONAL_REPRESENTATION('',(#9926),#9930);
#9926 = LINE('',#9927,#9928);
#9927 = CARTESIAN_POINT('',(0.,0.));
#9928 = VECTOR('',#9929,1.);
#9929 = DIRECTION('',(1.,-1.972152263053E-31));
#9930 = ( GEOMETRIC_REPRESENTATION_CONTEXT(2) 
PARAMETRIC_REPRESENTATION_CONTEXT() REPRESENTATION_CONTEXT('2D SPACE',''
  ) );
#9931 = ORIENTED_EDGE('',*,*,#9839,.F.);
#9932 = ORIENTED_EDGE('',*,*,#9328,.F.);
#9933 = ADVANCED_FACE('',(#9934),#9287,.F.);
#9934 = FACE_BOUND('',#9935,.T.);
#9935 = EDGE_LOOP('',(#9936,#9937,#9958,#9959));
#9936 = ORIENTED_EDGE('',*,*,#9271,.T.);
#9937 = ORIENTED_EDGE('',*,*,#9938,.T.);
#9938 = EDGE_CURVE('',#9167,#9889,#9939,.T.);
#9939 = SURFACE_CURVE('',#9940,(#9944,#9951),.PCURVE_S1.);
#9940 = LINE('',#9941,#9942);
#9941 = CARTESIAN_POINT('',(10.65,16.15,1.));
#9942 = VECTOR('',#9943,1.);
#9943 = DIRECTION('',(-1.,0.,0.));
#9944 = PCURVE('',#9287,#9945);
#9945 = DEFINITIONAL_REPRESENTATION('',(#9946),#9950);
#9946 = LINE('',#9947,#9948);
#9947 = CARTESIAN_POINT('',(-8.5,0.));
#9948 = VECTOR('',#9949,1.);
#9949 = DIRECTION('',(0.,1.));
#9950 = ( GEOMETRIC_REPRESENTATION_CONTEXT(2) 
PARAMETRIC_REPRESENTATION_CONTEXT() REPRESENTATION_CONTEXT('2D SPACE',''
  ) );
#9951 = PCURVE('',#6957,#9952);
#9952 = DEFINITIONAL_REPRESENTATION('',(#9953),#9957);
#9953 = LINE('',#9954,#9955);
#9954 = CARTESIAN_POINT('',(0.,0.));
#9955 = VECTOR('',#9956,1.);
#9956 = DIRECTION('',(1.,0.));
#9957 = ( GEOMETRIC_REPRESENTATION_CONTEXT(2) 
PARAMETRIC_REPRESENTATION_CONTEXT() REPRESENTATION_CONTEXT('2D SPACE',''
  ) );
#9958 = ORIENTED_EDGE('',*,*,#9888,.F.);
#9959 = ORIENTED_EDGE('',*,*,#9548,.F.);
#9960 = ADVANCED_FACE('',(#9961),#9258,.F.);
#9961 = FACE_BOUND('',#9962,.T.);
#9962 = EDGE_LOOP('',(#9963,#9964,#9985,#9986));
#9963 = ORIENTED_EDGE('',*,*,#9618,.T.);
#9964 = ORIENTED_EDGE('',*,*,#9965,.T.);
#9965 = EDGE_CURVE('',#9596,#9190,#9966,.T.);
#9966 = SURFACE_CURVE('',#9967,(#9971,#9978),.PCURVE_S1.);
#9967 = LINE('',#9968,#9969);
#9968 = CARTESIAN_POINT('',(3.6,16.15,7.7));
#9969 = VECTOR('',#9970,1.);
#9970 = DIRECTION('',(1.,0.,0.));
#9971 = PCURVE('',#9258,#9972);
#9972 = DEFINITIONAL_REPRESENTATION('',(#9973),#9977);
#9973 = LINE('',#9974,#9975);
#9974 = CARTESIAN_POINT('',(8.5,0.));
#9975 = VECTOR('',#9976,1.);
#9976 = DIRECTION('',(0.,-1.));
#9977 = ( GEOMETRIC_REPRESENTATION_CONTEXT(2) 
PARAMETRIC_REPRESENTATION_CONTEXT() REPRESENTATION_CONTEXT('2D SPACE',''
  ) );
#9978 = PCURVE('',#6733,#9979);
#9979 = DEFINITIONAL_REPRESENTATION('',(#9980),#9984);
#9980 = LINE('',#9981,#9982);
#9981 = CARTESIAN_POINT('',(0.,0.));
#9982 = VECTOR('',#9983,1.);
#9983 = DIRECTION('',(1.,0.));
#9984 = ( GEOMETRIC_REPRESENTATION_CONTEXT(2) 
PARAMETRIC_REPRESENTATION_CONTEXT() REPRESENTATION_CONTEXT('2D SPACE',''
  ) );
#9985 = ORIENTED_EDGE('',*,*,#9242,.F.);
#9986 = ORIENTED_EDGE('',*,*,#9526,.F.);
#9987 = ADVANCED_FACE('',(#9988),#6957,.F.);
#9988 = FACE_BOUND('',#9989,.T.);
#9989 = EDGE_LOOP('',(#9990,#10011,#10012,#10013));
#9990 = ORIENTED_EDGE('',*,*,#9991,.T.);
#9991 = EDGE_CURVE('',#6914,#9889,#9992,.T.);
#9992 = SURFACE_CURVE('',#9993,(#9997,#10004),.PCURVE_S1.);
#9993 = LINE('',#9994,#9995);
#9994 = CARTESIAN_POINT('',(4.35,16.15,1.));
#9995 = VECTOR('',#9996,1.);
#9996 = DIRECTION('',(0.57735026919,-0.57735026919,0.57735026919));
#9997 = PCURVE('',#6957,#9998);
#9998 = DEFINITIONAL_REPRESENTATION('',(#9999),#10003);
#9999 = LINE('',#10000,#10001);
#10000 = CARTESIAN_POINT('',(6.3,0.));
#10001 = VECTOR('',#10002,1.);
#10002 = DIRECTION('',(-0.57735026919,-0.816496580928));
#10003 = ( GEOMETRIC_REPRESENTATION_CONTEXT(2) 
PARAMETRIC_REPRESENTATION_CONTEXT() REPRESENTATION_CONTEXT('2D SPACE',''
  ) );
#10004 = PCURVE('',#6929,#10005);
#10005 = DEFINITIONAL_REPRESENTATION('',(#10006),#10010);
#10006 = LINE('',#10007,#10008);
#10007 = CARTESIAN_POINT('',(0.,0.));
#10008 = VECTOR('',#10009,1.);
#10009 = DIRECTION('',(0.57735026919,-0.816496580928));
#10010 = ( GEOMETRIC_REPRESENTATION_CONTEXT(2) 
PARAMETRIC_REPRESENTATION_CONTEXT() REPRESENTATION_CONTEXT('2D SPACE',''
  ) );
#10011 = ORIENTED_EDGE('',*,*,#9938,.F.);
#10012 = ORIENTED_EDGE('',*,*,#9166,.F.);
#10013 = ORIENTED_EDGE('',*,*,#6941,.F.);
#10014 = ADVANCED_FACE('',(#10015),#6929,.F.);
#10015 = FACE_BOUND('',#10016,.T.);
#10016 = EDGE_LOOP('',(#10017,#10038,#10039,#10040));
#10017 = ORIENTED_EDGE('',*,*,#10018,.T.);
#10018 = EDGE_CURVE('',#6886,#9840,#10019,.T.);
#10019 = SURFACE_CURVE('',#10020,(#10024,#10031),.PCURVE_S1.);
#10020 = LINE('',#10021,#10022);
#10021 = CARTESIAN_POINT('',(4.083333333333,16.416666666667,
    1.533333333333));
#10022 = VECTOR('',#10023,1.);
#10023 = DIRECTION('',(0.57735026919,-0.57735026919,0.57735026919));
#10024 = PCURVE('',#6929,#10025);
#10025 = DEFINITIONAL_REPRESENTATION('',(#10026),#10030);
#10026 = LINE('',#10027,#10028);
#10027 = CARTESIAN_POINT('',(0.533333333333,0.377123616633));
#10028 = VECTOR('',#10029,1.);
#10029 = DIRECTION('',(0.57735026919,-0.816496580928));
#10030 = ( GEOMETRIC_REPRESENTATION_CONTEXT(2) 
PARAMETRIC_REPRESENTATION_CONTEXT() REPRESENTATION_CONTEXT('2D SPACE',''
  ) );
#10031 = PCURVE('',#6901,#10032);
#10032 = DEFINITIONAL_REPRESENTATION('',(#10033),#10037);
#10033 = LINE('',#10034,#10035);
#10034 = CARTESIAN_POINT('',(0.266666666667,0.377123616633));
#10035 = VECTOR('',#10036,1.);
#10036 = DIRECTION('',(-0.57735026919,-0.816496580928));
#10037 = ( GEOMETRIC_REPRESENTATION_CONTEXT(2) 
PARAMETRIC_REPRESENTATION_CONTEXT() REPRESENTATION_CONTEXT('2D SPACE',''
  ) );
#10038 = ORIENTED_EDGE('',*,*,#9911,.F.);
#10039 = ORIENTED_EDGE('',*,*,#9991,.F.);
#10040 = ORIENTED_EDGE('',*,*,#6913,.F.);
#10041 = ADVANCED_FACE('',(#10042),#6901,.F.);
#10042 = FACE_BOUND('',#10043,.T.);
#10043 = EDGE_LOOP('',(#10044,#10045,#10046,#10067));
#10044 = ORIENTED_EDGE('',*,*,#10018,.F.);
#10045 = ORIENTED_EDGE('',*,*,#6885,.F.);
#10046 = ORIENTED_EDGE('',*,*,#10047,.F.);
#10047 = EDGE_CURVE('',#9791,#6858,#10048,.T.);
#10048 = SURFACE_CURVE('',#10049,(#10053,#10060),.PCURVE_S1.);
#10049 = LINE('',#10050,#10051);
#10050 = CARTESIAN_POINT('',(3.35,16.65,1.3));
#10051 = VECTOR('',#10052,1.);
#10052 = DIRECTION('',(0.57735026919,0.57735026919,-0.57735026919));
#10053 = PCURVE('',#6901,#10054);
#10054 = DEFINITIONAL_REPRESENTATION('',(#10055),#10059);
#10055 = LINE('',#10056,#10057);
#10056 = CARTESIAN_POINT('',(1.,0.707106781187));
#10057 = VECTOR('',#10058,1.);
#10058 = DIRECTION('',(-0.57735026919,0.816496580928));
#10059 = ( GEOMETRIC_REPRESENTATION_CONTEXT(2) 
PARAMETRIC_REPRESENTATION_CONTEXT() REPRESENTATION_CONTEXT('2D SPACE',''
  ) );
#10060 = PCURVE('',#6873,#10061);
#10061 = DEFINITIONAL_REPRESENTATION('',(#10062),#10066);
#10062 = LINE('',#10063,#10064);
#10063 = CARTESIAN_POINT('',(-0.3,0.707106781187));
#10064 = VECTOR('',#10065,1.);
#10065 = DIRECTION('',(0.57735026919,0.816496580928));
#10066 = ( GEOMETRIC_REPRESENTATION_CONTEXT(2) 
PARAMETRIC_REPRESENTATION_CONTEXT() REPRESENTATION_CONTEXT('2D SPACE',''
  ) );
#10067 = ORIENTED_EDGE('',*,*,#9862,.F.);
#10068 = ADVANCED_FACE('',(#10069),#6873,.F.);
#10069 = FACE_BOUND('',#10070,.T.);
#10070 = EDGE_LOOP('',(#10071,#10072,#10073,#10094));
#10071 = ORIENTED_EDGE('',*,*,#10047,.T.);
#10072 = ORIENTED_EDGE('',*,*,#6857,.F.);
#10073 = ORIENTED_EDGE('',*,*,#10074,.F.);
#10074 = EDGE_CURVE('',#9742,#6830,#10075,.T.);
#10075 = SURFACE_CURVE('',#10076,(#10080,#10087),.PCURVE_S1.);
#10076 = LINE('',#10077,#10078);
#10077 = CARTESIAN_POINT('',(2.85,16.15,1.));
#10078 = VECTOR('',#10079,1.);
#10079 = DIRECTION('',(0.57735026919,0.57735026919,-0.57735026919));
#10080 = PCURVE('',#6873,#10081);
#10081 = DEFINITIONAL_REPRESENTATION('',(#10082),#10086);
#10082 = LINE('',#10083,#10084);
#10083 = CARTESIAN_POINT('',(0.,0.));
#10084 = VECTOR('',#10085,1.);
#10085 = DIRECTION('',(0.57735026919,0.816496580928));
#10086 = ( GEOMETRIC_REPRESENTATION_CONTEXT(2) 
PARAMETRIC_REPRESENTATION_CONTEXT() REPRESENTATION_CONTEXT('2D SPACE',''
  ) );
#10087 = PCURVE('',#6845,#10088);
#10088 = DEFINITIONAL_REPRESENTATION('',(#10089),#10093);
#10089 = LINE('',#10090,#10091);
#10090 = CARTESIAN_POINT('',(0.,0.));
#10091 = VECTOR('',#10092,1.);
#10092 = DIRECTION('',(-0.57735026919,0.816496580928));
#10093 = ( GEOMETRIC_REPRESENTATION_CONTEXT(2) 
PARAMETRIC_REPRESENTATION_CONTEXT() REPRESENTATION_CONTEXT('2D SPACE',''
  ) );
#10094 = ORIENTED_EDGE('',*,*,#9813,.F.);
#10095 = ADVANCED_FACE('',(#10096),#6845,.F.);
#10096 = FACE_BOUND('',#10097,.T.);
#10097 = EDGE_LOOP('',(#10098,#10099,#10100,#10121));
#10098 = ORIENTED_EDGE('',*,*,#10074,.T.);
#10099 = ORIENTED_EDGE('',*,*,#6829,.F.);
#10100 = ORIENTED_EDGE('',*,*,#10101,.F.);
#10101 = EDGE_CURVE('',#9693,#6802,#10102,.T.);
#10102 = SURFACE_CURVE('',#10103,(#10107,#10114),.PCURVE_S1.);
#10103 = LINE('',#10104,#10105);
#10104 = CARTESIAN_POINT('',(-1.088077064508,16.15,1.));
#10105 = VECTOR('',#10106,1.);
#10106 = DIRECTION('',(-0.257501868124,0.683261585307,-0.683261585307));
#10107 = PCURVE('',#6845,#10108);
#10108 = DEFINITIONAL_REPRESENTATION('',(#10109),#10113);
#10109 = LINE('',#10110,#10111);
#10110 = CARTESIAN_POINT('',(3.938077064508,0.));
#10111 = VECTOR('',#10112,1.);
#10112 = DIRECTION('',(0.257501868124,0.96627780059));
#10113 = ( GEOMETRIC_REPRESENTATION_CONTEXT(2) 
PARAMETRIC_REPRESENTATION_CONTEXT() REPRESENTATION_CONTEXT('2D SPACE',''
  ) );
#10114 = PCURVE('',#6817,#10115);
#10115 = DEFINITIONAL_REPRESENTATION('',(#10116),#10120);
#10116 = LINE('',#10117,#10118);
#10117 = CARTESIAN_POINT('',(0.,0.));
#10118 = VECTOR('',#10119,1.);
#10119 = DIRECTION('',(-0.257501868124,0.96627780059));
#10120 = ( GEOMETRIC_REPRESENTATION_CONTEXT(2) 
PARAMETRIC_REPRESENTATION_CONTEXT() REPRESENTATION_CONTEXT('2D SPACE',''
  ) );
#10121 = ORIENTED_EDGE('',*,*,#9764,.F.);
#10122 = ADVANCED_FACE('',(#10123),#6817,.F.);
#10123 = FACE_BOUND('',#10124,.T.);
#10124 = EDGE_LOOP('',(#10125,#10126,#10127,#10148));
#10125 = ORIENTED_EDGE('',*,*,#10101,.T.);
#10126 = ORIENTED_EDGE('',*,*,#6801,.F.);
#10127 = ORIENTED_EDGE('',*,*,#10128,.F.);
#10128 = EDGE_CURVE('',#9644,#6774,#10129,.T.);
#10129 = SURFACE_CURVE('',#10130,(#10134,#10141),.PCURVE_S1.);
#10130 = LINE('',#10131,#10132);
#10131 = CARTESIAN_POINT('',(-3.45,16.15,3.075));
#10132 = VECTOR('',#10133,1.);
#10133 = DIRECTION('',(-0.673462813821,0.673462813821,-0.304787921023));
#10134 = PCURVE('',#6817,#10135);
#10135 = DEFINITIONAL_REPRESENTATION('',(#10136),#10140);
#10136 = LINE('',#10137,#10138);
#10137 = CARTESIAN_POINT('',(3.143931448553,5.107072163812E-16));
#10138 = VECTOR('',#10139,1.);
#10139 = DIRECTION('',(0.304787921023,0.952420245059));
#10140 = ( GEOMETRIC_REPRESENTATION_CONTEXT(2) 
PARAMETRIC_REPRESENTATION_CONTEXT() REPRESENTATION_CONTEXT('2D SPACE',''
  ) );
#10141 = PCURVE('',#6789,#10142);
#10142 = DEFINITIONAL_REPRESENTATION('',(#10143),#10147);
#10143 = LINE('',#10144,#10145);
#10144 = CARTESIAN_POINT('',(0.,0.));
#10145 = VECTOR('',#10146,1.);
#10146 = DIRECTION('',(-0.304787921023,0.952420245059));
#10147 = ( GEOMETRIC_REPRESENTATION_CONTEXT(2) 
PARAMETRIC_REPRESENTATION_CONTEXT() REPRESENTATION_CONTEXT('2D SPACE',''
  ) );
#10148 = ORIENTED_EDGE('',*,*,#9715,.F.);
#10149 = ADVANCED_FACE('',(#10150),#6789,.F.);
#10150 = FACE_BOUND('',#10151,.T.);
#10151 = EDGE_LOOP('',(#10152,#10153,#10154,#10175));
#10152 = ORIENTED_EDGE('',*,*,#10128,.T.);
#10153 = ORIENTED_EDGE('',*,*,#6773,.F.);
#10154 = ORIENTED_EDGE('',*,*,#10155,.F.);
#10155 = EDGE_CURVE('',#9573,#6746,#10156,.T.);
#10156 = SURFACE_CURVE('',#10157,(#10161,#10168),.PCURVE_S1.);
#10157 = LINE('',#10158,#10159);
#10158 = CARTESIAN_POINT('',(-2.804666158716,15.504666158716,
    5.33294236027));
#10159 = VECTOR('',#10160,1.);
#10160 = DIRECTION('',(-0.673462813821,0.673462813821,0.304787921023));
#10161 = PCURVE('',#6789,#10162);
#10162 = DEFINITIONAL_REPRESENTATION('',(#10163),#10167);
#10163 = LINE('',#10164,#10165);
#10164 = CARTESIAN_POINT('',(2.25794236027,-0.912639870602));
#10165 = VECTOR('',#10166,1.);
#10166 = DIRECTION('',(0.304787921023,0.952420245059));
#10167 = ( GEOMETRIC_REPRESENTATION_CONTEXT(2) 
PARAMETRIC_REPRESENTATION_CONTEXT() REPRESENTATION_CONTEXT('2D SPACE',''
  ) );
#10168 = PCURVE('',#6761,#10169);
#10169 = DEFINITIONAL_REPRESENTATION('',(#10170),#10174);
#10170 = LINE('',#10171,#10172);
#10171 = CARTESIAN_POINT('',(-2.851873808823,-0.912639870602));
#10172 = VECTOR('',#10173,1.);
#10173 = DIRECTION('',(-0.304787921023,0.952420245059));
#10174 = ( GEOMETRIC_REPRESENTATION_CONTEXT(2) 
PARAMETRIC_REPRESENTATION_CONTEXT() REPRESENTATION_CONTEXT('2D SPACE',''
  ) );
#10175 = ORIENTED_EDGE('',*,*,#9666,.F.);
#10176 = ADVANCED_FACE('',(#10177),#6761,.F.);
#10177 = FACE_BOUND('',#10178,.T.);
#10178 = EDGE_LOOP('',(#10179,#10180,#10181,#10202));
#10179 = ORIENTED_EDGE('',*,*,#10155,.T.);
#10180 = ORIENTED_EDGE('',*,*,#6745,.F.);
#10181 = ORIENTED_EDGE('',*,*,#10182,.T.);
#10182 = EDGE_CURVE('',#6718,#9596,#10183,.T.);
#10183 = SURFACE_CURVE('',#10184,(#10188,#10195),.PCURVE_S1.);
#10184 = LINE('',#10185,#10186);
#10185 = CARTESIAN_POINT('',(-1.088077064508,16.15,7.7));
#10186 = VECTOR('',#10187,1.);
#10187 = DIRECTION('',(0.257501868124,-0.683261585307,-0.683261585307));
#10188 = PCURVE('',#6761,#10189);
#10189 = DEFINITIONAL_REPRESENTATION('',(#10190),#10194);
#10190 = LINE('',#10191,#10192);
#10191 = CARTESIAN_POINT('',(0.,0.));
#10192 = VECTOR('',#10193,1.);
#10193 = DIRECTION('',(-0.257501868124,-0.96627780059));
#10194 = ( GEOMETRIC_REPRESENTATION_CONTEXT(2) 
PARAMETRIC_REPRESENTATION_CONTEXT() REPRESENTATION_CONTEXT('2D SPACE',''
  ) );
#10195 = PCURVE('',#6733,#10196);
#10196 = DEFINITIONAL_REPRESENTATION('',(#10197),#10201);
#10197 = LINE('',#10198,#10199);
#10198 = CARTESIAN_POINT('',(-4.688077064508,0.));
#10199 = VECTOR('',#10200,1.);
#10200 = DIRECTION('',(0.257501868124,-0.96627780059));
#10201 = ( GEOMETRIC_REPRESENTATION_CONTEXT(2) 
PARAMETRIC_REPRESENTATION_CONTEXT() REPRESENTATION_CONTEXT('2D SPACE',''
  ) );
#10202 = ORIENTED_EDGE('',*,*,#9595,.F.);
#10203 = ADVANCED_FACE('',(#10204),#6733,.F.);
#10204 = FACE_BOUND('',#10205,.T.);
#10205 = EDGE_LOOP('',(#10206,#10207,#10208,#10209));
#10206 = ORIENTED_EDGE('',*,*,#9217,.T.);
#10207 = ORIENTED_EDGE('',*,*,#9965,.F.);
#10208 = ORIENTED_EDGE('',*,*,#10182,.F.);
#10209 = ORIENTED_EDGE('',*,*,#6715,.F.);
#10210 = ADVANCED_FACE('',(#10211),#6674,.F.);
#10211 = FACE_BOUND('',#10212,.T.);
#10212 = EDGE_LOOP('',(#10213,#10234,#10235,#10236));
#10213 = ORIENTED_EDGE('',*,*,#10214,.F.);
#10214 = EDGE_CURVE('',#9097,#6631,#10215,.T.);
#10215 = SURFACE_CURVE('',#10216,(#10220,#10227),.PCURVE_S1.);
#10216 = LINE('',#10217,#10218);
#10217 = CARTESIAN_POINT('',(-3.65,15.85,-0.707106781187));
#10218 = VECTOR('',#10219,1.);
#10219 = DIRECTION('',(0.,0.,1.));
#10220 = PCURVE('',#6674,#10221);
#10221 = DEFINITIONAL_REPRESENTATION('',(#10222),#10226);
#10222 = LINE('',#10223,#10224);
#10223 = CARTESIAN_POINT('',(0.5,0.));
#10224 = VECTOR('',#10225,1.);
#10225 = DIRECTION('',(0.,1.));
#10226 = ( GEOMETRIC_REPRESENTATION_CONTEXT(2) 
PARAMETRIC_REPRESENTATION_CONTEXT() REPRESENTATION_CONTEXT('2D SPACE',''
  ) );
#10227 = PCURVE('',#6646,#10228);
#10228 = DEFINITIONAL_REPRESENTATION('',(#10229),#10233);
#10229 = LINE('',#10230,#10231);
#10230 = CARTESIAN_POINT('',(-0.5,0.));
#10231 = VECTOR('',#10232,1.);
#10232 = DIRECTION('',(0.,1.));
#10233 = ( GEOMETRIC_REPRESENTATION_CONTEXT(2) 
PARAMETRIC_REPRESENTATION_CONTEXT() REPRESENTATION_CONTEXT('2D SPACE',''
  ) );
#10234 = ORIENTED_EDGE('',*,*,#9096,.T.);
#10235 = ORIENTED_EDGE('',*,*,#6998,.T.);
#10236 = ORIENTED_EDGE('',*,*,#6658,.T.);
#10237 = ADVANCED_FACE('',(#10238),#6646,.F.);
#10238 = FACE_BOUND('',#10239,.T.);
#10239 = EDGE_LOOP('',(#10240,#10261,#10262,#10263));
#10240 = ORIENTED_EDGE('',*,*,#10241,.F.);
#10241 = EDGE_CURVE('',#9120,#6603,#10242,.T.);
#10242 = SURFACE_CURVE('',#10243,(#10247,#10254),.PCURVE_S1.);
#10243 = LINE('',#10244,#10245);
#10244 = CARTESIAN_POINT('',(-4.15,15.85,-0.707106781187));
#10245 = VECTOR('',#10246,1.);
#10246 = DIRECTION('',(0.,0.,1.));
#10247 = PCURVE('',#6646,#10248);
#10248 = DEFINITIONAL_REPRESENTATION('',(#10249),#10253);
#10249 = LINE('',#10250,#10251);
#10250 = CARTESIAN_POINT('',(0.,0.));
#10251 = VECTOR('',#10252,1.);
#10252 = DIRECTION('',(0.,1.));
#10253 = ( GEOMETRIC_REPRESENTATION_CONTEXT(2) 
PARAMETRIC_REPRESENTATION_CONTEXT() REPRESENTATION_CONTEXT('2D SPACE',''
  ) );
#10254 = PCURVE('',#6618,#10255);
#10255 = DEFINITIONAL_REPRESENTATION('',(#10256),#10260);
#10256 = LINE('',#10257,#10258);
#10257 = CARTESIAN_POINT('',(-8.2,-0.707106781187));
#10258 = VECTOR('',#10259,1.);
#10259 = DIRECTION('',(0.,1.));
#10260 = ( GEOMETRIC_REPRESENTATION_CONTEXT(2) 
PARAMETRIC_REPRESENTATION_CONTEXT() REPRESENTATION_CONTEXT('2D SPACE',''
  ) );
#10261 = ORIENTED_EDGE('',*,*,#9119,.T.);
#10262 = ORIENTED_EDGE('',*,*,#10214,.T.);
#10263 = ORIENTED_EDGE('',*,*,#6630,.T.);
#10264 = ADVANCED_FACE('',(#10265),#6618,.T.);
#10265 = FACE_BOUND('',#10266,.T.);
#10266 = EDGE_LOOP('',(#10267,#10268,#10269,#10270,#10271,#10272,#10273,
    #10294));
#10267 = ORIENTED_EDGE('',*,*,#8856,.T.);
#10268 = ORIENTED_EDGE('',*,*,#9069,.T.);
#10269 = ORIENTED_EDGE('',*,*,#7049,.T.);
#10270 = ORIENTED_EDGE('',*,*,#9142,.T.);
#10271 = ORIENTED_EDGE('',*,*,#10241,.T.);
#10272 = ORIENTED_EDGE('',*,*,#6602,.F.);
#10273 = ORIENTED_EDGE('',*,*,#10274,.F.);
#10274 = EDGE_CURVE('',#8710,#6575,#10275,.T.);
#10275 = SURFACE_CURVE('',#10276,(#10280,#10287),.PCURVE_S1.);
#10276 = LINE('',#10277,#10278);
#10277 = CARTESIAN_POINT('',(-4.15,7.,-2.6645352591E-15));
#10278 = VECTOR('',#10279,1.);
#10279 = DIRECTION('',(0.,0.,1.));
#10280 = PCURVE('',#6618,#10281);
#10281 = DEFINITIONAL_REPRESENTATION('',(#10282),#10286);
#10282 = LINE('',#10283,#10284);
#10283 = CARTESIAN_POINT('',(0.65,-8.881784197001E-16));
#10284 = VECTOR('',#10285,1.);
#10285 = DIRECTION('',(0.,1.));
#10286 = ( GEOMETRIC_REPRESENTATION_CONTEXT(2) 
PARAMETRIC_REPRESENTATION_CONTEXT() REPRESENTATION_CONTEXT('2D SPACE',''
  ) );
#10287 = PCURVE('',#6590,#10288);
#10288 = DEFINITIONAL_REPRESENTATION('',(#10289),#10293);
#10289 = LINE('',#10290,#10291);
#10290 = CARTESIAN_POINT('',(0.,0.));
#10291 = VECTOR('',#10292,1.);
#10292 = DIRECTION('',(0.,1.));
#10293 = ( GEOMETRIC_REPRESENTATION_CONTEXT(2) 
PARAMETRIC_REPRESENTATION_CONTEXT() REPRESENTATION_CONTEXT('2D SPACE',''
  ) );
#10294 = ORIENTED_EDGE('',*,*,#8709,.F.);
#10295 = ADVANCED_FACE('',(#10296),#6590,.F.);
#10296 = FACE_BOUND('',#10297,.T.);
#10297 = EDGE_LOOP('',(#10298,#10299,#10320,#10321));
#10298 = ORIENTED_EDGE('',*,*,#6574,.T.);
#10299 = ORIENTED_EDGE('',*,*,#10300,.F.);
#10300 = EDGE_CURVE('',#8733,#6547,#10301,.T.);
#10301 = SURFACE_CURVE('',#10302,(#10306,#10313),.PCURVE_S1.);
#10302 = LINE('',#10303,#10304);
#10303 = CARTESIAN_POINT('',(-2.65,7.,-2.6645352591E-15));
#10304 = VECTOR('',#10305,1.);
#10305 = DIRECTION('',(0.,0.,1.));
#10306 = PCURVE('',#6590,#10307);
#10307 = DEFINITIONAL_REPRESENTATION('',(#10308),#10312);
#10308 = LINE('',#10309,#10310);
#10309 = CARTESIAN_POINT('',(1.5,0.));
#10310 = VECTOR('',#10311,1.);
#10311 = DIRECTION('',(0.,1.));
#10312 = ( GEOMETRIC_REPRESENTATION_CONTEXT(2) 
PARAMETRIC_REPRESENTATION_CONTEXT() REPRESENTATION_CONTEXT('2D SPACE',''
  ) );
#10313 = PCURVE('',#6562,#10314);
#10314 = DEFINITIONAL_REPRESENTATION('',(#10315),#10319);
#10315 = LINE('',#10316,#10317);
#10316 = CARTESIAN_POINT('',(0.,0.));
#10317 = VECTOR('',#10318,1.);
#10318 = DIRECTION('',(0.,1.));
#10319 = ( GEOMETRIC_REPRESENTATION_CONTEXT(2) 
PARAMETRIC_REPRESENTATION_CONTEXT() REPRESENTATION_CONTEXT('2D SPACE',''
  ) );
#10320 = ORIENTED_EDGE('',*,*,#8732,.F.);
#10321 = ORIENTED_EDGE('',*,*,#10274,.T.);
#10322 = ADVANCED_FACE('',(#10323),#6562,.F.);
#10323 = FACE_BOUND('',#10324,.T.);
#10324 = EDGE_LOOP('',(#10325,#10326,#10347,#10348));
#10325 = ORIENTED_EDGE('',*,*,#6546,.T.);
#10326 = ORIENTED_EDGE('',*,*,#10327,.F.);
#10327 = EDGE_CURVE('',#8756,#6519,#10328,.T.);
#10328 = SURFACE_CURVE('',#10329,(#10333,#10340),.PCURVE_S1.);
#10329 = LINE('',#10330,#10331);
#10330 = CARTESIAN_POINT('',(-2.65,5.,-2.6645352591E-15));
#10331 = VECTOR('',#10332,1.);
#10332 = DIRECTION('',(0.,0.,1.));
#10333 = PCURVE('',#6562,#10334);
#10334 = DEFINITIONAL_REPRESENTATION('',(#10335),#10339);
#10335 = LINE('',#10336,#10337);
#10336 = CARTESIAN_POINT('',(2.,0.));
#10337 = VECTOR('',#10338,1.);
#10338 = DIRECTION('',(0.,1.));
#10339 = ( GEOMETRIC_REPRESENTATION_CONTEXT(2) 
PARAMETRIC_REPRESENTATION_CONTEXT() REPRESENTATION_CONTEXT('2D SPACE',''
  ) );
#10340 = PCURVE('',#6534,#10341);
#10341 = DEFINITIONAL_REPRESENTATION('',(#10342),#10346);
#10342 = LINE('',#10343,#10344);
#10343 = CARTESIAN_POINT('',(0.,0.));
#10344 = VECTOR('',#10345,1.);
#10345 = DIRECTION('',(0.,1.));
#10346 = ( GEOMETRIC_REPRESENTATION_CONTEXT(2) 
PARAMETRIC_REPRESENTATION_CONTEXT() REPRESENTATION_CONTEXT('2D SPACE',''
  ) );
#10347 = ORIENTED_EDGE('',*,*,#8755,.F.);
#10348 = ORIENTED_EDGE('',*,*,#10300,.T.);
#10349 = ADVANCED_FACE('',(#10350),#6534,.F.);
#10350 = FACE_BOUND('',#10351,.T.);
#10351 = EDGE_LOOP('',(#10352,#10353,#10374,#10375));
#10352 = ORIENTED_EDGE('',*,*,#6518,.T.);
#10353 = ORIENTED_EDGE('',*,*,#10354,.F.);
#10354 = EDGE_CURVE('',#8779,#6491,#10355,.T.);
#10355 = SURFACE_CURVE('',#10356,(#10360,#10367),.PCURVE_S1.);
#10356 = LINE('',#10357,#10358);
#10357 = CARTESIAN_POINT('',(-4.15,5.,-2.6645352591E-15));
#10358 = VECTOR('',#10359,1.);
#10359 = DIRECTION('',(0.,0.,1.));
#10360 = PCURVE('',#6534,#10361);
#10361 = DEFINITIONAL_REPRESENTATION('',(#10362),#10366);
#10362 = LINE('',#10363,#10364);
#10363 = CARTESIAN_POINT('',(1.5,0.));
#10364 = VECTOR('',#10365,1.);
#10365 = DIRECTION('',(0.,1.));
#10366 = ( GEOMETRIC_REPRESENTATION_CONTEXT(2) 
PARAMETRIC_REPRESENTATION_CONTEXT() REPRESENTATION_CONTEXT('2D SPACE',''
  ) );
#10367 = PCURVE('',#6506,#10368);
#10368 = DEFINITIONAL_REPRESENTATION('',(#10369),#10373);
#10369 = LINE('',#10370,#10371);
#10370 = CARTESIAN_POINT('',(2.65,-8.881784197001E-16));
#10371 = VECTOR('',#10372,1.);
#10372 = DIRECTION('',(0.,1.));
#10373 = ( GEOMETRIC_REPRESENTATION_CONTEXT(2) 
PARAMETRIC_REPRESENTATION_CONTEXT() REPRESENTATION_CONTEXT('2D SPACE',''
  ) );
#10374 = ORIENTED_EDGE('',*,*,#8778,.F.);
#10375 = ORIENTED_EDGE('',*,*,#10327,.T.);
#10376 = ADVANCED_FACE('',(#10377),#6506,.T.);
#10377 = FACE_BOUND('',#10378,.T.);
#10378 = EDGE_LOOP('',(#10379,#10380,#10381,#10382,#10383,#10404));
#10379 = ORIENTED_EDGE('',*,*,#8537,.F.);
#10380 = ORIENTED_EDGE('',*,*,#8801,.F.);
#10381 = ORIENTED_EDGE('',*,*,#10354,.T.);
#10382 = ORIENTED_EDGE('',*,*,#6490,.F.);
#10383 = ORIENTED_EDGE('',*,*,#10384,.F.);
#10384 = EDGE_CURVE('',#8437,#6463,#10385,.T.);
#10385 = SURFACE_CURVE('',#10386,(#10390,#10397),.PCURVE_S1.);
#10386 = LINE('',#10387,#10388);
#10387 = CARTESIAN_POINT('',(-4.15,2.3,0.3));
#10388 = VECTOR('',#10389,1.);
#10389 = DIRECTION('',(0.,-0.,-1.));
#10390 = PCURVE('',#6506,#10391);
#10391 = DEFINITIONAL_REPRESENTATION('',(#10392),#10396);
#10392 = LINE('',#10393,#10394);
#10393 = CARTESIAN_POINT('',(5.35,0.3));
#10394 = VECTOR('',#10395,1.);
#10395 = DIRECTION('',(0.,-1.));
#10396 = ( GEOMETRIC_REPRESENTATION_CONTEXT(2) 
PARAMETRIC_REPRESENTATION_CONTEXT() REPRESENTATION_CONTEXT('2D SPACE',''
  ) );
#10397 = PCURVE('',#6478,#10398);
#10398 = DEFINITIONAL_REPRESENTATION('',(#10399),#10403);
#10399 = LINE('',#10400,#10401);
#10400 = CARTESIAN_POINT('',(-14.5,-7.1));
#10401 = VECTOR('',#10402,1.);
#10402 = DIRECTION('',(0.,-1.));
#10403 = ( GEOMETRIC_REPRESENTATION_CONTEXT(2) 
PARAMETRIC_REPRESENTATION_CONTEXT() REPRESENTATION_CONTEXT('2D SPACE',''
  ) );
#10404 = ORIENTED_EDGE('',*,*,#8436,.T.);
#10405 = ADVANCED_FACE('',(#10406,#10578),#6478,.T.);
#10406 = FACE_BOUND('',#10407,.T.);
#10407 = EDGE_LOOP('',(#10408,#10438,#10466,#10494,#10523,#10551));
#10408 = ORIENTED_EDGE('',*,*,#10409,.F.);
#10409 = EDGE_CURVE('',#10410,#10412,#10414,.T.);
#10410 = VERTEX_POINT('',#10411);
#10411 = CARTESIAN_POINT('',(11.25,2.3,0.4));
#10412 = VERTEX_POINT('',#10413);
#10413 = CARTESIAN_POINT('',(11.25,2.3,7.4));
#10414 = SURFACE_CURVE('',#10415,(#10419,#10426),.PCURVE_S1.);
#10415 = LINE('',#10416,#10417);
#10416 = CARTESIAN_POINT('',(11.25,2.3,7.4));
#10417 = VECTOR('',#10418,1.);
#10418 = DIRECTION('',(-1.239088197126E-16,0.,1.));
#10419 = PCURVE('',#6478,#10420);
#10420 = DEFINITIONAL_REPRESENTATION('',(#10421),#10425);
#10421 = LINE('',#10422,#10423);
#10422 = CARTESIAN_POINT('',(0.9,0.));
#10423 = VECTOR('',#10424,1.);
#10424 = DIRECTION('',(-1.239088197126E-16,1.));
#10425 = ( GEOMETRIC_REPRESENTATION_CONTEXT(2) 
PARAMETRIC_REPRESENTATION_CONTEXT() REPRESENTATION_CONTEXT('2D SPACE',''
  ) );
#10426 = PCURVE('',#10427,#10432);
#10427 = PLANE('',#10428);
#10428 = AXIS2_PLACEMENT_3D('',#10429,#10430,#10431);
#10429 = CARTESIAN_POINT('',(11.25,2.3,7.4));
#10430 = DIRECTION('',(1.,0.,1.239088197126E-16));
#10431 = DIRECTION('',(1.239088197126E-16,0.,-1.));
#10432 = DEFINITIONAL_REPRESENTATION('',(#10433),#10437);
#10433 = LINE('',#10434,#10435);
#10434 = CARTESIAN_POINT('',(0.,0.));
#10435 = VECTOR('',#10436,1.);
#10436 = DIRECTION('',(-1.,0.));
#10437 = ( GEOMETRIC_REPRESENTATION_CONTEXT(2) 
PARAMETRIC_REPRESENTATION_CONTEXT() REPRESENTATION_CONTEXT('2D SPACE',''
  ) );
#10438 = ORIENTED_EDGE('',*,*,#10439,.F.);
#10439 = EDGE_CURVE('',#10440,#10410,#10442,.T.);
#10440 = VERTEX_POINT('',#10441);
#10441 = CARTESIAN_POINT('',(-4.05,2.3,0.4));
#10442 = SURFACE_CURVE('',#10443,(#10447,#10454),.PCURVE_S1.);
#10443 = LINE('',#10444,#10445);
#10444 = CARTESIAN_POINT('',(11.25,2.3,0.4));
#10445 = VECTOR('',#10446,1.);
#10446 = DIRECTION('',(1.,0.,1.417257741811E-16));
#10447 = PCURVE('',#6478,#10448);
#10448 = DEFINITIONAL_REPRESENTATION('',(#10449),#10453);
#10449 = LINE('',#10450,#10451);
#10450 = CARTESIAN_POINT('',(0.9,-7.));
#10451 = VECTOR('',#10452,1.);
#10452 = DIRECTION('',(1.,1.417257741811E-16));
#10453 = ( GEOMETRIC_REPRESENTATION_CONTEXT(2) 
PARAMETRIC_REPRESENTATION_CONTEXT() REPRESENTATION_CONTEXT('2D SPACE',''
  ) );
#10454 = PCURVE('',#10455,#10460);
#10455 = PLANE('',#10456);
#10456 = AXIS2_PLACEMENT_3D('',#10457,#10458,#10459);
#10457 = CARTESIAN_POINT('',(11.25,2.3,0.4));
#10458 = DIRECTION('',(1.417257741811E-16,0.,-1.));
#10459 = DIRECTION('',(-1.,0.,-1.417257741811E-16));
#10460 = DEFINITIONAL_REPRESENTATION('',(#10461),#10465);
#10461 = LINE('',#10462,#10463);
#10462 = CARTESIAN_POINT('',(0.,0.));
#10463 = VECTOR('',#10464,1.);
#10464 = DIRECTION('',(-1.,0.));
#10465 = ( GEOMETRIC_REPRESENTATION_CONTEXT(2) 
PARAMETRIC_REPRESENTATION_CONTEXT() REPRESENTATION_CONTEXT('2D SPACE',''
  ) );
#10466 = ORIENTED_EDGE('',*,*,#10467,.F.);
#10467 = EDGE_CURVE('',#10468,#10440,#10470,.T.);
#10468 = VERTEX_POINT('',#10469);
#10469 = CARTESIAN_POINT('',(-4.05,2.3,7.4));
#10470 = SURFACE_CURVE('',#10471,(#10475,#10482),.PCURVE_S1.);
#10471 = LINE('',#10472,#10473);
#10472 = CARTESIAN_POINT('',(-4.05,2.3,0.4));
#10473 = VECTOR('',#10474,1.);
#10474 = DIRECTION('',(-1.239088197126E-16,0.,-1.));
#10475 = PCURVE('',#6478,#10476);
#10476 = DEFINITIONAL_REPRESENTATION('',(#10477),#10481);
#10477 = LINE('',#10478,#10479);
#10478 = CARTESIAN_POINT('',(-14.4,-7.));
#10479 = VECTOR('',#10480,1.);
#10480 = DIRECTION('',(-1.239088197126E-16,-1.));
#10481 = ( GEOMETRIC_REPRESENTATION_CONTEXT(2) 
PARAMETRIC_REPRESENTATION_CONTEXT() REPRESENTATION_CONTEXT('2D SPACE',''
  ) );
#10482 = PCURVE('',#10483,#10488);
#10483 = PLANE('',#10484);
#10484 = AXIS2_PLACEMENT_3D('',#10485,#10486,#10487);
#10485 = CARTESIAN_POINT('',(-4.05,2.3,0.4));
#10486 = DIRECTION('',(-1.,0.,1.239088197126E-16));
#10487 = DIRECTION('',(1.239088197126E-16,0.,1.));
#10488 = DEFINITIONAL_REPRESENTATION('',(#10489),#10493);
#10489 = LINE('',#10490,#10491);
#10490 = CARTESIAN_POINT('',(0.,0.));
#10491 = VECTOR('',#10492,1.);
#10492 = DIRECTION('',(-1.,0.));
#10493 = ( GEOMETRIC_REPRESENTATION_CONTEXT(2) 
PARAMETRIC_REPRESENTATION_CONTEXT() REPRESENTATION_CONTEXT('2D SPACE',''
  ) );
#10494 = ORIENTED_EDGE('',*,*,#10495,.F.);
#10495 = EDGE_CURVE('',#10496,#10468,#10498,.T.);
#10496 = VERTEX_POINT('',#10497);
#10497 = CARTESIAN_POINT('',(-3.15,2.3,8.3));
#10498 = SURFACE_CURVE('',#10499,(#10504,#10511),.PCURVE_S1.);
#10499 = CIRCLE('',#10500,0.9);
#10500 = AXIS2_PLACEMENT_3D('',#10501,#10502,#10503);
#10501 = CARTESIAN_POINT('',(-3.15,2.3,7.4));
#10502 = DIRECTION('',(0.,-1.,0.));
#10503 = DIRECTION('',(1.,0.,0.));
#10504 = PCURVE('',#6478,#10505);
#10505 = DEFINITIONAL_REPRESENTATION('',(#10506),#10510);
#10506 = CIRCLE('',#10507,0.9);
#10507 = AXIS2_PLACEMENT_2D('',#10508,#10509);
#10508 = CARTESIAN_POINT('',(-13.5,0.));
#10509 = DIRECTION('',(1.,0.));
#10510 = ( GEOMETRIC_REPRESENTATION_CONTEXT(2) 
PARAMETRIC_REPRESENTATION_CONTEXT() REPRESENTATION_CONTEXT('2D SPACE',''
  ) );
#10511 = PCURVE('',#10512,#10517);
#10512 = CYLINDRICAL_SURFACE('',#10513,0.9);
#10513 = AXIS2_PLACEMENT_3D('',#10514,#10515,#10516);
#10514 = CARTESIAN_POINT('',(-3.15,2.3,7.4));
#10515 = DIRECTION('',(0.,-1.,-0.));
#10516 = DIRECTION('',(1.,0.,0.));
#10517 = DEFINITIONAL_REPRESENTATION('',(#10518),#10522);
#10518 = LINE('',#10519,#10520);
#10519 = CARTESIAN_POINT('',(2.22044604925E-16,0.));
#10520 = VECTOR('',#10521,1.);
#10521 = DIRECTION('',(1.,0.));
#10522 = ( GEOMETRIC_REPRESENTATION_CONTEXT(2) 
PARAMETRIC_REPRESENTATION_CONTEXT() REPRESENTATION_CONTEXT('2D SPACE',''
  ) );
#10523 = ORIENTED_EDGE('',*,*,#10524,.F.);
#10524 = EDGE_CURVE('',#10525,#10496,#10527,.T.);
#10525 = VERTEX_POINT('',#10526);
#10526 = CARTESIAN_POINT('',(10.35,2.3,8.3));
#10527 = SURFACE_CURVE('',#10528,(#10532,#10539),.PCURVE_S1.);
#10528 = LINE('',#10529,#10530);
#10529 = CARTESIAN_POINT('',(-3.15,2.3,8.3));
#10530 = VECTOR('',#10531,1.);
#10531 = DIRECTION('',(-1.,0.,-6.424901762877E-17));
#10532 = PCURVE('',#6478,#10533);
#10533 = DEFINITIONAL_REPRESENTATION('',(#10534),#10538);
#10534 = LINE('',#10535,#10536);
#10535 = CARTESIAN_POINT('',(-13.5,0.9));
#10536 = VECTOR('',#10537,1.);
#10537 = DIRECTION('',(-1.,-6.424901762877E-17));
#10538 = ( GEOMETRIC_REPRESENTATION_CONTEXT(2) 
PARAMETRIC_REPRESENTATION_CONTEXT() REPRESENTATION_CONTEXT('2D SPACE',''
  ) );
#10539 = PCURVE('',#10540,#10545);
#10540 = PLANE('',#10541);
#10541 = AXIS2_PLACEMENT_3D('',#10542,#10543,#10544);
#10542 = CARTESIAN_POINT('',(-3.15,2.3,8.3));
#10543 = DIRECTION('',(-6.424901762877E-17,0.,1.));
#10544 = DIRECTION('',(1.,0.,6.424901762877E-17));
#10545 = DEFINITIONAL_REPRESENTATION('',(#10546),#10550);
#10546 = LINE('',#10547,#10548);
#10547 = CARTESIAN_POINT('',(0.,0.));
#10548 = VECTOR('',#10549,1.);
#10549 = DIRECTION('',(-1.,0.));
#10550 = ( GEOMETRIC_REPRESENTATION_CONTEXT(2) 
PARAMETRIC_REPRESENTATION_CONTEXT() REPRESENTATION_CONTEXT('2D SPACE',''
  ) );
#10551 = ORIENTED_EDGE('',*,*,#10552,.F.);
#10552 = EDGE_CURVE('',#10412,#10525,#10553,.T.);
#10553 = SURFACE_CURVE('',#10554,(#10559,#10566),.PCURVE_S1.);
#10554 = CIRCLE('',#10555,0.9);
#10555 = AXIS2_PLACEMENT_3D('',#10556,#10557,#10558);
#10556 = CARTESIAN_POINT('',(10.35,2.3,7.4));
#10557 = DIRECTION('',(0.,-1.,0.));
#10558 = DIRECTION('',(1.,0.,0.));
#10559 = PCURVE('',#6478,#10560);
#10560 = DEFINITIONAL_REPRESENTATION('',(#10561),#10565);
#10561 = CIRCLE('',#10562,0.9);
#10562 = AXIS2_PLACEMENT_2D('',#10563,#10564);
#10563 = CARTESIAN_POINT('',(0.,0.));
#10564 = DIRECTION('',(1.,0.));
#10565 = ( GEOMETRIC_REPRESENTATION_CONTEXT(2) 
PARAMETRIC_REPRESENTATION_CONTEXT() REPRESENTATION_CONTEXT('2D SPACE',''
  ) );
#10566 = PCURVE('',#10567,#10572);
#10567 = CYLINDRICAL_SURFACE('',#10568,0.9);
#10568 = AXIS2_PLACEMENT_3D('',#10569,#10570,#10571);
#10569 = CARTESIAN_POINT('',(10.35,2.3,7.4));
#10570 = DIRECTION('',(0.,-1.,-0.));
#10571 = DIRECTION('',(1.,0.,0.));
#10572 = DEFINITIONAL_REPRESENTATION('',(#10573),#10577);
#10573 = LINE('',#10574,#10575);
#10574 = CARTESIAN_POINT('',(0.,0.));
#10575 = VECTOR('',#10576,1.);
#10576 = DIRECTION('',(1.,0.));
#10577 = ( GEOMETRIC_REPRESENTATION_CONTEXT(2) 
PARAMETRIC_REPRESENTATION_CONTEXT() REPRESENTATION_CONTEXT('2D SPACE',''
  ) );
#10578 = FACE_BOUND('',#10579,.T.);
#10579 = EDGE_LOOP('',(#10580,#10581,#10582,#10583,#10584,#10585));
#10580 = ORIENTED_EDGE('',*,*,#7953,.T.);
#10581 = ORIENTED_EDGE('',*,*,#8322,.T.);
#10582 = ORIENTED_EDGE('',*,*,#8459,.T.);
#10583 = ORIENTED_EDGE('',*,*,#10384,.T.);
#10584 = ORIENTED_EDGE('',*,*,#6462,.T.);
#10585 = ORIENTED_EDGE('',*,*,#10586,.T.);
#10586 = EDGE_CURVE('',#6435,#7954,#10587,.T.);
#10587 = SURFACE_CURVE('',#10588,(#10592,#10599),.PCURVE_S1.);
#10588 = LINE('',#10589,#10590);
#10589 = CARTESIAN_POINT('',(11.35,2.3,7.4));
#10590 = VECTOR('',#10591,1.);
#10591 = DIRECTION('',(0.,0.,1.));
#10592 = PCURVE('',#6478,#10593);
#10593 = DEFINITIONAL_REPRESENTATION('',(#10594),#10598);
#10594 = LINE('',#10595,#10596);
#10595 = CARTESIAN_POINT('',(1.,0.));
#10596 = VECTOR('',#10597,1.);
#10597 = DIRECTION('',(0.,1.));
#10598 = ( GEOMETRIC_REPRESENTATION_CONTEXT(2) 
PARAMETRIC_REPRESENTATION_CONTEXT() REPRESENTATION_CONTEXT('2D SPACE',''
  ) );
#10599 = PCURVE('',#6450,#10600);
#10600 = DEFINITIONAL_REPRESENTATION('',(#10601),#10605);
#10601 = LINE('',#10602,#10603);
#10602 = CARTESIAN_POINT('',(-5.35,7.4));
#10603 = VECTOR('',#10604,1.);
#10604 = DIRECTION('',(0.,1.));
#10605 = ( GEOMETRIC_REPRESENTATION_CONTEXT(2) 
PARAMETRIC_REPRESENTATION_CONTEXT() REPRESENTATION_CONTEXT('2D SPACE',''
  ) );
#10606 = ADVANCED_FACE('',(#10607),#10567,.T.);
#10607 = FACE_BOUND('',#10608,.T.);
#10608 = EDGE_LOOP('',(#10609,#10640,#10661,#10662));
#10609 = ORIENTED_EDGE('',*,*,#10610,.F.);
#10610 = EDGE_CURVE('',#10611,#10613,#10615,.T.);
#10611 = VERTEX_POINT('',#10612);
#10612 = CARTESIAN_POINT('',(11.25,2.25,7.4));
#10613 = VERTEX_POINT('',#10614);
#10614 = CARTESIAN_POINT('',(10.35,2.25,8.3));
#10615 = SURFACE_CURVE('',#10616,(#10621,#10628),.PCURVE_S1.);
#10616 = CIRCLE('',#10617,0.9);
#10617 = AXIS2_PLACEMENT_3D('',#10618,#10619,#10620);
#10618 = CARTESIAN_POINT('',(10.35,2.25,7.4));
#10619 = DIRECTION('',(0.,-1.,0.));
#10620 = DIRECTION('',(1.,0.,0.));
#10621 = PCURVE('',#10567,#10622);
#10622 = DEFINITIONAL_REPRESENTATION('',(#10623),#10627);
#10623 = LINE('',#10624,#10625);
#10624 = CARTESIAN_POINT('',(0.,5.E-02));
#10625 = VECTOR('',#10626,1.);
#10626 = DIRECTION('',(1.,0.));
#10627 = ( GEOMETRIC_REPRESENTATION_CONTEXT(2) 
PARAMETRIC_REPRESENTATION_CONTEXT() REPRESENTATION_CONTEXT('2D SPACE',''
  ) );
#10628 = PCURVE('',#10629,#10634);
#10629 = PLANE('',#10630);
#10630 = AXIS2_PLACEMENT_3D('',#10631,#10632,#10633);
#10631 = CARTESIAN_POINT('',(10.35,2.25,7.4));
#10632 = DIRECTION('',(0.,-1.,0.));
#10633 = DIRECTION('',(1.,0.,0.));
#10634 = DEFINITIONAL_REPRESENTATION('',(#10635),#10639);
#10635 = CIRCLE('',#10636,0.9);
#10636 = AXIS2_PLACEMENT_2D('',#10637,#10638);
#10637 = CARTESIAN_POINT('',(0.,0.));
#10638 = DIRECTION('',(1.,0.));
#10639 = ( GEOMETRIC_REPRESENTATION_CONTEXT(2) 
PARAMETRIC_REPRESENTATION_CONTEXT() REPRESENTATION_CONTEXT('2D SPACE',''
  ) );
#10640 = ORIENTED_EDGE('',*,*,#10641,.F.);
#10641 = EDGE_CURVE('',#10412,#10611,#10642,.T.);
#10642 = SURFACE_CURVE('',#10643,(#10647,#10654),.PCURVE_S1.);
#10643 = LINE('',#10644,#10645);
#10644 = CARTESIAN_POINT('',(11.25,2.3,7.4));
#10645 = VECTOR('',#10646,1.);
#10646 = DIRECTION('',(0.,-1.,-0.));
#10647 = PCURVE('',#10567,#10648);
#10648 = DEFINITIONAL_REPRESENTATION('',(#10649),#10653);
#10649 = LINE('',#10650,#10651);
#10650 = CARTESIAN_POINT('',(0.,0.));
#10651 = VECTOR('',#10652,1.);
#10652 = DIRECTION('',(0.,1.));
#10653 = ( GEOMETRIC_REPRESENTATION_CONTEXT(2) 
PARAMETRIC_REPRESENTATION_CONTEXT() REPRESENTATION_CONTEXT('2D SPACE',''
  ) );
#10654 = PCURVE('',#10427,#10655);
#10655 = DEFINITIONAL_REPRESENTATION('',(#10656),#10660);
#10656 = LINE('',#10657,#10658);
#10657 = CARTESIAN_POINT('',(0.,0.));
#10658 = VECTOR('',#10659,1.);
#10659 = DIRECTION('',(0.,-1.));
#10660 = ( GEOMETRIC_REPRESENTATION_CONTEXT(2) 
PARAMETRIC_REPRESENTATION_CONTEXT() REPRESENTATION_CONTEXT('2D SPACE',''
  ) );
#10661 = ORIENTED_EDGE('',*,*,#10552,.T.);
#10662 = ORIENTED_EDGE('',*,*,#10663,.T.);
#10663 = EDGE_CURVE('',#10525,#10613,#10664,.T.);
#10664 = SURFACE_CURVE('',#10665,(#10669,#10676),.PCURVE_S1.);
#10665 = LINE('',#10666,#10667);
#10666 = CARTESIAN_POINT('',(10.35,2.3,8.3));
#10667 = VECTOR('',#10668,1.);
#10668 = DIRECTION('',(0.,-1.,-0.));
#10669 = PCURVE('',#10567,#10670);
#10670 = DEFINITIONAL_REPRESENTATION('',(#10671),#10675);
#10671 = LINE('',#10672,#10673);
#10672 = CARTESIAN_POINT('',(1.570796326795,0.));
#10673 = VECTOR('',#10674,1.);
#10674 = DIRECTION('',(0.,1.));
#10675 = ( GEOMETRIC_REPRESENTATION_CONTEXT(2) 
PARAMETRIC_REPRESENTATION_CONTEXT() REPRESENTATION_CONTEXT('2D SPACE',''
  ) );
#10676 = PCURVE('',#10540,#10677);
#10677 = DEFINITIONAL_REPRESENTATION('',(#10678),#10682);
#10678 = LINE('',#10679,#10680);
#10679 = CARTESIAN_POINT('',(13.5,0.));
#10680 = VECTOR('',#10681,1.);
#10681 = DIRECTION('',(0.,-1.));
#10682 = ( GEOMETRIC_REPRESENTATION_CONTEXT(2) 
PARAMETRIC_REPRESENTATION_CONTEXT() REPRESENTATION_CONTEXT('2D SPACE',''
  ) );
#10683 = ADVANCED_FACE('',(#10684,#10801),#10629,.F.);
#10684 = FACE_BOUND('',#10685,.T.);
#10685 = EDGE_LOOP('',(#10686,#10687,#10710,#10734,#10757,#10780));
#10686 = ORIENTED_EDGE('',*,*,#10610,.T.);
#10687 = ORIENTED_EDGE('',*,*,#10688,.T.);
#10688 = EDGE_CURVE('',#10613,#10689,#10691,.T.);
#10689 = VERTEX_POINT('',#10690);
#10690 = CARTESIAN_POINT('',(-3.15,2.25,8.3));
#10691 = SURFACE_CURVE('',#10692,(#10696,#10703),.PCURVE_S1.);
#10692 = LINE('',#10693,#10694);
#10693 = CARTESIAN_POINT('',(-3.15,2.25,8.3));
#10694 = VECTOR('',#10695,1.);
#10695 = DIRECTION('',(-1.,0.,-6.424901762877E-17));
#10696 = PCURVE('',#10629,#10697);
#10697 = DEFINITIONAL_REPRESENTATION('',(#10698),#10702);
#10698 = LINE('',#10699,#10700);
#10699 = CARTESIAN_POINT('',(-13.5,0.9));
#10700 = VECTOR('',#10701,1.);
#10701 = DIRECTION('',(-1.,-6.424901762877E-17));
#10702 = ( GEOMETRIC_REPRESENTATION_CONTEXT(2) 
PARAMETRIC_REPRESENTATION_CONTEXT() REPRESENTATION_CONTEXT('2D SPACE',''
  ) );
#10703 = PCURVE('',#10540,#10704);
#10704 = DEFINITIONAL_REPRESENTATION('',(#10705),#10709);
#10705 = LINE('',#10706,#10707);
#10706 = CARTESIAN_POINT('',(0.,-5.E-02));
#10707 = VECTOR('',#10708,1.);
#10708 = DIRECTION('',(-1.,0.));
#10709 = ( GEOMETRIC_REPRESENTATION_CONTEXT(2) 
PARAMETRIC_REPRESENTATION_CONTEXT() REPRESENTATION_CONTEXT('2D SPACE',''
  ) );
#10710 = ORIENTED_EDGE('',*,*,#10711,.T.);
#10711 = EDGE_CURVE('',#10689,#10712,#10714,.T.);
#10712 = VERTEX_POINT('',#10713);
#10713 = CARTESIAN_POINT('',(-4.05,2.25,7.4));
#10714 = SURFACE_CURVE('',#10715,(#10720,#10727),.PCURVE_S1.);
#10715 = CIRCLE('',#10716,0.9);
#10716 = AXIS2_PLACEMENT_3D('',#10717,#10718,#10719);
#10717 = CARTESIAN_POINT('',(-3.15,2.25,7.4));
#10718 = DIRECTION('',(0.,-1.,0.));
#10719 = DIRECTION('',(1.,0.,0.));
#10720 = PCURVE('',#10629,#10721);
#10721 = DEFINITIONAL_REPRESENTATION('',(#10722),#10726);
#10722 = CIRCLE('',#10723,0.9);
#10723 = AXIS2_PLACEMENT_2D('',#10724,#10725);
#10724 = CARTESIAN_POINT('',(-13.5,0.));
#10725 = DIRECTION('',(1.,0.));
#10726 = ( GEOMETRIC_REPRESENTATION_CONTEXT(2) 
PARAMETRIC_REPRESENTATION_CONTEXT() REPRESENTATION_CONTEXT('2D SPACE',''
  ) );
#10727 = PCURVE('',#10512,#10728);
#10728 = DEFINITIONAL_REPRESENTATION('',(#10729),#10733);
#10729 = LINE('',#10730,#10731);
#10730 = CARTESIAN_POINT('',(0.,5.E-02));
#10731 = VECTOR('',#10732,1.);
#10732 = DIRECTION('',(1.,0.));
#10733 = ( GEOMETRIC_REPRESENTATION_CONTEXT(2) 
PARAMETRIC_REPRESENTATION_CONTEXT() REPRESENTATION_CONTEXT('2D SPACE',''
  ) );
#10734 = ORIENTED_EDGE('',*,*,#10735,.T.);
#10735 = EDGE_CURVE('',#10712,#10736,#10738,.T.);
#10736 = VERTEX_POINT('',#10737);
#10737 = CARTESIAN_POINT('',(-4.05,2.25,0.4));
#10738 = SURFACE_CURVE('',#10739,(#10743,#10750),.PCURVE_S1.);
#10739 = LINE('',#10740,#10741);
#10740 = CARTESIAN_POINT('',(-4.05,2.25,0.4));
#10741 = VECTOR('',#10742,1.);
#10742 = DIRECTION('',(-1.239088197126E-16,0.,-1.));
#10743 = PCURVE('',#10629,#10744);
#10744 = DEFINITIONAL_REPRESENTATION('',(#10745),#10749);
#10745 = LINE('',#10746,#10747);
#10746 = CARTESIAN_POINT('',(-14.4,-7.));
#10747 = VECTOR('',#10748,1.);
#10748 = DIRECTION('',(-1.239088197126E-16,-1.));
#10749 = ( GEOMETRIC_REPRESENTATION_CONTEXT(2) 
PARAMETRIC_REPRESENTATION_CONTEXT() REPRESENTATION_CONTEXT('2D SPACE',''
  ) );
#10750 = PCURVE('',#10483,#10751);
#10751 = DEFINITIONAL_REPRESENTATION('',(#10752),#10756);
#10752 = LINE('',#10753,#10754);
#10753 = CARTESIAN_POINT('',(0.,-5.E-02));
#10754 = VECTOR('',#10755,1.);
#10755 = DIRECTION('',(-1.,0.));
#10756 = ( GEOMETRIC_REPRESENTATION_CONTEXT(2) 
PARAMETRIC_REPRESENTATION_CONTEXT() REPRESENTATION_CONTEXT('2D SPACE',''
  ) );
#10757 = ORIENTED_EDGE('',*,*,#10758,.T.);
#10758 = EDGE_CURVE('',#10736,#10759,#10761,.T.);
#10759 = VERTEX_POINT('',#10760);
#10760 = CARTESIAN_POINT('',(11.25,2.25,0.4));
#10761 = SURFACE_CURVE('',#10762,(#10766,#10773),.PCURVE_S1.);
#10762 = LINE('',#10763,#10764);
#10763 = CARTESIAN_POINT('',(11.25,2.25,0.4));
#10764 = VECTOR('',#10765,1.);
#10765 = DIRECTION('',(1.,0.,1.417257741811E-16));
#10766 = PCURVE('',#10629,#10767);
#10767 = DEFINITIONAL_REPRESENTATION('',(#10768),#10772);
#10768 = LINE('',#10769,#10770);
#10769 = CARTESIAN_POINT('',(0.9,-7.));
#10770 = VECTOR('',#10771,1.);
#10771 = DIRECTION('',(1.,1.417257741811E-16));
#10772 = ( GEOMETRIC_REPRESENTATION_CONTEXT(2) 
PARAMETRIC_REPRESENTATION_CONTEXT() REPRESENTATION_CONTEXT('2D SPACE',''
  ) );
#10773 = PCURVE('',#10455,#10774);
#10774 = DEFINITIONAL_REPRESENTATION('',(#10775),#10779);
#10775 = LINE('',#10776,#10777);
#10776 = CARTESIAN_POINT('',(-0.,-5.E-02));
#10777 = VECTOR('',#10778,1.);
#10778 = DIRECTION('',(-1.,0.));
#10779 = ( GEOMETRIC_REPRESENTATION_CONTEXT(2) 
PARAMETRIC_REPRESENTATION_CONTEXT() REPRESENTATION_CONTEXT('2D SPACE',''
  ) );
#10780 = ORIENTED_EDGE('',*,*,#10781,.T.);
#10781 = EDGE_CURVE('',#10759,#10611,#10782,.T.);
#10782 = SURFACE_CURVE('',#10783,(#10787,#10794),.PCURVE_S1.);
#10783 = LINE('',#10784,#10785);
#10784 = CARTESIAN_POINT('',(11.25,2.25,7.4));
#10785 = VECTOR('',#10786,1.);
#10786 = DIRECTION('',(-1.239088197126E-16,0.,1.));
#10787 = PCURVE('',#10629,#10788);
#10788 = DEFINITIONAL_REPRESENTATION('',(#10789),#10793);
#10789 = LINE('',#10790,#10791);
#10790 = CARTESIAN_POINT('',(0.9,0.));
#10791 = VECTOR('',#10792,1.);
#10792 = DIRECTION('',(-1.239088197126E-16,1.));
#10793 = ( GEOMETRIC_REPRESENTATION_CONTEXT(2) 
PARAMETRIC_REPRESENTATION_CONTEXT() REPRESENTATION_CONTEXT('2D SPACE',''
  ) );
#10794 = PCURVE('',#10427,#10795);
#10795 = DEFINITIONAL_REPRESENTATION('',(#10796),#10800);
#10796 = LINE('',#10797,#10798);
#10797 = CARTESIAN_POINT('',(0.,-5.E-02));
#10798 = VECTOR('',#10799,1.);
#10799 = DIRECTION('',(-1.,0.));
#10800 = ( GEOMETRIC_REPRESENTATION_CONTEXT(2) 
PARAMETRIC_REPRESENTATION_CONTEXT() REPRESENTATION_CONTEXT('2D SPACE',''
  ) );
#10801 = FACE_BOUND('',#10802,.T.);
#10802 = EDGE_LOOP('',(#10803,#10834,#10862,#10890,#10918,#10946,#10974,
    #10997,#11025,#11054));
#10803 = ORIENTED_EDGE('',*,*,#10804,.F.);
#10804 = EDGE_CURVE('',#10805,#10807,#10809,.T.);
#10805 = VERTEX_POINT('',#10806);
#10806 = CARTESIAN_POINT('',(11.35,2.25,7.4));
#10807 = VERTEX_POINT('',#10808);
#10808 = CARTESIAN_POINT('',(10.35,2.25,8.4));
#10809 = SURFACE_CURVE('',#10810,(#10815,#10822),.PCURVE_S1.);
#10810 = CIRCLE('',#10811,1.);
#10811 = AXIS2_PLACEMENT_3D('',#10812,#10813,#10814);
#10812 = CARTESIAN_POINT('',(10.35,2.25,7.4));
#10813 = DIRECTION('',(0.,-1.,0.));
#10814 = DIRECTION('',(1.,0.,0.));
#10815 = PCURVE('',#10629,#10816);
#10816 = DEFINITIONAL_REPRESENTATION('',(#10817),#10821);
#10817 = CIRCLE('',#10818,1.);
#10818 = AXIS2_PLACEMENT_2D('',#10819,#10820);
#10819 = CARTESIAN_POINT('',(0.,0.));
#10820 = DIRECTION('',(1.,0.));
#10821 = ( GEOMETRIC_REPRESENTATION_CONTEXT(2) 
PARAMETRIC_REPRESENTATION_CONTEXT() REPRESENTATION_CONTEXT('2D SPACE',''
  ) );
#10822 = PCURVE('',#10823,#10828);
#10823 = CYLINDRICAL_SURFACE('',#10824,1.);
#10824 = AXIS2_PLACEMENT_3D('',#10825,#10826,#10827);
#10825 = CARTESIAN_POINT('',(10.35,-0.256213597756,7.4));
#10826 = DIRECTION('',(0.,1.,0.));
#10827 = DIRECTION('',(-1.,0.,0.));
#10828 = DEFINITIONAL_REPRESENTATION('',(#10829),#10833);
#10829 = LINE('',#10830,#10831);
#10830 = CARTESIAN_POINT('',(3.14159265359,2.506213597756));
#10831 = VECTOR('',#10832,1.);
#10832 = DIRECTION('',(-1.,0.));
#10833 = ( GEOMETRIC_REPRESENTATION_CONTEXT(2) 
PARAMETRIC_REPRESENTATION_CONTEXT() REPRESENTATION_CONTEXT('2D SPACE',''
  ) );
#10834 = ORIENTED_EDGE('',*,*,#10835,.F.);
#10835 = EDGE_CURVE('',#10836,#10805,#10838,.T.);
#10836 = VERTEX_POINT('',#10837);
#10837 = CARTESIAN_POINT('',(11.35,2.25,0.3));
#10838 = SURFACE_CURVE('',#10839,(#10843,#10850),.PCURVE_S1.);
#10839 = LINE('',#10840,#10841);
#10840 = CARTESIAN_POINT('',(11.35,2.25,7.4));
#10841 = VECTOR('',#10842,1.);
#10842 = DIRECTION('',(0.,0.,1.));
#10843 = PCURVE('',#10629,#10844);
#10844 = DEFINITIONAL_REPRESENTATION('',(#10845),#10849);
#10845 = LINE('',#10846,#10847);
#10846 = CARTESIAN_POINT('',(1.,0.));
#10847 = VECTOR('',#10848,1.);
#10848 = DIRECTION('',(0.,1.));
#10849 = ( GEOMETRIC_REPRESENTATION_CONTEXT(2) 
PARAMETRIC_REPRESENTATION_CONTEXT() REPRESENTATION_CONTEXT('2D SPACE',''
  ) );
#10850 = PCURVE('',#10851,#10856);
#10851 = PLANE('',#10852);
#10852 = AXIS2_PLACEMENT_3D('',#10853,#10854,#10855);
#10853 = CARTESIAN_POINT('',(11.35,7.65,-1.7763568394E-15));
#10854 = DIRECTION('',(1.,0.,0.));
#10855 = DIRECTION('',(0.,1.,0.));
#10856 = DEFINITIONAL_REPRESENTATION('',(#10857),#10861);
#10857 = LINE('',#10858,#10859);
#10858 = CARTESIAN_POINT('',(-5.4,7.4));
#10859 = VECTOR('',#10860,1.);
#10860 = DIRECTION('',(0.,1.));
#10861 = ( GEOMETRIC_REPRESENTATION_CONTEXT(2) 
PARAMETRIC_REPRESENTATION_CONTEXT() REPRESENTATION_CONTEXT('2D SPACE',''
  ) );
#10862 = ORIENTED_EDGE('',*,*,#10863,.F.);
#10863 = EDGE_CURVE('',#10864,#10836,#10866,.T.);
#10864 = VERTEX_POINT('',#10865);
#10865 = CARTESIAN_POINT('',(4.6,2.25,0.3));
#10866 = SURFACE_CURVE('',#10867,(#10871,#10878),.PCURVE_S1.);
#10867 = LINE('',#10868,#10869);
#10868 = CARTESIAN_POINT('',(11.35,2.25,0.3));
#10869 = VECTOR('',#10870,1.);
#10870 = DIRECTION('',(1.,-0.,-0.));
#10871 = PCURVE('',#10629,#10872);
#10872 = DEFINITIONAL_REPRESENTATION('',(#10873),#10877);
#10873 = LINE('',#10874,#10875);
#10874 = CARTESIAN_POINT('',(1.,-7.1));
#10875 = VECTOR('',#10876,1.);
#10876 = DIRECTION('',(1.,0.));
#10877 = ( GEOMETRIC_REPRESENTATION_CONTEXT(2) 
PARAMETRIC_REPRESENTATION_CONTEXT() REPRESENTATION_CONTEXT('2D SPACE',''
  ) );
#10878 = PCURVE('',#10879,#10884);
#10879 = PLANE('',#10880);
#10880 = AXIS2_PLACEMENT_3D('',#10881,#10882,#10883);
#10881 = CARTESIAN_POINT('',(10.438960762841,-0.256213597756,0.3));
#10882 = DIRECTION('',(0.,0.,1.));
#10883 = DIRECTION('',(0.,1.,0.));
#10884 = DEFINITIONAL_REPRESENTATION('',(#10885),#10889);
#10885 = LINE('',#10886,#10887);
#10886 = CARTESIAN_POINT('',(2.506213597756,-0.911039237159));
#10887 = VECTOR('',#10888,1.);
#10888 = DIRECTION('',(0.,-1.));
#10889 = ( GEOMETRIC_REPRESENTATION_CONTEXT(2) 
PARAMETRIC_REPRESENTATION_CONTEXT() REPRESENTATION_CONTEXT('2D SPACE',''
  ) );
#10890 = ORIENTED_EDGE('',*,*,#10891,.F.);
#10891 = EDGE_CURVE('',#10892,#10864,#10894,.T.);
#10892 = VERTEX_POINT('',#10893);
#10893 = CARTESIAN_POINT('',(4.6,2.25,-2.6645352591E-15));
#10894 = SURFACE_CURVE('',#10895,(#10899,#10906),.PCURVE_S1.);
#10895 = LINE('',#10896,#10897);
#10896 = CARTESIAN_POINT('',(4.6,2.25,-2.6645352591E-15));
#10897 = VECTOR('',#10898,1.);
#10898 = DIRECTION('',(0.,0.,1.));
#10899 = PCURVE('',#10629,#10900);
#10900 = DEFINITIONAL_REPRESENTATION('',(#10901),#10905);
#10901 = LINE('',#10902,#10903);
#10902 = CARTESIAN_POINT('',(-5.75,-7.4));
#10903 = VECTOR('',#10904,1.);
#10904 = DIRECTION('',(0.,1.));
#10905 = ( GEOMETRIC_REPRESENTATION_CONTEXT(2) 
PARAMETRIC_REPRESENTATION_CONTEXT() REPRESENTATION_CONTEXT('2D SPACE',''
  ) );
#10906 = PCURVE('',#10907,#10912);
#10907 = PLANE('',#10908);
#10908 = AXIS2_PLACEMENT_3D('',#10909,#10910,#10911);
#10909 = CARTESIAN_POINT('',(4.6,0.75,-2.6645352591E-15));
#10910 = DIRECTION('',(-1.,0.,0.));
#10911 = DIRECTION('',(0.,-1.,0.));
#10912 = DEFINITIONAL_REPRESENTATION('',(#10913),#10917);
#10913 = LINE('',#10914,#10915);
#10914 = CARTESIAN_POINT('',(-1.5,0.));
#10915 = VECTOR('',#10916,1.);
#10916 = DIRECTION('',(0.,1.));
#10917 = ( GEOMETRIC_REPRESENTATION_CONTEXT(2) 
PARAMETRIC_REPRESENTATION_CONTEXT() REPRESENTATION_CONTEXT('2D SPACE',''
  ) );
#10918 = ORIENTED_EDGE('',*,*,#10919,.F.);
#10919 = EDGE_CURVE('',#10920,#10892,#10922,.T.);
#10920 = VERTEX_POINT('',#10921);
#10921 = CARTESIAN_POINT('',(2.6,2.25,-2.6645352591E-15));
#10922 = SURFACE_CURVE('',#10923,(#10927,#10934),.PCURVE_S1.);
#10923 = LINE('',#10924,#10925);
#10924 = CARTESIAN_POINT('',(2.6,2.25,-2.6645352591E-15));
#10925 = VECTOR('',#10926,1.);
#10926 = DIRECTION('',(1.,0.,0.));
#10927 = PCURVE('',#10629,#10928);
#10928 = DEFINITIONAL_REPRESENTATION('',(#10929),#10933);
#10929 = LINE('',#10930,#10931);
#10930 = CARTESIAN_POINT('',(-7.75,-7.4));
#10931 = VECTOR('',#10932,1.);
#10932 = DIRECTION('',(1.,0.));
#10933 = ( GEOMETRIC_REPRESENTATION_CONTEXT(2) 
PARAMETRIC_REPRESENTATION_CONTEXT() REPRESENTATION_CONTEXT('2D SPACE',''
  ) );
#10934 = PCURVE('',#10935,#10940);
#10935 = PLANE('',#10936);
#10936 = AXIS2_PLACEMENT_3D('',#10937,#10938,#10939);
#10937 = CARTESIAN_POINT('',(3.6,15.35,-2.6645352591E-15));
#10938 = DIRECTION('',(0.,0.,-1.));
#10939 = DIRECTION('',(-0.,-1.,0.));
#10940 = DEFINITIONAL_REPRESENTATION('',(#10941),#10945);
#10941 = LINE('',#10942,#10943);
#10942 = CARTESIAN_POINT('',(13.1,1.));
#10943 = VECTOR('',#10944,1.);
#10944 = DIRECTION('',(0.,-1.));
#10945 = ( GEOMETRIC_REPRESENTATION_CONTEXT(2) 
PARAMETRIC_REPRESENTATION_CONTEXT() REPRESENTATION_CONTEXT('2D SPACE',''
  ) );
#10946 = ORIENTED_EDGE('',*,*,#10947,.T.);
#10947 = EDGE_CURVE('',#10920,#10948,#10950,.T.);
#10948 = VERTEX_POINT('',#10949);
#10949 = CARTESIAN_POINT('',(2.6,2.25,0.3));
#10950 = SURFACE_CURVE('',#10951,(#10955,#10962),.PCURVE_S1.);
#10951 = LINE('',#10952,#10953);
#10952 = CARTESIAN_POINT('',(2.6,2.25,-2.6645352591E-15));
#10953 = VECTOR('',#10954,1.);
#10954 = DIRECTION('',(0.,0.,1.));
#10955 = PCURVE('',#10629,#10956);
#10956 = DEFINITIONAL_REPRESENTATION('',(#10957),#10961);
#10957 = LINE('',#10958,#10959);
#10958 = CARTESIAN_POINT('',(-7.75,-7.4));
#10959 = VECTOR('',#10960,1.);
#10960 = DIRECTION('',(0.,1.));
#10961 = ( GEOMETRIC_REPRESENTATION_CONTEXT(2) 
PARAMETRIC_REPRESENTATION_CONTEXT() REPRESENTATION_CONTEXT('2D SPACE',''
  ) );
#10962 = PCURVE('',#10963,#10968);
#10963 = PLANE('',#10964);
#10964 = AXIS2_PLACEMENT_3D('',#10965,#10966,#10967);
#10965 = CARTESIAN_POINT('',(2.6,0.75,-2.6645352591E-15));
#10966 = DIRECTION('',(1.,0.,0.));
#10967 = DIRECTION('',(0.,1.,0.));
#10968 = DEFINITIONAL_REPRESENTATION('',(#10969),#10973);
#10969 = LINE('',#10970,#10971);
#10970 = CARTESIAN_POINT('',(1.5,0.));
#10971 = VECTOR('',#10972,1.);
#10972 = DIRECTION('',(0.,1.));
#10973 = ( GEOMETRIC_REPRESENTATION_CONTEXT(2) 
PARAMETRIC_REPRESENTATION_CONTEXT() REPRESENTATION_CONTEXT('2D SPACE',''
  ) );
#10974 = ORIENTED_EDGE('',*,*,#10975,.F.);
#10975 = EDGE_CURVE('',#10976,#10948,#10978,.T.);
#10976 = VERTEX_POINT('',#10977);
#10977 = CARTESIAN_POINT('',(-4.15,2.25,0.3));
#10978 = SURFACE_CURVE('',#10979,(#10983,#10990),.PCURVE_S1.);
#10979 = LINE('',#10980,#10981);
#10980 = CARTESIAN_POINT('',(11.35,2.25,0.3));
#10981 = VECTOR('',#10982,1.);
#10982 = DIRECTION('',(1.,-0.,-0.));
#10983 = PCURVE('',#10629,#10984);
#10984 = DEFINITIONAL_REPRESENTATION('',(#10985),#10989);
#10985 = LINE('',#10986,#10987);
#10986 = CARTESIAN_POINT('',(1.,-7.1));
#10987 = VECTOR('',#10988,1.);
#10988 = DIRECTION('',(1.,0.));
#10989 = ( GEOMETRIC_REPRESENTATION_CONTEXT(2) 
PARAMETRIC_REPRESENTATION_CONTEXT() REPRESENTATION_CONTEXT('2D SPACE',''
  ) );
#10990 = PCURVE('',#10879,#10991);
#10991 = DEFINITIONAL_REPRESENTATION('',(#10992),#10996);
#10992 = LINE('',#10993,#10994);
#10993 = CARTESIAN_POINT('',(2.506213597756,-0.911039237159));
#10994 = VECTOR('',#10995,1.);
#10995 = DIRECTION('',(0.,-1.));
#10996 = ( GEOMETRIC_REPRESENTATION_CONTEXT(2) 
PARAMETRIC_REPRESENTATION_CONTEXT() REPRESENTATION_CONTEXT('2D SPACE',''
  ) );
#10997 = ORIENTED_EDGE('',*,*,#10998,.F.);
#10998 = EDGE_CURVE('',#10999,#10976,#11001,.T.);
#10999 = VERTEX_POINT('',#11000);
#11000 = CARTESIAN_POINT('',(-4.15,2.25,7.4));
#11001 = SURFACE_CURVE('',#11002,(#11006,#11013),.PCURVE_S1.);
#11002 = LINE('',#11003,#11004);
#11003 = CARTESIAN_POINT('',(-4.15,2.25,0.3));
#11004 = VECTOR('',#11005,1.);
#11005 = DIRECTION('',(0.,-0.,-1.));
#11006 = PCURVE('',#10629,#11007);
#11007 = DEFINITIONAL_REPRESENTATION('',(#11008),#11012);
#11008 = LINE('',#11009,#11010);
#11009 = CARTESIAN_POINT('',(-14.5,-7.1));
#11010 = VECTOR('',#11011,1.);
#11011 = DIRECTION('',(0.,-1.));
#11012 = ( GEOMETRIC_REPRESENTATION_CONTEXT(2) 
PARAMETRIC_REPRESENTATION_CONTEXT() REPRESENTATION_CONTEXT('2D SPACE',''
  ) );
#11013 = PCURVE('',#11014,#11019);
#11014 = PLANE('',#11015);
#11015 = AXIS2_PLACEMENT_3D('',#11016,#11017,#11018);
#11016 = CARTESIAN_POINT('',(-4.15,7.65,-1.7763568394E-15));
#11017 = DIRECTION('',(-1.,0.,0.));
#11018 = DIRECTION('',(0.,-1.,0.));
#11019 = DEFINITIONAL_REPRESENTATION('',(#11020),#11024);
#11020 = LINE('',#11021,#11022);
#11021 = CARTESIAN_POINT('',(5.4,0.3));
#11022 = VECTOR('',#11023,1.);
#11023 = DIRECTION('',(0.,-1.));
#11024 = ( GEOMETRIC_REPRESENTATION_CONTEXT(2) 
PARAMETRIC_REPRESENTATION_CONTEXT() REPRESENTATION_CONTEXT('2D SPACE',''
  ) );
#11025 = ORIENTED_EDGE('',*,*,#11026,.F.);
#11026 = EDGE_CURVE('',#11027,#10999,#11029,.T.);
#11027 = VERTEX_POINT('',#11028);
#11028 = CARTESIAN_POINT('',(-3.15,2.25,8.4));
#11029 = SURFACE_CURVE('',#11030,(#11035,#11042),.PCURVE_S1.);
#11030 = CIRCLE('',#11031,1.);
#11031 = AXIS2_PLACEMENT_3D('',#11032,#11033,#11034);
#11032 = CARTESIAN_POINT('',(-3.15,2.25,7.4));
#11033 = DIRECTION('',(0.,-1.,0.));
#11034 = DIRECTION('',(1.,0.,0.));
#11035 = PCURVE('',#10629,#11036);
#11036 = DEFINITIONAL_REPRESENTATION('',(#11037),#11041);
#11037 = CIRCLE('',#11038,1.);
#11038 = AXIS2_PLACEMENT_2D('',#11039,#11040);
#11039 = CARTESIAN_POINT('',(-13.5,0.));
#11040 = DIRECTION('',(1.,0.));
#11041 = ( GEOMETRIC_REPRESENTATION_CONTEXT(2) 
PARAMETRIC_REPRESENTATION_CONTEXT() REPRESENTATION_CONTEXT('2D SPACE',''
  ) );
#11042 = PCURVE('',#11043,#11048);
#11043 = CYLINDRICAL_SURFACE('',#11044,1.);
#11044 = AXIS2_PLACEMENT_3D('',#11045,#11046,#11047);
#11045 = CARTESIAN_POINT('',(-3.15,-0.256213597756,7.4));
#11046 = DIRECTION('',(0.,-1.,0.));
#11047 = DIRECTION('',(1.,0.,0.));
#11048 = DEFINITIONAL_REPRESENTATION('',(#11049),#11053);
#11049 = LINE('',#11050,#11051);
#11050 = CARTESIAN_POINT('',(0.,-2.506213597756));
#11051 = VECTOR('',#11052,1.);
#11052 = DIRECTION('',(1.,0.));
#11053 = ( GEOMETRIC_REPRESENTATION_CONTEXT(2) 
PARAMETRIC_REPRESENTATION_CONTEXT() REPRESENTATION_CONTEXT('2D SPACE',''
  ) );
#11054 = ORIENTED_EDGE('',*,*,#11055,.F.);
#11055 = EDGE_CURVE('',#10807,#11027,#11056,.T.);
#11056 = SURFACE_CURVE('',#11057,(#11061,#11068),.PCURVE_S1.);
#11057 = LINE('',#11058,#11059);
#11058 = CARTESIAN_POINT('',(-3.15,2.25,8.4));
#11059 = VECTOR('',#11060,1.);
#11060 = DIRECTION('',(-1.,0.,0.));
#11061 = PCURVE('',#10629,#11062);
#11062 = DEFINITIONAL_REPRESENTATION('',(#11063),#11067);
#11063 = LINE('',#11064,#11065);
#11064 = CARTESIAN_POINT('',(-13.5,1.));
#11065 = VECTOR('',#11066,1.);
#11066 = DIRECTION('',(-1.,0.));
#11067 = ( GEOMETRIC_REPRESENTATION_CONTEXT(2) 
PARAMETRIC_REPRESENTATION_CONTEXT() REPRESENTATION_CONTEXT('2D SPACE',''
  ) );
#11068 = PCURVE('',#11069,#11074);
#11069 = PLANE('',#11070);
#11070 = AXIS2_PLACEMENT_3D('',#11071,#11072,#11073);
#11071 = CARTESIAN_POINT('',(10.438960762841,-0.256213597756,8.4));
#11072 = DIRECTION('',(0.,0.,1.));
#11073 = DIRECTION('',(0.,1.,0.));
#11074 = DEFINITIONAL_REPRESENTATION('',(#11075),#11079);
#11075 = LINE('',#11076,#11077);
#11076 = CARTESIAN_POINT('',(2.506213597756,13.588960762841));
#11077 = VECTOR('',#11078,1.);
#11078 = DIRECTION('',(0.,1.));
#11079 = ( GEOMETRIC_REPRESENTATION_CONTEXT(2) 
PARAMETRIC_REPRESENTATION_CONTEXT() REPRESENTATION_CONTEXT('2D SPACE',''
  ) );
#11080 = ADVANCED_FACE('',(#11081),#11069,.T.);
#11081 = FACE_BOUND('',#11082,.T.);
#11082 = EDGE_LOOP('',(#11083,#11084,#11107,#11135));
#11083 = ORIENTED_EDGE('',*,*,#11055,.T.);
#11084 = ORIENTED_EDGE('',*,*,#11085,.T.);
#11085 = EDGE_CURVE('',#11027,#11086,#11088,.T.);
#11086 = VERTEX_POINT('',#11087);
#11087 = CARTESIAN_POINT('',(-3.15,1.65,8.4));
#11088 = SURFACE_CURVE('',#11089,(#11093,#11100),.PCURVE_S1.);
#11089 = LINE('',#11090,#11091);
#11090 = CARTESIAN_POINT('',(-3.15,-0.256213597756,8.4));
#11091 = VECTOR('',#11092,1.);
#11092 = DIRECTION('',(0.,-1.,0.));
#11093 = PCURVE('',#11069,#11094);
#11094 = DEFINITIONAL_REPRESENTATION('',(#11095),#11099);
#11095 = LINE('',#11096,#11097);
#11096 = CARTESIAN_POINT('',(0.,13.588960762841));
#11097 = VECTOR('',#11098,1.);
#11098 = DIRECTION('',(-1.,0.));
#11099 = ( GEOMETRIC_REPRESENTATION_CONTEXT(2) 
PARAMETRIC_REPRESENTATION_CONTEXT() REPRESENTATION_CONTEXT('2D SPACE',''
  ) );
#11100 = PCURVE('',#11043,#11101);
#11101 = DEFINITIONAL_REPRESENTATION('',(#11102),#11106);
#11102 = LINE('',#11103,#11104);
#11103 = CARTESIAN_POINT('',(1.570796326795,0.));
#11104 = VECTOR('',#11105,1.);
#11105 = DIRECTION('',(0.,1.));
#11106 = ( GEOMETRIC_REPRESENTATION_CONTEXT(2) 
PARAMETRIC_REPRESENTATION_CONTEXT() REPRESENTATION_CONTEXT('2D SPACE',''
  ) );
#11107 = ORIENTED_EDGE('',*,*,#11108,.T.);
#11108 = EDGE_CURVE('',#11086,#11109,#11111,.T.);
#11109 = VERTEX_POINT('',#11110);
#11110 = CARTESIAN_POINT('',(10.35,1.65,8.4));
#11111 = SURFACE_CURVE('',#11112,(#11116,#11123),.PCURVE_S1.);
#11112 = LINE('',#11113,#11114);
#11113 = CARTESIAN_POINT('',(-4.15,1.65,8.4));
#11114 = VECTOR('',#11115,1.);
#11115 = DIRECTION('',(1.,-8.673617379884E-15,0.));
#11116 = PCURVE('',#11069,#11117);
#11117 = DEFINITIONAL_REPRESENTATION('',(#11118),#11122);
#11118 = LINE('',#11119,#11120);
#11119 = CARTESIAN_POINT('',(1.906213597756,14.588960762841));
#11120 = VECTOR('',#11121,1.);
#11121 = DIRECTION('',(-8.673617379884E-15,-1.));
#11122 = ( GEOMETRIC_REPRESENTATION_CONTEXT(2) 
PARAMETRIC_REPRESENTATION_CONTEXT() REPRESENTATION_CONTEXT('2D SPACE',''
  ) );
#11123 = PCURVE('',#11124,#11129);
#11124 = PLANE('',#11125);
#11125 = AXIS2_PLACEMENT_3D('',#11126,#11127,#11128);
#11126 = CARTESIAN_POINT('',(11.35,1.65,8.4));
#11127 = DIRECTION('',(0.,-1.,0.));
#11128 = DIRECTION('',(1.,0.,0.));
#11129 = DEFINITIONAL_REPRESENTATION('',(#11130),#11134);
#11130 = LINE('',#11131,#11132);
#11131 = CARTESIAN_POINT('',(-15.5,0.));
#11132 = VECTOR('',#11133,1.);
#11133 = DIRECTION('',(1.,0.));
#11134 = ( GEOMETRIC_REPRESENTATION_CONTEXT(2) 
PARAMETRIC_REPRESENTATION_CONTEXT() REPRESENTATION_CONTEXT('2D SPACE',''
  ) );
#11135 = ORIENTED_EDGE('',*,*,#11136,.T.);
#11136 = EDGE_CURVE('',#11109,#10807,#11137,.T.);
#11137 = SURFACE_CURVE('',#11138,(#11142,#11149),.PCURVE_S1.);
#11138 = LINE('',#11139,#11140);
#11139 = CARTESIAN_POINT('',(10.35,-0.256213597756,8.4));
#11140 = VECTOR('',#11141,1.);
#11141 = DIRECTION('',(0.,1.,0.));
#11142 = PCURVE('',#11069,#11143);
#11143 = DEFINITIONAL_REPRESENTATION('',(#11144),#11148);
#11144 = LINE('',#11145,#11146);
#11145 = CARTESIAN_POINT('',(0.,8.896076284075E-02));
#11146 = VECTOR('',#11147,1.);
#11147 = DIRECTION('',(1.,0.));
#11148 = ( GEOMETRIC_REPRESENTATION_CONTEXT(2) 
PARAMETRIC_REPRESENTATION_CONTEXT() REPRESENTATION_CONTEXT('2D SPACE',''
  ) );
#11149 = PCURVE('',#10823,#11150);
#11150 = DEFINITIONAL_REPRESENTATION('',(#11151),#11155);
#11151 = LINE('',#11152,#11153);
#11152 = CARTESIAN_POINT('',(1.570796326795,0.));
#11153 = VECTOR('',#11154,1.);
#11154 = DIRECTION('',(0.,1.));
#11155 = ( GEOMETRIC_REPRESENTATION_CONTEXT(2) 
PARAMETRIC_REPRESENTATION_CONTEXT() REPRESENTATION_CONTEXT('2D SPACE',''
  ) );
#11156 = ADVANCED_FACE('',(#11157),#11124,.T.);
#11157 = FACE_BOUND('',#11158,.T.);
#11158 = EDGE_LOOP('',(#11159,#11184,#11207,#11229,#11230,#11254,#11277,
    #11300,#11333,#11648,#11676,#11991));
#11159 = ORIENTED_EDGE('',*,*,#11160,.F.);
#11160 = EDGE_CURVE('',#11161,#11163,#11165,.T.);
#11161 = VERTEX_POINT('',#11162);
#11162 = CARTESIAN_POINT('',(11.35,1.65,0.3));
#11163 = VERTEX_POINT('',#11164);
#11164 = CARTESIAN_POINT('',(11.15,1.65,0.3));
#11165 = SURFACE_CURVE('',#11166,(#11170,#11177),.PCURVE_S1.);
#11166 = LINE('',#11167,#11168);
#11167 = CARTESIAN_POINT('',(11.35,1.65,0.3));
#11168 = VECTOR('',#11169,1.);
#11169 = DIRECTION('',(-1.,0.,0.));
#11170 = PCURVE('',#11124,#11171);
#11171 = DEFINITIONAL_REPRESENTATION('',(#11172),#11176);
#11172 = LINE('',#11173,#11174);
#11173 = CARTESIAN_POINT('',(0.,-8.1));
#11174 = VECTOR('',#11175,1.);
#11175 = DIRECTION('',(-1.,0.));
#11176 = ( GEOMETRIC_REPRESENTATION_CONTEXT(2) 
PARAMETRIC_REPRESENTATION_CONTEXT() REPRESENTATION_CONTEXT('2D SPACE',''
  ) );
#11177 = PCURVE('',#10879,#11178);
#11178 = DEFINITIONAL_REPRESENTATION('',(#11179),#11183);
#11179 = LINE('',#11180,#11181);
#11180 = CARTESIAN_POINT('',(1.906213597756,-0.911039237159));
#11181 = VECTOR('',#11182,1.);
#11182 = DIRECTION('',(0.,1.));
#11183 = ( GEOMETRIC_REPRESENTATION_CONTEXT(2) 
PARAMETRIC_REPRESENTATION_CONTEXT() REPRESENTATION_CONTEXT('2D SPACE',''
  ) );
#11184 = ORIENTED_EDGE('',*,*,#11185,.T.);
#11185 = EDGE_CURVE('',#11161,#11186,#11188,.T.);
#11186 = VERTEX_POINT('',#11187);
#11187 = CARTESIAN_POINT('',(11.35,1.65,7.4));
#11188 = SURFACE_CURVE('',#11189,(#11193,#11200),.PCURVE_S1.);
#11189 = LINE('',#11190,#11191);
#11190 = CARTESIAN_POINT('',(11.35,1.65,-1.7763568394E-15));
#11191 = VECTOR('',#11192,1.);
#11192 = DIRECTION('',(0.,0.,1.));
#11193 = PCURVE('',#11124,#11194);
#11194 = DEFINITIONAL_REPRESENTATION('',(#11195),#11199);
#11195 = LINE('',#11196,#11197);
#11196 = CARTESIAN_POINT('',(0.,-8.4));
#11197 = VECTOR('',#11198,1.);
#11198 = DIRECTION('',(0.,1.));
#11199 = ( GEOMETRIC_REPRESENTATION_CONTEXT(2) 
PARAMETRIC_REPRESENTATION_CONTEXT() REPRESENTATION_CONTEXT('2D SPACE',''
  ) );
#11200 = PCURVE('',#10851,#11201);
#11201 = DEFINITIONAL_REPRESENTATION('',(#11202),#11206);
#11202 = LINE('',#11203,#11204);
#11203 = CARTESIAN_POINT('',(-6.,0.));
#11204 = VECTOR('',#11205,1.);
#11205 = DIRECTION('',(0.,1.));
#11206 = ( GEOMETRIC_REPRESENTATION_CONTEXT(2) 
PARAMETRIC_REPRESENTATION_CONTEXT() REPRESENTATION_CONTEXT('2D SPACE',''
  ) );
#11207 = ORIENTED_EDGE('',*,*,#11208,.T.);
#11208 = EDGE_CURVE('',#11186,#11109,#11209,.T.);
#11209 = SURFACE_CURVE('',#11210,(#11215,#11222),.PCURVE_S1.);
#11210 = CIRCLE('',#11211,1.);
#11211 = AXIS2_PLACEMENT_3D('',#11212,#11213,#11214);
#11212 = CARTESIAN_POINT('',(10.35,1.65,7.4));
#11213 = DIRECTION('',(0.,-1.,0.));
#11214 = DIRECTION('',(1.,0.,0.));
#11215 = PCURVE('',#11124,#11216);
#11216 = DEFINITIONAL_REPRESENTATION('',(#11217),#11221);
#11217 = CIRCLE('',#11218,1.);
#11218 = AXIS2_PLACEMENT_2D('',#11219,#11220);
#11219 = CARTESIAN_POINT('',(-1.,-1.));
#11220 = DIRECTION('',(1.,0.));
#11221 = ( GEOMETRIC_REPRESENTATION_CONTEXT(2) 
PARAMETRIC_REPRESENTATION_CONTEXT() REPRESENTATION_CONTEXT('2D SPACE',''
  ) );
#11222 = PCURVE('',#10823,#11223);
#11223 = DEFINITIONAL_REPRESENTATION('',(#11224),#11228);
#11224 = LINE('',#11225,#11226);
#11225 = CARTESIAN_POINT('',(3.14159265359,1.906213597756));
#11226 = VECTOR('',#11227,1.);
#11227 = DIRECTION('',(-1.,0.));
#11228 = ( GEOMETRIC_REPRESENTATION_CONTEXT(2) 
PARAMETRIC_REPRESENTATION_CONTEXT() REPRESENTATION_CONTEXT('2D SPACE',''
  ) );
#11229 = ORIENTED_EDGE('',*,*,#11108,.F.);
#11230 = ORIENTED_EDGE('',*,*,#11231,.T.);
#11231 = EDGE_CURVE('',#11086,#11232,#11234,.T.);
#11232 = VERTEX_POINT('',#11233);
#11233 = CARTESIAN_POINT('',(-4.15,1.65,7.4));
#11234 = SURFACE_CURVE('',#11235,(#11240,#11247),.PCURVE_S1.);
#11235 = CIRCLE('',#11236,1.);
#11236 = AXIS2_PLACEMENT_3D('',#11237,#11238,#11239);
#11237 = CARTESIAN_POINT('',(-3.15,1.65,7.4));
#11238 = DIRECTION('',(0.,-1.,0.));
#11239 = DIRECTION('',(1.,0.,0.));
#11240 = PCURVE('',#11124,#11241);
#11241 = DEFINITIONAL_REPRESENTATION('',(#11242),#11246);
#11242 = CIRCLE('',#11243,1.);
#11243 = AXIS2_PLACEMENT_2D('',#11244,#11245);
#11244 = CARTESIAN_POINT('',(-14.5,-1.));
#11245 = DIRECTION('',(1.,0.));
#11246 = ( GEOMETRIC_REPRESENTATION_CONTEXT(2) 
PARAMETRIC_REPRESENTATION_CONTEXT() REPRESENTATION_CONTEXT('2D SPACE',''
  ) );
#11247 = PCURVE('',#11043,#11248);
#11248 = DEFINITIONAL_REPRESENTATION('',(#11249),#11253);
#11249 = LINE('',#11250,#11251);
#11250 = CARTESIAN_POINT('',(0.,-1.906213597756));
#11251 = VECTOR('',#11252,1.);
#11252 = DIRECTION('',(1.,0.));
#11253 = ( GEOMETRIC_REPRESENTATION_CONTEXT(2) 
PARAMETRIC_REPRESENTATION_CONTEXT() REPRESENTATION_CONTEXT('2D SPACE',''
  ) );
#11254 = ORIENTED_EDGE('',*,*,#11255,.F.);
#11255 = EDGE_CURVE('',#11256,#11232,#11258,.T.);
#11256 = VERTEX_POINT('',#11257);
#11257 = CARTESIAN_POINT('',(-4.15,1.65,0.3));
#11258 = SURFACE_CURVE('',#11259,(#11263,#11270),.PCURVE_S1.);
#11259 = LINE('',#11260,#11261);
#11260 = CARTESIAN_POINT('',(-4.15,1.65,-1.7763568394E-15));
#11261 = VECTOR('',#11262,1.);
#11262 = DIRECTION('',(0.,0.,1.));
#11263 = PCURVE('',#11124,#11264);
#11264 = DEFINITIONAL_REPRESENTATION('',(#11265),#11269);
#11265 = LINE('',#11266,#11267);
#11266 = CARTESIAN_POINT('',(-15.5,-8.4));
#11267 = VECTOR('',#11268,1.);
#11268 = DIRECTION('',(0.,1.));
#11269 = ( GEOMETRIC_REPRESENTATION_CONTEXT(2) 
PARAMETRIC_REPRESENTATION_CONTEXT() REPRESENTATION_CONTEXT('2D SPACE',''
  ) );
#11270 = PCURVE('',#11014,#11271);
#11271 = DEFINITIONAL_REPRESENTATION('',(#11272),#11276);
#11272 = LINE('',#11273,#11274);
#11273 = CARTESIAN_POINT('',(6.,0.));
#11274 = VECTOR('',#11275,1.);
#11275 = DIRECTION('',(0.,1.));
#11276 = ( GEOMETRIC_REPRESENTATION_CONTEXT(2) 
PARAMETRIC_REPRESENTATION_CONTEXT() REPRESENTATION_CONTEXT('2D SPACE',''
  ) );
#11277 = ORIENTED_EDGE('',*,*,#11278,.F.);
#11278 = EDGE_CURVE('',#11279,#11256,#11281,.T.);
#11279 = VERTEX_POINT('',#11280);
#11280 = CARTESIAN_POINT('',(-3.95,1.65,0.3));
#11281 = SURFACE_CURVE('',#11282,(#11286,#11293),.PCURVE_S1.);
#11282 = LINE('',#11283,#11284);
#11283 = CARTESIAN_POINT('',(-3.95,1.65,0.3));
#11284 = VECTOR('',#11285,1.);
#11285 = DIRECTION('',(-1.,0.,0.));
#11286 = PCURVE('',#11124,#11287);
#11287 = DEFINITIONAL_REPRESENTATION('',(#11288),#11292);
#11288 = LINE('',#11289,#11290);
#11289 = CARTESIAN_POINT('',(-15.3,-8.1));
#11290 = VECTOR('',#11291,1.);
#11291 = DIRECTION('',(-1.,0.));
#11292 = ( GEOMETRIC_REPRESENTATION_CONTEXT(2) 
PARAMETRIC_REPRESENTATION_CONTEXT() REPRESENTATION_CONTEXT('2D SPACE',''
  ) );
#11293 = PCURVE('',#10879,#11294);
#11294 = DEFINITIONAL_REPRESENTATION('',(#11295),#11299);
#11295 = LINE('',#11296,#11297);
#11296 = CARTESIAN_POINT('',(1.906213597756,14.388960762841));
#11297 = VECTOR('',#11298,1.);
#11298 = DIRECTION('',(0.,1.));
#11299 = ( GEOMETRIC_REPRESENTATION_CONTEXT(2) 
PARAMETRIC_REPRESENTATION_CONTEXT() REPRESENTATION_CONTEXT('2D SPACE',''
  ) );
#11300 = ORIENTED_EDGE('',*,*,#11301,.T.);
#11301 = EDGE_CURVE('',#11279,#11302,#11304,.T.);
#11302 = VERTEX_POINT('',#11303);
#11303 = CARTESIAN_POINT('',(-3.950000016824,1.650000002028,
    7.200292829034));
#11304 = SURFACE_CURVE('',#11305,(#11309,#11316),.PCURVE_S1.);
#11305 = LINE('',#11306,#11307);
#11306 = CARTESIAN_POINT('',(-3.95,1.65,-1.7763568394E-15));
#11307 = VECTOR('',#11308,1.);
#11308 = DIRECTION('',(0.,0.,1.));
#11309 = PCURVE('',#11124,#11310);
#11310 = DEFINITIONAL_REPRESENTATION('',(#11311),#11315);
#11311 = LINE('',#11312,#11313);
#11312 = CARTESIAN_POINT('',(-15.3,-8.4));
#11313 = VECTOR('',#11314,1.);
#11314 = DIRECTION('',(0.,1.));
#11315 = ( GEOMETRIC_REPRESENTATION_CONTEXT(2) 
PARAMETRIC_REPRESENTATION_CONTEXT() REPRESENTATION_CONTEXT('2D SPACE',''
  ) );
#11316 = PCURVE('',#11317,#11328);
#11317 = B_SPLINE_SURFACE_WITH_KNOTS('',3,1,(
    (#11318,#11319)
    ,(#11320,#11321)
    ,(#11322,#11323)
    ,(#11324,#11325)
    ,(#11326,#11327
    )),.UNSPECIFIED.,.F.,.F.,.F.,(4,1,4),(2,2),(0.,0.809705079601,1.),(
    0.,1.),.UNSPECIFIED.);
#11318 = CARTESIAN_POINT('',(-3.95,1.65,0.3));
#11319 = CARTESIAN_POINT('',(-3.95,1.65,7.201035833359));
#11320 = CARTESIAN_POINT('',(-3.95,1.312701483717,0.3));
#11321 = CARTESIAN_POINT('',(-3.95,1.312701483717,7.201035833359));
#11322 = CARTESIAN_POINT('',(-3.116217719061,-1.263238856339,0.3));
#11323 = CARTESIAN_POINT('',(-3.116217719061,-1.263238856339,
    7.201035833359));
#11324 = CARTESIAN_POINT('',(-1.649536700072,-1.85,0.3));
#11325 = CARTESIAN_POINT('',(-1.649536700072,-1.85,7.201035833359));
#11326 = CARTESIAN_POINT('',(-1.35,-1.85,0.3));
#11327 = CARTESIAN_POINT('',(-1.35,-1.85,7.201035833359));
#11328 = DEFINITIONAL_REPRESENTATION('',(#11329),#11332);
#11329 = B_SPLINE_CURVE_WITH_KNOTS('',1,(#11330,#11331),.UNSPECIFIED.,
  .F.,.F.,(2,2),(0.3,7.200292829034),.PIECEWISE_BEZIER_KNOTS.);
#11330 = CARTESIAN_POINT('',(0.,0.));
#11331 = CARTESIAN_POINT('',(-4.402545841823E-16,0.999892334377));
#11332 = ( GEOMETRIC_REPRESENTATION_CONTEXT(2) 
PARAMETRIC_REPRESENTATION_CONTEXT() REPRESENTATION_CONTEXT('2D SPACE',''
  ) );
#11333 = ORIENTED_EDGE('',*,*,#11334,.T.);
#11334 = EDGE_CURVE('',#11302,#11335,#11337,.T.);
#11335 = VERTEX_POINT('',#11336);
#11336 = CARTESIAN_POINT('',(-2.939394466697,1.650000002409,8.2));
#11337 = SURFACE_CURVE('',#11338,(#11353,#11371),.PCURVE_S1.);
#11338 = B_SPLINE_CURVE_WITH_KNOTS('',3,(#11339,#11340,#11341,#11342,
    #11343,#11344,#11345,#11346,#11347,#11348,#11349,#11350,#11351,
    #11352),.UNSPECIFIED.,.F.,.F.,(4,2,2,2,2,2,4),(0.,1.950571335931E-04
    ,3.901142671862E-04,7.802285343723E-04,1.170342801559E-03,
    1.365399935152E-03,1.560457068745E-03),.UNSPECIFIED.);
#11339 = CARTESIAN_POINT('',(-3.950000016824,1.650000002028,
    7.200292829034));
#11340 = CARTESIAN_POINT('',(-3.946056025993,1.650000004844,
    7.265478125082));
#11341 = CARTESIAN_POINT('',(-3.942141661784,1.65,7.33096905194));
#11342 = CARTESIAN_POINT('',(-3.918292314485,1.65,7.458807172999));
#11343 = CARTESIAN_POINT('',(-3.897845930185,1.65,7.521421420933));
#11344 = CARTESIAN_POINT('',(-3.81841028783,1.65,7.70334004134));
#11345 = CARTESIAN_POINT('',(-3.745445301321,1.65,7.81354996263));
#11346 = CARTESIAN_POINT('',(-3.557471544404,1.65,7.999324632677));
#11347 = CARTESIAN_POINT('',(-3.446728935563,1.65,8.074063053414));
#11348 = CARTESIAN_POINT('',(-3.264369038836,1.65,8.148981444141));
#11349 = CARTESIAN_POINT('',(-3.202116884325,1.65,8.169006934885));
#11350 = CARTESIAN_POINT('',(-3.072549733838,1.65,8.191966789657));
#11351 = CARTESIAN_POINT('',(-3.005728793434,1.65,8.196010173235));
#11352 = CARTESIAN_POINT('',(-2.939394466697,1.650000002409,8.2));
#11353 = PCURVE('',#11124,#11354);
#11354 = DEFINITIONAL_REPRESENTATION('',(#11355),#11370);
#11355 = B_SPLINE_CURVE_WITH_KNOTS('',3,(#11356,#11357,#11358,#11359,
    #11360,#11361,#11362,#11363,#11364,#11365,#11366,#11367,#11368,
    #11369),.UNSPECIFIED.,.F.,.F.,(4,2,2,2,2,2,4),(0.,1.950571335931E-04
    ,3.901142671862E-04,7.802285343723E-04,1.170342801559E-03,
    1.365399935152E-03,1.560457068745E-03),.UNSPECIFIED.);
#11356 = CARTESIAN_POINT('',(-15.30000001682,-1.199707170966));
#11357 = CARTESIAN_POINT('',(-15.29605602599,-1.134521874918));
#11358 = CARTESIAN_POINT('',(-15.29214166178,-1.06903094806));
#11359 = CARTESIAN_POINT('',(-15.26829231448,-0.941192827001));
#11360 = CARTESIAN_POINT('',(-15.24784593018,-0.878578579067));
#11361 = CARTESIAN_POINT('',(-15.16841028783,-0.69665995866));
#11362 = CARTESIAN_POINT('',(-15.09544530132,-0.58645003737));
#11363 = CARTESIAN_POINT('',(-14.9074715444,-0.400675367323));
#11364 = CARTESIAN_POINT('',(-14.79672893556,-0.325936946586));
#11365 = CARTESIAN_POINT('',(-14.61436903883,-0.251018555859));
#11366 = CARTESIAN_POINT('',(-14.55211688432,-0.230993065115));
#11367 = CARTESIAN_POINT('',(-14.42254973383,-0.208033210343));
#11368 = CARTESIAN_POINT('',(-14.35572879343,-0.203989826765));
#11369 = CARTESIAN_POINT('',(-14.28939446669,-0.2));
#11370 = ( GEOMETRIC_REPRESENTATION_CONTEXT(2) 
PARAMETRIC_REPRESENTATION_CONTEXT() REPRESENTATION_CONTEXT('2D SPACE',''
  ) );
#11371 = PCURVE('',#11372,#11598);
#11372 = B_SPLINE_SURFACE_WITH_KNOTS('',3,3,(
    (#11373,#11374,#11375,#11376,#11377,#11378,#11379,#11380,#11381
      ,#11382,#11383,#11384,#11385,#11386,#11387,#11388,#11389,#11390
      ,#11391,#11392,#11393,#11394,#11395,#11396,#11397)
    ,(#11398,#11399,#11400,#11401,#11402,#11403,#11404,#11405,#11406
      ,#11407,#11408,#11409,#11410,#11411,#11412,#11413,#11414,#11415
      ,#11416,#11417,#11418,#11419,#11420,#11421,#11422)
    ,(#11423,#11424,#11425,#11426,#11427,#11428,#11429,#11430,#11431
      ,#11432,#11433,#11434,#11435,#11436,#11437,#11438,#11439,#11440
      ,#11441,#11442,#11443,#11444,#11445,#11446,#11447)
    ,(#11448,#11449,#11450,#11451,#11452,#11453,#11454,#11455,#11456
      ,#11457,#11458,#11459,#11460,#11461,#11462,#11463,#11464,#11465
      ,#11466,#11467,#11468,#11469,#11470,#11471,#11472)
    ,(#11473,#11474,#11475,#11476,#11477,#11478,#11479,#11480,#11481
      ,#11482,#11483,#11484,#11485,#11486,#11487,#11488,#11489,#11490
      ,#11491,#11492,#11493,#11494,#11495,#11496,#11497)
    ,(#11498,#11499,#11500,#11501,#11502,#11503,#11504,#11505,#11506
      ,#11507,#11508,#11509,#11510,#11511,#11512,#11513,#11514,#11515
      ,#11516,#11517,#11518,#11519,#11520,#11521,#11522)
    ,(#11523,#11524,#11525,#11526,#11527,#11528,#11529,#11530,#11531
      ,#11532,#11533,#11534,#11535,#11536,#11537,#11538,#11539,#11540
      ,#11541,#11542,#11543,#11544,#11545,#11546,#11547)
    ,(#11548,#11549,#11550,#11551,#11552,#11553,#11554,#11555,#11556
      ,#11557,#11558,#11559,#11560,#11561,#11562,#11563,#11564,#11565
      ,#11566,#11567,#11568,#11569,#11570,#11571,#11572)
    ,(#11573,#11574,#11575,#11576,#11577,#11578,#11579,#11580,#11581
      ,#11582,#11583,#11584,#11585,#11586,#11587,#11588,#11589,#11590
      ,#11591,#11592,#11593,#11594,#11595,#11596,#11597
  )),.UNSPECIFIED.,.F.,.F.,.F.,(4,1,1,1,1,1,4),(4,1,1,1,1,1,1,1,1,1,1,1,
    1,1,1,1,1,1,1,1,1,1,4),(0.,0.125,0.25,0.5,0.75,0.875,1.),(
    0.732746488562,0.73483440662,0.736922324678,0.741098160794,
    0.749449833027,0.757801505259,0.766153177492,0.782856521956,
    0.799559866421,0.832966555351,0.866373244281,0.899779933211,
    0.916483277676,0.93318662214,0.941538294373,0.943626212431,
    0.945714130489,0.949889966605,0.954065802722,0.958241638838,
    0.96659331107,0.983296655535,1.),.UNSPECIFIED.);
#11373 = CARTESIAN_POINT('',(-1.35,-1.85,7.2));
#11374 = CARTESIAN_POINT('',(-1.376803761567,-1.849425279297,7.2));
#11375 = CARTESIAN_POINT('',(-1.430411284701,-1.848275837889,7.2));
#11376 = CARTESIAN_POINT('',(-1.523988912973,-1.838352119646,7.2));
#11377 = CARTESIAN_POINT('',(-1.670009767394,-1.811067028963,7.2));
#11378 = CARTESIAN_POINT('',(-1.84291414083,-1.752129846231,7.2));
#11379 = CARTESIAN_POINT('',(-2.019993222921,-1.664404835038,7.2));
#11380 = CARTESIAN_POINT('',(-2.227240206635,-1.53130309151,7.2));
#11381 = CARTESIAN_POINT('',(-2.448003308942,-1.343514462937,7.2));
#11382 = CARTESIAN_POINT('',(-2.752580215068,-1.015855218136,7.2));
#11383 = CARTESIAN_POINT('',(-3.068128852369,-0.569842612587,7.2));
#11384 = CARTESIAN_POINT('',(-3.384040420019,4.548752205267E-04,7.2));
#11385 = CARTESIAN_POINT('',(-3.60619939297,0.498682606882,7.2));
#11386 = CARTESIAN_POINT('',(-3.761087288472,0.910034451804,7.2));
#11387 = CARTESIAN_POINT('',(-3.847042690424,1.173195429452,7.2));
#11388 = CARTESIAN_POINT('',(-3.895257505386,1.34853073657,7.2));
#11389 = CARTESIAN_POINT('',(-3.915124089736,1.43078899178,7.2));
#11390 = CARTESIAN_POINT('',(-3.927584579189,1.486066095421,7.2));
#11391 = CARTESIAN_POINT('',(-3.941223018243,1.556245582622,7.2));
#11392 = CARTESIAN_POINT('',(-3.95332596005,1.642844575881,7.2));
#11393 = CARTESIAN_POINT('',(-3.942491458757,1.7733900709,7.2));
#11394 = CARTESIAN_POINT('',(-3.93329344242,1.996386407778,7.2));
#11395 = CARTESIAN_POINT('',(-3.915082060408,2.317788117922,7.2));
#11396 = CARTESIAN_POINT('',(-3.901865317347,2.57415334433,7.2));
#11397 = CARTESIAN_POINT('',(-3.895256945816,2.702335957533,7.2));
#11398 = CARTESIAN_POINT('',(-1.35,-1.845879267803,7.267282331735));
#11399 = CARTESIAN_POINT('',(-1.376784336676,-1.845303482006,
    7.267282331735));
#11400 = CARTESIAN_POINT('',(-1.430353010027,-1.844151910412,
    7.267282331735));
#11401 = CARTESIAN_POINT('',(-1.5238269922,-1.834214420134,
    7.267282331735));
#11402 = CARTESIAN_POINT('',(-1.66965209868,-1.806903798801,
    7.267282331735));
#11403 = CARTESIAN_POINT('',(-1.842273298935,-1.747941307691,
    7.267282331735));
#11404 = CARTESIAN_POINT('',(-2.019038785405,-1.660211921681,
    7.267282331735));
#11405 = CARTESIAN_POINT('',(-2.225906070495,-1.527136599008,
    7.267282331735));
#11406 = CARTESIAN_POINT('',(-2.446277925437,-1.339441966078,
    7.267282331735));
#11407 = CARTESIAN_POINT('',(-2.750342417084,-1.012014860355,
    7.267282331735));
#11408 = CARTESIAN_POINT('',(-3.065393923099,-0.566396933597,
    7.267282331735));
#11409 = CARTESIAN_POINT('',(-3.380848180538,3.325591503494E-03,
    7.267282331735));
#11410 = CARTESIAN_POINT('',(-3.602697273717,0.501019049345,
    7.267282331735));
#11411 = CARTESIAN_POINT('',(-3.757375879555,0.911913365851,
    7.267282331735));
#11412 = CARTESIAN_POINT('',(-3.843214494237,1.174776522064,
    7.267282331735));
#11413 = CARTESIAN_POINT('',(-3.891358529254,1.349912526549,
    7.267282331735));
#11414 = CARTESIAN_POINT('',(-3.911198821233,1.432074916446,
    7.267282331735));
#11415 = CARTESIAN_POINT('',(-3.923599579485,1.487308199736,
    7.267282331735));
#11416 = CARTESIAN_POINT('',(-3.937289803947,1.557369694319,
    7.267282331735));
#11417 = CARTESIAN_POINT('',(-3.949252021391,1.64393072903,
    7.267282331735));
#11418 = CARTESIAN_POINT('',(-3.938249328276,1.774409255997,
    7.267282331735));
#11419 = CARTESIAN_POINT('',(-3.929176715315,1.997054805872,
    7.267282331735));
#11420 = CARTESIAN_POINT('',(-3.910926434859,2.318076735991,
    7.267282331735));
#11421 = CARTESIAN_POINT('',(-3.897736718912,2.574105775379,
    7.267282331735));
#11422 = CARTESIAN_POINT('',(-3.891141860939,2.702120295073,
    7.267282331735));
#11423 = CARTESIAN_POINT('',(-1.35,-1.837637803407,7.401846995205));
#11424 = CARTESIAN_POINT('',(-1.376745486892,-1.837059887424,
    7.401846995205));
#11425 = CARTESIAN_POINT('',(-1.430236460677,-1.835904055459,
    7.401846995206));
#11426 = CARTESIAN_POINT('',(-1.523503150653,-1.825939021109,
    7.401846995206));
#11427 = CARTESIAN_POINT('',(-1.668936761253,-1.798577338477,
    7.401846995206));
#11428 = CARTESIAN_POINT('',(-1.840991615144,-1.739564230613,
    7.401846995206));
#11429 = CARTESIAN_POINT('',(-2.017129910374,-1.651826094968,
    7.401846995206));
#11430 = CARTESIAN_POINT('',(-2.223237798215,-1.518803614004,
    7.401846995205));
#11431 = CARTESIAN_POINT('',(-2.442827158428,-1.33129697236,
    7.401846995205));
#11432 = CARTESIAN_POINT('',(-2.745866821118,-1.004334144794,
    7.401846995205));
#11433 = CARTESIAN_POINT('',(-3.059924064559,-0.559505575619,
    7.401846995206));
#11434 = CARTESIAN_POINT('',(-3.374463701575,9.067024069433E-03,
    7.401846995205));
#11435 = CARTESIAN_POINT('',(-3.595693035209,0.50569193427,
    7.401846995205));
#11436 = CARTESIAN_POINT('',(-3.74995306172,0.915671193945,
    7.401846995205));
#11437 = CARTESIAN_POINT('',(-3.835558101861,1.177938707288,
    7.401846995205));
#11438 = CARTESIAN_POINT('',(-3.88356057699,1.352676106505,
    7.401846995205));
#11439 = CARTESIAN_POINT('',(-3.903348284229,1.434646765776,
    7.401846995205));
#11440 = CARTESIAN_POINT('',(-3.915629580076,1.489792408367,
    7.401846995205));
#11441 = CARTESIAN_POINT('',(-3.929423375354,1.559617917712,
    7.401846995205));
#11442 = CARTESIAN_POINT('',(-3.941104144074,1.646103035326,
    7.401846995205));
#11443 = CARTESIAN_POINT('',(-3.929765067313,1.776447626189,
    7.401846995205));
#11444 = CARTESIAN_POINT('',(-3.920943261106,1.99839160206,
    7.401846995205));
#11445 = CARTESIAN_POINT('',(-3.902615183759,2.318653972129,
    7.401846995206));
#11446 = CARTESIAN_POINT('',(-3.889479522042,2.574010637478,
    7.401846995206));
#11447 = CARTESIAN_POINT('',(-3.882911691184,2.701688970153,
    7.401846995206));
#11448 = CARTESIAN_POINT('',(-1.35,-1.755036335414,7.651087576871));
#11449 = CARTESIAN_POINT('',(-1.37635021146,-1.754432850614,
    7.651087576871));
#11450 = CARTESIAN_POINT('',(-1.429050634379,-1.753225881012,
    7.651087576871));
#11451 = CARTESIAN_POINT('',(-1.52019534469,-1.742962048793,
    7.651087576871));
#11452 = CARTESIAN_POINT('',(-1.661642152628,-1.715058633292,
    7.651087576871));
#11453 = CARTESIAN_POINT('',(-1.827924854574,-1.655499544327,
    7.651087576871));
#11454 = CARTESIAN_POINT('',(-1.997752156189,-1.567676007021,
    7.651087576871));
#11455 = CARTESIAN_POINT('',(-2.19621852915,-1.435185000249,
    7.651087576871));
#11456 = CARTESIAN_POINT('',(-2.408024450221,-1.249609782213,
    7.651087576871));
#11457 = CARTESIAN_POINT('',(-2.700856850038,-0.927347144968,
    7.651087576871));
#11458 = CARTESIAN_POINT('',(-3.004995584351,-0.490458331161,
    7.651087576871));
#11459 = CARTESIAN_POINT('',(-3.310417672225,6.657226510927E-02,
    7.651087576871));
#11460 = CARTESIAN_POINT('',(-3.52545855692,0.552488332182,
    7.651087576871));
#11461 = CARTESIAN_POINT('',(-3.675537315966,0.953302375975,
    7.651087576871));
#11462 = CARTESIAN_POINT('',(-3.758806517265,1.209605810069,
    7.651087576871));
#11463 = CARTESIAN_POINT('',(-3.805391257567,1.380353623435,
    7.651087576871));
#11464 = CARTESIAN_POINT('',(-3.824462946595,1.460487814393,
    7.651087576871));
#11465 = CARTESIAN_POINT('',(-3.836887046619,1.514120842008,
    7.651087576871));
#11466 = CARTESIAN_POINT('',(-3.849482225951,1.582648697489,
    7.651087576871));
#11467 = CARTESIAN_POINT('',(-3.857202747004,1.669106478512,
    7.651087576871));
#11468 = CARTESIAN_POINT('',(-3.846009559409,1.796098543699,
    7.651087576871));
#11469 = CARTESIAN_POINT('',(-3.837508381754,2.012279084986,
    7.651087576871));
#11470 = CARTESIAN_POINT('',(-3.819604416135,2.324254128548,
    7.651087576871));
#11471 = CARTESIAN_POINT('',(-3.806817089133,2.572995338408,
    7.651087576871));
#11472 = CARTESIAN_POINT('',(-3.800423425632,2.697365943339,
    7.651087576871));
#11473 = CARTESIAN_POINT('',(-1.35,-1.571737530291,7.921737530291));
#11474 = CARTESIAN_POINT('',(-1.375497947143,-1.571079496652,
    7.921737530291));
#11475 = CARTESIAN_POINT('',(-1.42649384143,-1.569763429374,
    7.921737530291));
#11476 = CARTESIAN_POINT('',(-1.512790041656,-1.558747323261,
    7.921737530291));
#11477 = CARTESIAN_POINT('',(-1.645019047563,-1.529457005835,
    7.921737530291));
#11478 = CARTESIAN_POINT('',(-1.798165379436,-1.468556205389,
    7.921737530291));
#11479 = CARTESIAN_POINT('',(-1.953600666932,-1.380395857131,
    7.921737530291));
#11480 = CARTESIAN_POINT('',(-2.135263052766,-1.249252840625,
    7.921737530291));
#11481 = CARTESIAN_POINT('',(-2.329737802226,-1.068004070506,
    7.921737530291));
#11482 = CARTESIAN_POINT('',(-2.600305641656,-0.756453157359,
    7.921737530291));
#11483 = CARTESIAN_POINT('',(-2.88260619477,-0.337296022193,
    7.921737530291));
#11484 = CARTESIAN_POINT('',(-3.168048553566,0.194018543159,
    7.921737530291));
#11485 = CARTESIAN_POINT('',(-3.36946525894,0.656167150615,
    7.921737530291));
#11486 = CARTESIAN_POINT('',(-3.510292946797,1.036683725149,
    7.921737530291));
#11487 = CARTESIAN_POINT('',(-3.588502935198,1.279726203999,
    7.921737530291));
#11488 = CARTESIAN_POINT('',(-3.63177712678,1.441729676134,
    7.921737530291));
#11489 = CARTESIAN_POINT('',(-3.650365777175,1.517298511803,
    7.921737530291));
#11490 = CARTESIAN_POINT('',(-3.655792111685,1.571089958328,
    7.921737530291));
#11491 = CARTESIAN_POINT('',(-3.681355027984,1.62899481461,
    7.921737530291));
#11492 = CARTESIAN_POINT('',(-3.665574047649,1.722782222825,
    7.921737530291));
#11493 = CARTESIAN_POINT('',(-3.663270991557,1.837864835635,
    7.921737530291));
#11494 = CARTESIAN_POINT('',(-3.650138430979,2.044109777226,
    7.921737530291));
#11495 = CARTESIAN_POINT('',(-3.636106049794,2.336225781473,
    7.921737530291));
#11496 = CARTESIAN_POINT('',(-3.623619233365,2.57059047722,
    7.921737530291));
#11497 = CARTESIAN_POINT('',(-3.617375825151,2.687772825094,
    7.921737530291));
#11498 = CARTESIAN_POINT('',(-1.35,-1.301087576871,8.105036335414));
#11499 = CARTESIAN_POINT('',(-1.374090387054,-1.300239667889,
    8.105036335414));
#11500 = CARTESIAN_POINT('',(-1.422271161161,-1.298543849924,
    8.105036335414));
#11501 = CARTESIAN_POINT('',(-1.499994217329,-1.28572374881,
    8.105036335414));
#11502 = CARTESIAN_POINT('',(-1.616571087375,-1.25347181191,
    8.105036335414));
#11503 = CARTESIAN_POINT('',(-1.74786035497,-1.189684121917,
    8.105036335414));
#11504 = CARTESIAN_POINT('',(-1.881647528253,-1.10125853357,
    8.105036335414));
#11505 = CARTESIAN_POINT('',(-2.038575586568,-0.972600338222,
    8.105036335414));
#11506 = CARTESIAN_POINT('',(-2.208851716867,-0.798834233035,
    8.105036335414));
#11507 = CARTESIAN_POINT('',(-2.448186773892,-0.504210353223,
    8.105036335414));
#11508 = CARTESIAN_POINT('',(-2.699403953657,-0.111888865627,
    8.105036335414));
#11509 = CARTESIAN_POINT('',(-2.956476917551,0.381147442639,
    8.105036335414));
#11510 = CARTESIAN_POINT('',(-3.138250220633,0.808301420631,
    8.105036335414));
#11511 = CARTESIAN_POINT('',(-3.265977345106,1.158898934474,
    8.105036335414));
#11512 = CARTESIAN_POINT('',(-3.336241456086,1.382837947898,
    8.105036335414));
#11513 = CARTESIAN_POINT('',(-3.375660900527,1.531522467875,
    8.105036335414));
#11514 = CARTESIAN_POINT('',(-3.388877252762,1.602556516692,
    8.105036335414));
#11515 = CARTESIAN_POINT('',(-3.412229748914,1.642991794949,
    8.105036335414));
#11516 = CARTESIAN_POINT('',(-3.393238317464,1.717281855616,
    8.105036335414));
#11517 = CARTESIAN_POINT('',(-3.394225931804,1.794545297404,
    8.105036335414));
#11518 = CARTESIAN_POINT('',(-3.386936949655,1.901892253127,
    8.105036335414));
#11519 = CARTESIAN_POINT('',(-3.378235408017,2.087707660685,
    8.105036335414));
#11520 = CARTESIAN_POINT('',(-3.363698568929,2.354218886316,
    8.105036335414));
#11521 = CARTESIAN_POINT('',(-3.352630715034,2.567145029422,
    8.105036335414));
#11522 = CARTESIAN_POINT('',(-3.347096788086,2.673608100975,
    8.105036335414));
#11523 = CARTESIAN_POINT('',(-1.35,-1.051846995205,8.187637803407));
#11524 = CARTESIAN_POINT('',(-1.372744722568,-1.050741918627,
    8.187637803407));
#11525 = CARTESIAN_POINT('',(-1.418234167703,-1.048531765469,
    8.187637803407));
#11526 = CARTESIAN_POINT('',(-1.485178724755,-1.032724184956,
    8.187637803407));
#11527 = CARTESIAN_POINT('',(-1.583047993104,-0.996029848617,
    8.187637803407));
#11528 = CARTESIAN_POINT('',(-1.692711270178,-0.929471892105,
    8.187637803407));
#11529 = CARTESIAN_POINT('',(-1.807219499072,-0.841592666,8.187637803406
    ));
#11530 = CARTESIAN_POINT('',(-1.942578077647,-0.716303735759,
    8.187637803406));
#11531 = CARTESIAN_POINT('',(-2.092513215761,-0.550655665931,
    8.187637803406));
#11532 = CARTESIAN_POINT('',(-2.303893078598,-0.272209438746,
    8.187637803407));
#11533 = CARTESIAN_POINT('',(-2.528504842692,9.444742687232E-02,
    8.187637803407));
#11534 = CARTESIAN_POINT('',(-2.760193024002,0.55223342627,
    8.187637803407));
#11535 = CARTESIAN_POINT('',(-2.924445267828,0.947278737183,
    8.187637803407));
#11536 = CARTESIAN_POINT('',(-3.040636827197,1.270465197493,
    8.187637803407));
#11537 = CARTESIAN_POINT('',(-3.103117875894,1.477246201653,
    8.187637803406));
#11538 = CARTESIAN_POINT('',(-3.140023443329,1.613373396969,
    8.187637803407));
#11539 = CARTESIAN_POINT('',(-3.154397556503,1.677586800298,
    8.187637803407));
#11540 = CARTESIAN_POINT('',(-3.143766618283,1.72991105697,
    8.187637803407));
#11541 = CARTESIAN_POINT('',(-3.145035373029,1.78828038159,
    8.187637803407));
#11542 = CARTESIAN_POINT('',(-3.139770516602,1.861638722045,
    8.187637803407));
#11543 = CARTESIAN_POINT('',(-3.135173256658,1.958261119224,
    8.187637803407));
#11544 = CARTESIAN_POINT('',(-3.125991651527,2.127908416583,
    8.187637803407));
#11545 = CARTESIAN_POINT('',(-3.113465406712,2.369971848479,
    8.187637803407));
#11546 = CARTESIAN_POINT('',(-3.103286990221,2.563699854026,
    8.187637803407));
#11547 = CARTESIAN_POINT('',(-3.098197781975,2.660563856799,
    8.187637803407));
#11548 = CARTESIAN_POINT('',(-1.35,-0.917282331735,8.195879267802));
#11549 = CARTESIAN_POINT('',(-1.371171486479,-0.915656342756,
    8.195879267802));
#11550 = CARTESIAN_POINT('',(-1.413514459436,-0.912404364798,
    8.195879267802));
#11551 = CARTESIAN_POINT('',(-1.471060011852,-0.893651689324,
    8.195879267802));
#11552 = CARTESIAN_POINT('',(-1.557942437899,-0.854556610107,
    8.195879267802));
#11553 = CARTESIAN_POINT('',(-1.65732729518,-0.787505759748,
    8.195879267802));
#11554 = CARTESIAN_POINT('',(-1.761778320753,-0.700346985322,
    8.195879267802));
#11555 = CARTESIAN_POINT('',(-1.887023515472,-0.577784252292,
    8.195879267802));
#11556 = CARTESIAN_POINT('',(-2.026589223558,-0.416897781455,
    8.195879267802));
#11557 = CARTESIAN_POINT('',(-2.223565217342,-0.147575391454,
    8.195879267802));
#11558 = CARTESIAN_POINT('',(-2.434948120949,0.204836629058,
    8.195879267802));
#11559 = CARTESIAN_POINT('',(-2.653334594922,0.643675953196,
    8.195879267802));
#11560 = CARTESIAN_POINT('',(-2.808502332793,1.021501097866,
    8.195879267802));
#11561 = CARTESIAN_POINT('',(-2.918698261883,1.330063401749,
    8.195879267802));
#11562 = CARTESIAN_POINT('',(-2.97688895946,1.527738136967,
    8.195879267802));
#11563 = CARTESIAN_POINT('',(-3.012747175076,1.657122476167,
    8.195879267802));
#11564 = CARTESIAN_POINT('',(-3.013987108147,1.723673863285,
    8.195879267802));
#11565 = CARTESIAN_POINT('',(-3.009083507673,1.77076792723,
    8.195879267802));
#11566 = CARTESIAN_POINT('',(-3.007460758721,1.827442967049,
    8.195879267802));
#11567 = CARTESIAN_POINT('',(-3.003398972592,1.896492675008,
    8.195879267802));
#11568 = CARTESIAN_POINT('',(-2.99873916375,1.988185496179,
    8.195879267802));
#11569 = CARTESIAN_POINT('',(-2.990229733475,2.148823373544,
    8.195879267802));
#11570 = CARTESIAN_POINT('',(-2.978257694861,2.378214975934,
    8.195879267802));
#11571 = CARTESIAN_POINT('',(-2.96863092142,2.561752516285,
    8.195879267802));
#11572 = CARTESIAN_POINT('',(-2.963817534699,2.65352128646,
    8.195879267802));
#11573 = CARTESIAN_POINT('',(-1.35,-0.85,8.2));
#11574 = CARTESIAN_POINT('',(-1.370384868434,-0.848113554821,8.2));
#11575 = CARTESIAN_POINT('',(-1.411154605303,-0.844340664463,8.2));
#11576 = CARTESIAN_POINT('',(-1.4640006554,-0.824115441508,8.2));
#11577 = CARTESIAN_POINT('',(-1.545389660297,-0.783819990853,8.2));
#11578 = CARTESIAN_POINT('',(-1.63963530768,-0.71652269357,8.2));
#11579 = CARTESIAN_POINT('',(-1.739057731594,-0.629724144983,8.2));
#11580 = CARTESIAN_POINT('',(-1.859246234384,-0.508524510559,8.2));
#11581 = CARTESIAN_POINT('',(-1.993627227456,-0.350018839217,8.2));
#11582 = CARTESIAN_POINT('',(-2.183401286713,-8.52583678087E-02,8.2));
#11583 = CARTESIAN_POINT('',(-2.388169760078,0.260031230151,8.2));
#11584 = CARTESIAN_POINT('',(-2.599905380382,0.689397216658,8.2));
#11585 = CARTESIAN_POINT('',(-2.750530865276,1.058612278208,8.2));
#11586 = CARTESIAN_POINT('',(-2.857728979225,1.359862503877,8.2));
#11587 = CARTESIAN_POINT('',(-2.913774501243,1.552984104624,8.2));
#11588 = CARTESIAN_POINT('',(-2.94910904095,1.678997015766,8.2));
#11589 = CARTESIAN_POINT('',(-2.943781883969,1.746717394779,8.2));
#11590 = CARTESIAN_POINT('',(-2.941741952368,1.79119636236,8.2));
#11591 = CARTESIAN_POINT('',(-2.938673451566,1.847024259778,8.2));
#11592 = CARTESIAN_POINT('',(-2.935213200587,1.91391965149,8.2));
#11593 = CARTESIAN_POINT('',(-2.930522117296,2.003147684656,8.2));
#11594 = CARTESIAN_POINT('',(-2.92234877445,2.159280852025,8.2));
#11595 = CARTESIAN_POINT('',(-2.910653838936,2.382336539662,8.2));
#11596 = CARTESIAN_POINT('',(-2.90130288702,2.560778847414,8.2));
#11597 = CARTESIAN_POINT('',(-2.896627411061,2.65000000129,8.2));
#11598 = DEFINITIONAL_REPRESENTATION('',(#11599),#11647);
#11599 = B_SPLINE_CURVE_WITH_KNOTS('',3,(#11600,#11601,#11602,#11603,
    #11604,#11605,#11606,#11607,#11608,#11609,#11610,#11611,#11612,
    #11613,#11614,#11615,#11616,#11617,#11618,#11619,#11620,#11621,
    #11622,#11623,#11624,#11625,#11626,#11627,#11628,#11629,#11630,
    #11631,#11632,#11633,#11634,#11635,#11636,#11637,#11638,#11639,
    #11640,#11641,#11642,#11643,#11644,#11645,#11646),.UNSPECIFIED.,.F.,
  .F.,(4,1,1,1,1,1,1,1,1,1,1,1,1,1,1,1,1,1,1,1,1,1,1,1,1,1,1,1,1,1,1,1,1
    ,1,1,1,1,1,1,1,1,1,1,1,4),(0.,3.546493338056E-05,7.092986676112E-05,
    1.063948001417E-04,1.418597335222E-04,1.773246669028E-04,
    2.127896002834E-04,2.482545336639E-04,2.837194670445E-04,
    3.191844004251E-04,3.546493338056E-04,3.901142671862E-04,
    4.255792005667E-04,4.610441339473E-04,4.965090673279E-04,
    5.319740007084E-04,5.67438934089E-04,6.029038674695E-04,
    6.383688008501E-04,6.738337342307E-04,7.092986676112E-04,
    7.447636009918E-04,7.802285343723E-04,8.156934677529E-04,
    8.511584011335E-04,8.86623334514E-04,9.220882678946E-04,
    9.575532012752E-04,9.930181346557E-04,1.028483068036E-03,
    1.063948001417E-03,1.099412934797E-03,1.134877868178E-03,
    1.170342801559E-03,1.205807734939E-03,1.24127266832E-03,
    1.2767376017E-03,1.312202535081E-03,1.347667468461E-03,
    1.383132401842E-03,1.418597335222E-03,1.454062268603E-03,
    1.489527201984E-03,1.524992135364E-03,1.560457068745E-03),
  .QUASI_UNIFORM_KNOTS.);
#11600 = CARTESIAN_POINT('',(1.820114279833E-04,0.954303333316));
#11601 = CARTESIAN_POINT('',(7.521599501212E-03,0.954294762191));
#11602 = CARTESIAN_POINT('',(2.221306237776E-02,0.954277611443));
#11603 = CARTESIAN_POINT('',(4.429707323983E-02,0.954248377469));
#11604 = CARTESIAN_POINT('',(6.643752716708E-02,0.954212198948));
#11605 = CARTESIAN_POINT('',(8.864520511418E-02,0.954165479366));
#11606 = CARTESIAN_POINT('',(0.110933156543,0.954104614513));
#11607 = CARTESIAN_POINT('',(0.133310077633,0.954025371115));
#11608 = CARTESIAN_POINT('',(0.155832400702,0.953925063346));
#11609 = CARTESIAN_POINT('',(0.178486225896,0.953804853033));
#11610 = CARTESIAN_POINT('',(0.20126851677,0.95366531143));
#11611 = CARTESIAN_POINT('',(0.224167144774,0.953507393474));
#11612 = CARTESIAN_POINT('',(0.247204451083,0.953331850349));
#11613 = CARTESIAN_POINT('',(0.270291911615,0.953140759508));
#11614 = CARTESIAN_POINT('',(0.293348138422,0.952935333544));
#11615 = CARTESIAN_POINT('',(0.316409158317,0.952715489413));
#11616 = CARTESIAN_POINT('',(0.339481567098,0.952481304494));
#11617 = CARTESIAN_POINT('',(0.362579894154,0.952232568105));
#11618 = CARTESIAN_POINT('',(0.385714396852,0.951968824167));
#11619 = CARTESIAN_POINT('',(0.408892346656,0.951689278973));
#11620 = CARTESIAN_POINT('',(0.432115256362,0.951392790158));
#11621 = CARTESIAN_POINT('',(0.455380486222,0.951077856678));
#11622 = CARTESIAN_POINT('',(0.478673431626,0.950742890897));
#11623 = CARTESIAN_POINT('',(0.50200179924,0.950385877381));
#11624 = CARTESIAN_POINT('',(0.525288431575,0.950006785154));
#11625 = CARTESIAN_POINT('',(0.548472253805,0.949607844042));
#11626 = CARTESIAN_POINT('',(0.571625162904,0.949190401542));
#11627 = CARTESIAN_POINT('',(0.594801936825,0.948756105246));
#11628 = CARTESIAN_POINT('',(0.618042399038,0.948305789225));
#11629 = CARTESIAN_POINT('',(0.64134725568,0.947839199249));
#11630 = CARTESIAN_POINT('',(0.664669284896,0.947354577918));
#11631 = CARTESIAN_POINT('',(0.687911532858,0.946848871909));
#11632 = CARTESIAN_POINT('',(0.710941515972,0.946318509356));
#11633 = CARTESIAN_POINT('',(0.733629377673,0.945761012871));
#11634 = CARTESIAN_POINT('',(0.755934902275,0.945175110535));
#11635 = CARTESIAN_POINT('',(0.778174763395,0.944568841243));
#11636 = CARTESIAN_POINT('',(0.800641265361,0.943948977124));
#11637 = CARTESIAN_POINT('',(0.823298399446,0.943312780639));
#11638 = CARTESIAN_POINT('',(0.845761242832,0.942652763953));
#11639 = CARTESIAN_POINT('',(0.867870466313,0.941965243213));
#11640 = CARTESIAN_POINT('',(0.889789745754,0.941249720404));
#11641 = CARTESIAN_POINT('',(0.911737912935,0.940510213902));
#11642 = CARTESIAN_POINT('',(0.933754926657,0.939747650133));
#11643 = CARTESIAN_POINT('',(0.955841875412,0.938962702901));
#11644 = CARTESIAN_POINT('',(0.977952224512,0.938155735571));
#11645 = CARTESIAN_POINT('',(0.992659897871,0.937603369285));
#11646 = CARTESIAN_POINT('',(0.99999477884,0.937323658571));
#11647 = ( GEOMETRIC_REPRESENTATION_CONTEXT(2) 
PARAMETRIC_REPRESENTATION_CONTEXT() REPRESENTATION_CONTEXT('2D SPACE',''
  ) );
#11648 = ORIENTED_EDGE('',*,*,#11649,.T.);
#11649 = EDGE_CURVE('',#11335,#11650,#11652,.T.);
#11650 = VERTEX_POINT('',#11651);
#11651 = CARTESIAN_POINT('',(10.139394474445,1.650000001943,8.2));
#11652 = SURFACE_CURVE('',#11653,(#11657,#11664),.PCURVE_S1.);
#11653 = LINE('',#11654,#11655);
#11654 = CARTESIAN_POINT('',(-3.95,1.65,8.2));
#11655 = VECTOR('',#11656,1.);
#11656 = DIRECTION('',(1.,-1.148823494024E-16,0.));
#11657 = PCURVE('',#11124,#11658);
#11658 = DEFINITIONAL_REPRESENTATION('',(#11659),#11663);
#11659 = LINE('',#11660,#11661);
#11660 = CARTESIAN_POINT('',(-15.3,-0.2));
#11661 = VECTOR('',#11662,1.);
#11662 = DIRECTION('',(1.,0.));
#11663 = ( GEOMETRIC_REPRESENTATION_CONTEXT(2) 
PARAMETRIC_REPRESENTATION_CONTEXT() REPRESENTATION_CONTEXT('2D SPACE',''
  ) );
#11664 = PCURVE('',#11665,#11670);
#11665 = PLANE('',#11666);
#11666 = AXIS2_PLACEMENT_3D('',#11667,#11668,#11669);
#11667 = CARTESIAN_POINT('',(10.438960762841,-0.256213597756,8.2));
#11668 = DIRECTION('',(0.,0.,-1.));
#11669 = DIRECTION('',(0.,-1.,0.));
#11670 = DEFINITIONAL_REPRESENTATION('',(#11671),#11675);
#11671 = LINE('',#11672,#11673);
#11672 = CARTESIAN_POINT('',(-1.906213597756,14.388960762841));
#11673 = VECTOR('',#11674,1.);
#11674 = DIRECTION('',(1.148823494024E-16,-1.));
#11675 = ( GEOMETRIC_REPRESENTATION_CONTEXT(2) 
PARAMETRIC_REPRESENTATION_CONTEXT() REPRESENTATION_CONTEXT('2D SPACE',''
  ) );
#11676 = ORIENTED_EDGE('',*,*,#11677,.F.);
#11677 = EDGE_CURVE('',#11678,#11650,#11680,.T.);
#11678 = VERTEX_POINT('',#11679);
#11679 = CARTESIAN_POINT('',(11.15,1.65,7.200293104852));
#11680 = SURFACE_CURVE('',#11681,(#11696,#11714),.PCURVE_S1.);
#11681 = B_SPLINE_CURVE_WITH_KNOTS('',3,(#11682,#11683,#11684,#11685,
    #11686,#11687,#11688,#11689,#11690,#11691,#11692,#11693,#11694,
    #11695),.UNSPECIFIED.,.F.,.F.,(4,2,2,2,2,2,4),(0.,1.950571335931E-04
    ,3.901142671862E-04,7.802285343723E-04,1.170342801559E-03,
    1.365399935152E-03,1.560457068745E-03),.UNSPECIFIED.);
#11682 = CARTESIAN_POINT('',(11.15,1.65,7.200293104852));
#11683 = CARTESIAN_POINT('',(11.146056025993,1.650000004844,
    7.265478125082));
#11684 = CARTESIAN_POINT('',(11.142141661784,1.65,7.33096905194));
#11685 = CARTESIAN_POINT('',(11.118292314485,1.65,7.458807172999));
#11686 = CARTESIAN_POINT('',(11.097845930185,1.65,7.521421420933));
#11687 = CARTESIAN_POINT('',(11.01841028783,1.65,7.70334004134));
#11688 = CARTESIAN_POINT('',(10.945445301321,1.65,7.81354996263));
#11689 = CARTESIAN_POINT('',(10.757471544404,1.65,7.999324632677));
#11690 = CARTESIAN_POINT('',(10.646728935563,1.65,8.074063053414));
#11691 = CARTESIAN_POINT('',(10.464369038836,1.65,8.148981444141));
#11692 = CARTESIAN_POINT('',(10.402116884325,1.65,8.169006934885));
#11693 = CARTESIAN_POINT('',(10.272549733838,1.65,8.191966789657));
#11694 = CARTESIAN_POINT('',(10.205728793434,1.65,8.196010173235));
#11695 = CARTESIAN_POINT('',(10.139394474445,1.650000001943,8.2));
#11696 = PCURVE('',#11124,#11697);
#11697 = DEFINITIONAL_REPRESENTATION('',(#11698),#11713);
#11698 = B_SPLINE_CURVE_WITH_KNOTS('',3,(#11699,#11700,#11701,#11702,
    #11703,#11704,#11705,#11706,#11707,#11708,#11709,#11710,#11711,
    #11712),.UNSPECIFIED.,.F.,.F.,(4,2,2,2,2,2,4),(0.,1.950571335931E-04
    ,3.901142671862E-04,7.802285343723E-04,1.170342801559E-03,
    1.365399935152E-03,1.560457068745E-03),.UNSPECIFIED.);
#11699 = CARTESIAN_POINT('',(-0.2,-1.199706895148));
#11700 = CARTESIAN_POINT('',(-0.203943974007,-1.134521874918));
#11701 = CARTESIAN_POINT('',(-0.207858338216,-1.06903094806));
#11702 = CARTESIAN_POINT('',(-0.231707685515,-0.941192827001));
#11703 = CARTESIAN_POINT('',(-0.252154069815,-0.878578579067));
#11704 = CARTESIAN_POINT('',(-0.33158971217,-0.69665995866));
#11705 = CARTESIAN_POINT('',(-0.404554698679,-0.58645003737));
#11706 = CARTESIAN_POINT('',(-0.592528455596,-0.400675367323));
#11707 = CARTESIAN_POINT('',(-0.703271064437,-0.325936946586));
#11708 = CARTESIAN_POINT('',(-0.885630961164,-0.251018555859));
#11709 = CARTESIAN_POINT('',(-0.947883115675,-0.230993065115));
#11710 = CARTESIAN_POINT('',(-1.077450266162,-0.208033210343));
#11711 = CARTESIAN_POINT('',(-1.144271206566,-0.203989826765));
#11712 = CARTESIAN_POINT('',(-1.210605525555,-0.2));
#11713 = ( GEOMETRIC_REPRESENTATION_CONTEXT(2) 
PARAMETRIC_REPRESENTATION_CONTEXT() REPRESENTATION_CONTEXT('2D SPACE',''
  ) );
#11714 = PCURVE('',#11715,#11941);
#11715 = B_SPLINE_SURFACE_WITH_KNOTS('',3,3,(
    (#11716,#11717,#11718,#11719,#11720,#11721,#11722,#11723,#11724
      ,#11725,#11726,#11727,#11728,#11729,#11730,#11731,#11732,#11733
      ,#11734,#11735,#11736,#11737,#11738,#11739,#11740)
    ,(#11741,#11742,#11743,#11744,#11745,#11746,#11747,#11748,#11749
      ,#11750,#11751,#11752,#11753,#11754,#11755,#11756,#11757,#11758
      ,#11759,#11760,#11761,#11762,#11763,#11764,#11765)
    ,(#11766,#11767,#11768,#11769,#11770,#11771,#11772,#11773,#11774
      ,#11775,#11776,#11777,#11778,#11779,#11780,#11781,#11782,#11783
      ,#11784,#11785,#11786,#11787,#11788,#11789,#11790)
    ,(#11791,#11792,#11793,#11794,#11795,#11796,#11797,#11798,#11799
      ,#11800,#11801,#11802,#11803,#11804,#11805,#11806,#11807,#11808
      ,#11809,#11810,#11811,#11812,#11813,#11814,#11815)
    ,(#11816,#11817,#11818,#11819,#11820,#11821,#11822,#11823,#11824
      ,#11825,#11826,#11827,#11828,#11829,#11830,#11831,#11832,#11833
      ,#11834,#11835,#11836,#11837,#11838,#11839,#11840)
    ,(#11841,#11842,#11843,#11844,#11845,#11846,#11847,#11848,#11849
      ,#11850,#11851,#11852,#11853,#11854,#11855,#11856,#11857,#11858
      ,#11859,#11860,#11861,#11862,#11863,#11864,#11865)
    ,(#11866,#11867,#11868,#11869,#11870,#11871,#11872,#11873,#11874
      ,#11875,#11876,#11877,#11878,#11879,#11880,#11881,#11882,#11883
      ,#11884,#11885,#11886,#11887,#11888,#11889,#11890)
    ,(#11891,#11892,#11893,#11894,#11895,#11896,#11897,#11898,#11899
      ,#11900,#11901,#11902,#11903,#11904,#11905,#11906,#11907,#11908
      ,#11909,#11910,#11911,#11912,#11913,#11914,#11915)
    ,(#11916,#11917,#11918,#11919,#11920,#11921,#11922,#11923,#11924
      ,#11925,#11926,#11927,#11928,#11929,#11930,#11931,#11932,#11933
      ,#11934,#11935,#11936,#11937,#11938,#11939,#11940
  )),.UNSPECIFIED.,.F.,.F.,.F.,(4,1,1,1,1,1,4),(4,1,1,1,1,1,1,1,1,1,1,1,
    1,1,1,1,1,1,1,1,1,1,4),(0.,0.125,0.25,0.5,0.75,0.875,1.),(
    0.732746488562,0.73483440662,0.736922324678,0.741098160794,
    0.749449833027,0.757801505259,0.766153177492,0.782856521956,
    0.799559866421,0.832966555351,0.866373244281,0.899779933211,
    0.916483277676,0.93318662214,0.941538294373,0.943626212431,
    0.945714130489,0.949889966605,0.954065802722,0.958241638838,
    0.96659331107,0.983296655535,1.),.UNSPECIFIED.);
#11716 = CARTESIAN_POINT('',(8.55,-1.85,7.2));
#11717 = CARTESIAN_POINT('',(8.576803761567,-1.849425279297,7.2));
#11718 = CARTESIAN_POINT('',(8.630411284701,-1.848275837889,7.2));
#11719 = CARTESIAN_POINT('',(8.723988912973,-1.838352119646,7.2));
#11720 = CARTESIAN_POINT('',(8.870009767394,-1.811067028963,7.2));
#11721 = CARTESIAN_POINT('',(9.04291414083,-1.752129846231,7.2));
#11722 = CARTESIAN_POINT('',(9.219993222921,-1.664404835038,7.2));
#11723 = CARTESIAN_POINT('',(9.427240206635,-1.53130309151,7.2));
#11724 = CARTESIAN_POINT('',(9.648003308942,-1.343514462937,7.2));
#11725 = CARTESIAN_POINT('',(9.952580215068,-1.015855218136,7.2));
#11726 = CARTESIAN_POINT('',(10.268128852369,-0.569842612587,7.2));
#11727 = CARTESIAN_POINT('',(10.584040420019,4.548752205267E-04,7.2));
#11728 = CARTESIAN_POINT('',(10.80619939297,0.498682606882,7.2));
#11729 = CARTESIAN_POINT('',(10.961087288472,0.910034451804,7.2));
#11730 = CARTESIAN_POINT('',(11.047042690424,1.173195429452,7.2));
#11731 = CARTESIAN_POINT('',(11.095257505386,1.34853073657,7.2));
#11732 = CARTESIAN_POINT('',(11.115124089736,1.43078899178,7.2));
#11733 = CARTESIAN_POINT('',(11.127584579189,1.486066095421,7.2));
#11734 = CARTESIAN_POINT('',(11.141223018243,1.556245582622,7.2));
#11735 = CARTESIAN_POINT('',(11.15332596005,1.642844575881,7.2));
#11736 = CARTESIAN_POINT('',(11.142491458757,1.7733900709,7.2));
#11737 = CARTESIAN_POINT('',(11.13329344242,1.996386407778,7.2));
#11738 = CARTESIAN_POINT('',(11.115082060408,2.317788117922,7.2));
#11739 = CARTESIAN_POINT('',(11.101865317347,2.57415334433,7.2));
#11740 = CARTESIAN_POINT('',(11.095256945816,2.702335957533,7.2));
#11741 = CARTESIAN_POINT('',(8.55,-1.845879267803,7.267282331735));
#11742 = CARTESIAN_POINT('',(8.576784336676,-1.845303482006,
    7.267282331735));
#11743 = CARTESIAN_POINT('',(8.630353010027,-1.844151910412,
    7.267282331735));
#11744 = CARTESIAN_POINT('',(8.7238269922,-1.834214420134,7.267282331735
    ));
#11745 = CARTESIAN_POINT('',(8.86965209868,-1.806903798801,
    7.267282331735));
#11746 = CARTESIAN_POINT('',(9.042273298935,-1.747941307691,
    7.267282331735));
#11747 = CARTESIAN_POINT('',(9.219038785405,-1.660211921681,
    7.267282331735));
#11748 = CARTESIAN_POINT('',(9.425906070495,-1.527136599008,
    7.267282331735));
#11749 = CARTESIAN_POINT('',(9.646277925437,-1.339441966078,
    7.267282331735));
#11750 = CARTESIAN_POINT('',(9.950342417084,-1.012014860355,
    7.267282331735));
#11751 = CARTESIAN_POINT('',(10.265393923099,-0.566396933597,
    7.267282331735));
#11752 = CARTESIAN_POINT('',(10.580848180538,3.325591503494E-03,
    7.267282331735));
#11753 = CARTESIAN_POINT('',(10.802697273717,0.501019049345,
    7.267282331735));
#11754 = CARTESIAN_POINT('',(10.957375879555,0.911913365851,
    7.267282331735));
#11755 = CARTESIAN_POINT('',(11.043214494237,1.174776522064,
    7.267282331735));
#11756 = CARTESIAN_POINT('',(11.091358529254,1.349912526549,
    7.267282331735));
#11757 = CARTESIAN_POINT('',(11.111198821233,1.432074916446,
    7.267282331735));
#11758 = CARTESIAN_POINT('',(11.123599579485,1.487308199736,
    7.267282331735));
#11759 = CARTESIAN_POINT('',(11.137289803947,1.557369694319,
    7.267282331735));
#11760 = CARTESIAN_POINT('',(11.149252021391,1.64393072903,
    7.267282331735));
#11761 = CARTESIAN_POINT('',(11.138249328276,1.774409255997,
    7.267282331735));
#11762 = CARTESIAN_POINT('',(11.129176715315,1.997054805872,
    7.267282331735));
#11763 = CARTESIAN_POINT('',(11.110926434859,2.318076735991,
    7.267282331735));
#11764 = CARTESIAN_POINT('',(11.097736718912,2.574105775379,
    7.267282331735));
#11765 = CARTESIAN_POINT('',(11.091141860939,2.702120295073,
    7.267282331735));
#11766 = CARTESIAN_POINT('',(8.55,-1.837637803407,7.401846995205));
#11767 = CARTESIAN_POINT('',(8.576745486892,-1.837059887424,
    7.401846995205));
#11768 = CARTESIAN_POINT('',(8.630236460677,-1.835904055459,
    7.401846995206));
#11769 = CARTESIAN_POINT('',(8.723503150653,-1.825939021109,
    7.401846995206));
#11770 = CARTESIAN_POINT('',(8.868936761253,-1.798577338477,
    7.401846995206));
#11771 = CARTESIAN_POINT('',(9.040991615144,-1.739564230613,
    7.401846995206));
#11772 = CARTESIAN_POINT('',(9.217129910374,-1.651826094968,
    7.401846995206));
#11773 = CARTESIAN_POINT('',(9.423237798215,-1.518803614004,
    7.401846995205));
#11774 = CARTESIAN_POINT('',(9.642827158428,-1.33129697236,
    7.401846995205));
#11775 = CARTESIAN_POINT('',(9.945866821118,-1.004334144794,
    7.401846995205));
#11776 = CARTESIAN_POINT('',(10.259924064559,-0.559505575619,
    7.401846995206));
#11777 = CARTESIAN_POINT('',(10.574463701575,9.067024069433E-03,
    7.401846995205));
#11778 = CARTESIAN_POINT('',(10.795693035209,0.50569193427,
    7.401846995205));
#11779 = CARTESIAN_POINT('',(10.94995306172,0.915671193945,
    7.401846995205));
#11780 = CARTESIAN_POINT('',(11.035558101861,1.177938707288,
    7.401846995205));
#11781 = CARTESIAN_POINT('',(11.08356057699,1.352676106505,
    7.401846995205));
#11782 = CARTESIAN_POINT('',(11.103348284229,1.434646765776,
    7.401846995205));
#11783 = CARTESIAN_POINT('',(11.115629580076,1.489792408367,
    7.401846995205));
#11784 = CARTESIAN_POINT('',(11.129423375354,1.559617917712,
    7.401846995205));
#11785 = CARTESIAN_POINT('',(11.141104144074,1.646103035326,
    7.401846995205));
#11786 = CARTESIAN_POINT('',(11.129765067313,1.776447626189,
    7.401846995205));
#11787 = CARTESIAN_POINT('',(11.120943261106,1.99839160206,
    7.401846995205));
#11788 = CARTESIAN_POINT('',(11.102615183759,2.318653972129,
    7.401846995206));
#11789 = CARTESIAN_POINT('',(11.089479522042,2.574010637478,
    7.401846995206));
#11790 = CARTESIAN_POINT('',(11.082911691184,2.701688970153,
    7.401846995206));
#11791 = CARTESIAN_POINT('',(8.55,-1.755036335414,7.651087576871));
#11792 = CARTESIAN_POINT('',(8.57635021146,-1.754432850614,
    7.651087576871));
#11793 = CARTESIAN_POINT('',(8.629050634379,-1.753225881012,
    7.651087576871));
#11794 = CARTESIAN_POINT('',(8.72019534469,-1.742962048793,
    7.651087576871));
#11795 = CARTESIAN_POINT('',(8.861642152628,-1.715058633292,
    7.651087576871));
#11796 = CARTESIAN_POINT('',(9.027924854574,-1.655499544327,
    7.651087576871));
#11797 = CARTESIAN_POINT('',(9.197752156189,-1.567676007021,
    7.651087576871));
#11798 = CARTESIAN_POINT('',(9.39621852915,-1.435185000249,
    7.651087576871));
#11799 = CARTESIAN_POINT('',(9.608024450221,-1.249609782213,
    7.651087576871));
#11800 = CARTESIAN_POINT('',(9.900856850038,-0.927347144968,
    7.651087576871));
#11801 = CARTESIAN_POINT('',(10.204995584351,-0.490458331161,
    7.651087576871));
#11802 = CARTESIAN_POINT('',(10.510417672225,6.657226510927E-02,
    7.651087576871));
#11803 = CARTESIAN_POINT('',(10.72545855692,0.552488332182,
    7.651087576871));
#11804 = CARTESIAN_POINT('',(10.875537315966,0.953302375975,
    7.651087576871));
#11805 = CARTESIAN_POINT('',(10.958806517265,1.209605810069,
    7.651087576871));
#11806 = CARTESIAN_POINT('',(11.005391257567,1.380353623435,
    7.651087576871));
#11807 = CARTESIAN_POINT('',(11.024462946595,1.460487814393,
    7.651087576871));
#11808 = CARTESIAN_POINT('',(11.036887046619,1.514120842008,
    7.651087576871));
#11809 = CARTESIAN_POINT('',(11.049482225951,1.582648697489,
    7.651087576871));
#11810 = CARTESIAN_POINT('',(11.057202747004,1.669106478512,
    7.651087576871));
#11811 = CARTESIAN_POINT('',(11.046009559409,1.796098543699,
    7.651087576871));
#11812 = CARTESIAN_POINT('',(11.037508381754,2.012279084986,
    7.651087576871));
#11813 = CARTESIAN_POINT('',(11.019604416135,2.324254128548,
    7.651087576871));
#11814 = CARTESIAN_POINT('',(11.006817089133,2.572995338408,
    7.651087576871));
#11815 = CARTESIAN_POINT('',(11.000423425632,2.697365943339,
    7.651087576871));
#11816 = CARTESIAN_POINT('',(8.55,-1.571737530291,7.921737530291));
#11817 = CARTESIAN_POINT('',(8.575497947143,-1.571079496652,
    7.921737530291));
#11818 = CARTESIAN_POINT('',(8.62649384143,-1.569763429374,
    7.921737530291));
#11819 = CARTESIAN_POINT('',(8.712790041656,-1.558747323261,
    7.921737530291));
#11820 = CARTESIAN_POINT('',(8.845019047563,-1.529457005835,
    7.921737530291));
#11821 = CARTESIAN_POINT('',(8.998165379436,-1.468556205389,
    7.921737530291));
#11822 = CARTESIAN_POINT('',(9.153600666932,-1.380395857131,
    7.921737530291));
#11823 = CARTESIAN_POINT('',(9.335263052766,-1.249252840625,
    7.921737530291));
#11824 = CARTESIAN_POINT('',(9.529737802226,-1.068004070506,
    7.921737530291));
#11825 = CARTESIAN_POINT('',(9.800305641656,-0.756453157359,
    7.921737530291));
#11826 = CARTESIAN_POINT('',(10.08260619477,-0.337296022193,
    7.921737530291));
#11827 = CARTESIAN_POINT('',(10.368048553566,0.194018543159,
    7.921737530291));
#11828 = CARTESIAN_POINT('',(10.56946525894,0.656167150615,
    7.921737530291));
#11829 = CARTESIAN_POINT('',(10.710292946797,1.036683725149,
    7.921737530291));
#11830 = CARTESIAN_POINT('',(10.788502935198,1.279726203999,
    7.921737530291));
#11831 = CARTESIAN_POINT('',(10.83177712678,1.441729676134,
    7.921737530291));
#11832 = CARTESIAN_POINT('',(10.850365777175,1.517298511803,
    7.921737530291));
#11833 = CARTESIAN_POINT('',(10.855792111685,1.571089958328,
    7.921737530291));
#11834 = CARTESIAN_POINT('',(10.881355027984,1.62899481461,
    7.921737530291));
#11835 = CARTESIAN_POINT('',(10.865574047649,1.722782222825,
    7.921737530291));
#11836 = CARTESIAN_POINT('',(10.863270991557,1.837864835635,
    7.921737530291));
#11837 = CARTESIAN_POINT('',(10.85013843098,2.044109777226,
    7.921737530291));
#11838 = CARTESIAN_POINT('',(10.836106049794,2.336225781473,
    7.921737530291));
#11839 = CARTESIAN_POINT('',(10.823619233365,2.57059047722,
    7.921737530291));
#11840 = CARTESIAN_POINT('',(10.817375825151,2.687772825094,
    7.921737530291));
#11841 = CARTESIAN_POINT('',(8.55,-1.301087576871,8.105036335414));
#11842 = CARTESIAN_POINT('',(8.574090387054,-1.300239667889,
    8.105036335414));
#11843 = CARTESIAN_POINT('',(8.622271161161,-1.298543849924,
    8.105036335414));
#11844 = CARTESIAN_POINT('',(8.699994217329,-1.28572374881,
    8.105036335414));
#11845 = CARTESIAN_POINT('',(8.816571087375,-1.25347181191,
    8.105036335414));
#11846 = CARTESIAN_POINT('',(8.94786035497,-1.189684121917,
    8.105036335414));
#11847 = CARTESIAN_POINT('',(9.081647528253,-1.10125853357,
    8.105036335414));
#11848 = CARTESIAN_POINT('',(9.238575586568,-0.972600338222,
    8.105036335414));
#11849 = CARTESIAN_POINT('',(9.408851716867,-0.798834233035,
    8.105036335414));
#11850 = CARTESIAN_POINT('',(9.648186773892,-0.504210353223,
    8.105036335414));
#11851 = CARTESIAN_POINT('',(9.899403953657,-0.111888865627,
    8.105036335414));
#11852 = CARTESIAN_POINT('',(10.156476917551,0.381147442639,
    8.105036335414));
#11853 = CARTESIAN_POINT('',(10.338250220633,0.808301420631,
    8.105036335414));
#11854 = CARTESIAN_POINT('',(10.465977345106,1.158898934474,
    8.105036335414));
#11855 = CARTESIAN_POINT('',(10.536241456086,1.382837947898,
    8.105036335414));
#11856 = CARTESIAN_POINT('',(10.575660900527,1.531522467875,
    8.105036335414));
#11857 = CARTESIAN_POINT('',(10.588877252762,1.602556516692,
    8.105036335414));
#11858 = CARTESIAN_POINT('',(10.612229748914,1.642991794949,
    8.105036335414));
#11859 = CARTESIAN_POINT('',(10.593238317464,1.717281855616,
    8.105036335414));
#11860 = CARTESIAN_POINT('',(10.594225931804,1.794545297404,
    8.105036335414));
#11861 = CARTESIAN_POINT('',(10.586936949655,1.901892253127,
    8.105036335414));
#11862 = CARTESIAN_POINT('',(10.578235408017,2.087707660685,
    8.105036335414));
#11863 = CARTESIAN_POINT('',(10.563698568929,2.354218886316,
    8.105036335414));
#11864 = CARTESIAN_POINT('',(10.552630715034,2.567145029422,
    8.105036335414));
#11865 = CARTESIAN_POINT('',(10.547096788086,2.673608100975,
    8.105036335414));
#11866 = CARTESIAN_POINT('',(8.55,-1.051846995205,8.187637803407));
#11867 = CARTESIAN_POINT('',(8.572744722568,-1.050741918627,
    8.187637803407));
#11868 = CARTESIAN_POINT('',(8.618234167703,-1.048531765469,
    8.187637803407));
#11869 = CARTESIAN_POINT('',(8.685178724755,-1.032724184956,
    8.187637803407));
#11870 = CARTESIAN_POINT('',(8.783047993104,-0.996029848617,
    8.187637803407));
#11871 = CARTESIAN_POINT('',(8.892711270178,-0.929471892105,
    8.187637803407));
#11872 = CARTESIAN_POINT('',(9.007219499072,-0.841592666,8.187637803406)
  );
#11873 = CARTESIAN_POINT('',(9.142578077647,-0.716303735759,
    8.187637803406));
#11874 = CARTESIAN_POINT('',(9.292513215761,-0.550655665931,
    8.187637803406));
#11875 = CARTESIAN_POINT('',(9.503893078598,-0.272209438746,
    8.187637803407));
#11876 = CARTESIAN_POINT('',(9.728504842692,9.444742687232E-02,
    8.187637803407));
#11877 = CARTESIAN_POINT('',(9.960193024002,0.55223342627,8.187637803407
    ));
#11878 = CARTESIAN_POINT('',(10.124445267828,0.947278737183,
    8.187637803407));
#11879 = CARTESIAN_POINT('',(10.240636827197,1.270465197493,
    8.187637803407));
#11880 = CARTESIAN_POINT('',(10.303117875894,1.477246201653,
    8.187637803406));
#11881 = CARTESIAN_POINT('',(10.340023443329,1.613373396969,
    8.187637803407));
#11882 = CARTESIAN_POINT('',(10.354397556503,1.677586800298,
    8.187637803407));
#11883 = CARTESIAN_POINT('',(10.343766618283,1.72991105697,
    8.187637803407));
#11884 = CARTESIAN_POINT('',(10.345035373029,1.78828038159,
    8.187637803407));
#11885 = CARTESIAN_POINT('',(10.339770516602,1.861638722045,
    8.187637803407));
#11886 = CARTESIAN_POINT('',(10.335173256658,1.958261119224,
    8.187637803407));
#11887 = CARTESIAN_POINT('',(10.325991651527,2.127908416583,
    8.187637803407));
#11888 = CARTESIAN_POINT('',(10.313465406712,2.369971848479,
    8.187637803407));
#11889 = CARTESIAN_POINT('',(10.303286990221,2.563699854026,
    8.187637803407));
#11890 = CARTESIAN_POINT('',(10.298197781975,2.660563856799,
    8.187637803407));
#11891 = CARTESIAN_POINT('',(8.55,-0.917282331735,8.195879267802));
#11892 = CARTESIAN_POINT('',(8.571171486479,-0.915656342756,
    8.195879267802));
#11893 = CARTESIAN_POINT('',(8.613514459436,-0.912404364798,
    8.195879267802));
#11894 = CARTESIAN_POINT('',(8.671060011852,-0.893651689324,
    8.195879267802));
#11895 = CARTESIAN_POINT('',(8.757942437899,-0.854556610107,
    8.195879267802));
#11896 = CARTESIAN_POINT('',(8.85732729518,-0.787505759748,
    8.195879267802));
#11897 = CARTESIAN_POINT('',(8.961778320753,-0.700346985322,
    8.195879267802));
#11898 = CARTESIAN_POINT('',(9.087023515472,-0.577784252292,
    8.195879267802));
#11899 = CARTESIAN_POINT('',(9.226589223558,-0.416897781455,
    8.195879267802));
#11900 = CARTESIAN_POINT('',(9.423565217342,-0.147575391454,
    8.195879267802));
#11901 = CARTESIAN_POINT('',(9.634948120949,0.204836629058,
    8.195879267802));
#11902 = CARTESIAN_POINT('',(9.853334594922,0.643675953196,
    8.195879267802));
#11903 = CARTESIAN_POINT('',(10.008502332793,1.021501097866,
    8.195879267802));
#11904 = CARTESIAN_POINT('',(10.118698261883,1.330063401749,
    8.195879267802));
#11905 = CARTESIAN_POINT('',(10.17688895946,1.527738136967,
    8.195879267802));
#11906 = CARTESIAN_POINT('',(10.212747175076,1.657122476167,
    8.195879267802));
#11907 = CARTESIAN_POINT('',(10.213987108147,1.723673863285,
    8.195879267802));
#11908 = CARTESIAN_POINT('',(10.209083507673,1.77076792723,
    8.195879267802));
#11909 = CARTESIAN_POINT('',(10.207460758721,1.827442967049,
    8.195879267802));
#11910 = CARTESIAN_POINT('',(10.203398972592,1.896492675008,
    8.195879267802));
#11911 = CARTESIAN_POINT('',(10.19873916375,1.988185496179,
    8.195879267802));
#11912 = CARTESIAN_POINT('',(10.190229733475,2.148823373544,
    8.195879267802));
#11913 = CARTESIAN_POINT('',(10.178257694861,2.378214975934,
    8.195879267802));
#11914 = CARTESIAN_POINT('',(10.16863092142,2.561752516285,
    8.195879267802));
#11915 = CARTESIAN_POINT('',(10.163817534699,2.65352128646,
    8.195879267802));
#11916 = CARTESIAN_POINT('',(8.55,-0.85,8.2));
#11917 = CARTESIAN_POINT('',(8.570384868434,-0.848113554821,8.2));
#11918 = CARTESIAN_POINT('',(8.611154605303,-0.844340664463,8.2));
#11919 = CARTESIAN_POINT('',(8.6640006554,-0.824115441508,8.2));
#11920 = CARTESIAN_POINT('',(8.745389660297,-0.783819990853,8.2));
#11921 = CARTESIAN_POINT('',(8.83963530768,-0.71652269357,8.2));
#11922 = CARTESIAN_POINT('',(8.939057731594,-0.629724144983,8.2));
#11923 = CARTESIAN_POINT('',(9.059246234384,-0.508524510559,8.2));
#11924 = CARTESIAN_POINT('',(9.193627227456,-0.350018839217,8.2));
#11925 = CARTESIAN_POINT('',(9.383401286713,-8.52583678087E-02,8.2));
#11926 = CARTESIAN_POINT('',(9.588169760078,0.260031230151,8.2));
#11927 = CARTESIAN_POINT('',(9.799905380382,0.689397216658,8.2));
#11928 = CARTESIAN_POINT('',(9.950530865276,1.058612278208,8.2));
#11929 = CARTESIAN_POINT('',(10.057728979225,1.359862503877,8.2));
#11930 = CARTESIAN_POINT('',(10.113774501243,1.552984104624,8.2));
#11931 = CARTESIAN_POINT('',(10.14910904095,1.678997015766,8.2));
#11932 = CARTESIAN_POINT('',(10.143781883969,1.746717394779,8.2));
#11933 = CARTESIAN_POINT('',(10.141741952368,1.79119636236,8.2));
#11934 = CARTESIAN_POINT('',(10.138673451566,1.847024259778,8.2));
#11935 = CARTESIAN_POINT('',(10.135213200587,1.91391965149,8.2));
#11936 = CARTESIAN_POINT('',(10.130522117296,2.003147684656,8.2));
#11937 = CARTESIAN_POINT('',(10.12234877445,2.159280852025,8.2));
#11938 = CARTESIAN_POINT('',(10.110653838936,2.382336539662,8.2));
#11939 = CARTESIAN_POINT('',(10.10130288702,2.560778847414,8.2));
#11940 = CARTESIAN_POINT('',(10.096627411061,2.65000000129,8.2));
#11941 = DEFINITIONAL_REPRESENTATION('',(#11942),#11990);
#11942 = B_SPLINE_CURVE_WITH_KNOTS('',3,(#11943,#11944,#11945,#11946,
    #11947,#11948,#11949,#11950,#11951,#11952,#11953,#11954,#11955,
    #11956,#11957,#11958,#11959,#11960,#11961,#11962,#11963,#11964,
    #11965,#11966,#11967,#11968,#11969,#11970,#11971,#11972,#11973,
    #11974,#11975,#11976,#11977,#11978,#11979,#11980,#11981,#11982,
    #11983,#11984,#11985,#11986,#11987,#11988,#11989),.UNSPECIFIED.,.F.,
  .F.,(4,1,1,1,1,1,1,1,1,1,1,1,1,1,1,1,1,1,1,1,1,1,1,1,1,1,1,1,1,1,1,1,1
    ,1,1,1,1,1,1,1,1,1,1,1,4),(0.,3.546493338056E-05,7.092986676112E-05,
    1.063948001417E-04,1.418597335222E-04,1.773246669028E-04,
    2.127896002834E-04,2.482545336639E-04,2.837194670445E-04,
    3.191844004251E-04,3.546493338056E-04,3.901142671862E-04,
    4.255792005667E-04,4.610441339473E-04,4.965090673279E-04,
    5.319740007084E-04,5.67438934089E-04,6.029038674695E-04,
    6.383688008501E-04,6.738337342307E-04,7.092986676112E-04,
    7.447636009918E-04,7.802285343723E-04,8.156934677529E-04,
    8.511584011335E-04,8.86623334514E-04,9.220882678946E-04,
    9.575532012752E-04,9.930181346557E-04,1.028483068036E-03,
    1.063948001417E-03,1.099412934797E-03,1.134877868178E-03,
    1.170342801559E-03,1.205807734939E-03,1.24127266832E-03,
    1.2767376017E-03,1.312202535081E-03,1.347667468461E-03,
    1.383132401842E-03,1.418597335222E-03,1.454062268603E-03,
    1.489527201984E-03,1.524992135364E-03,1.560457068745E-03),
  .QUASI_UNIFORM_KNOTS.);
#11943 = CARTESIAN_POINT('',(1.821822382234E-04,0.954303333026));
#11944 = CARTESIAN_POINT('',(7.521739277243E-03,0.954294761952));
#11945 = CARTESIAN_POINT('',(2.221315139891E-02,0.954277611285));
#11946 = CARTESIAN_POINT('',(4.429711383832E-02,0.954248377385));
#11947 = CARTESIAN_POINT('',(6.643754076608E-02,0.954212198913));
#11948 = CARTESIAN_POINT('',(8.864520704462E-02,0.954165479359));
#11949 = CARTESIAN_POINT('',(0.110933156235,0.954104614514));
#11950 = CARTESIAN_POINT('',(0.133310077715,0.954025371115));
#11951 = CARTESIAN_POINT('',(0.15583240068,0.953925063346));
#11952 = CARTESIAN_POINT('',(0.178486225902,0.953804853033));
#11953 = CARTESIAN_POINT('',(0.201268516769,0.953665311431));
#11954 = CARTESIAN_POINT('',(0.224167144775,0.953507393474));
#11955 = CARTESIAN_POINT('',(0.247204451083,0.953331850349));
#11956 = CARTESIAN_POINT('',(0.270291911615,0.953140759508));
#11957 = CARTESIAN_POINT('',(0.293348138422,0.952935333544));
#11958 = CARTESIAN_POINT('',(0.316409158317,0.952715489413));
#11959 = CARTESIAN_POINT('',(0.339481567098,0.952481304494));
#11960 = CARTESIAN_POINT('',(0.362579894154,0.952232568105));
#11961 = CARTESIAN_POINT('',(0.385714396852,0.951968824167));
#11962 = CARTESIAN_POINT('',(0.408892346656,0.951689278973));
#11963 = CARTESIAN_POINT('',(0.432115256362,0.951392790158));
#11964 = CARTESIAN_POINT('',(0.455380486222,0.951077856678));
#11965 = CARTESIAN_POINT('',(0.478673431626,0.950742890897));
#11966 = CARTESIAN_POINT('',(0.502001799241,0.950385877381));
#11967 = CARTESIAN_POINT('',(0.525288431573,0.950006785154));
#11968 = CARTESIAN_POINT('',(0.548472253806,0.949607844042));
#11969 = CARTESIAN_POINT('',(0.571625162904,0.949190401542));
#11970 = CARTESIAN_POINT('',(0.594801936825,0.948756105246));
#11971 = CARTESIAN_POINT('',(0.618042399038,0.948305789225));
#11972 = CARTESIAN_POINT('',(0.64134725568,0.947839199249));
#11973 = CARTESIAN_POINT('',(0.664669284896,0.947354577918));
#11974 = CARTESIAN_POINT('',(0.687911532858,0.946848871909));
#11975 = CARTESIAN_POINT('',(0.710941515972,0.946318509356));
#11976 = CARTESIAN_POINT('',(0.733629377673,0.945761012871));
#11977 = CARTESIAN_POINT('',(0.755934902275,0.945175110535));
#11978 = CARTESIAN_POINT('',(0.778174763395,0.944568841243));
#11979 = CARTESIAN_POINT('',(0.800641265361,0.943948977124));
#11980 = CARTESIAN_POINT('',(0.823298399446,0.943312780639));
#11981 = CARTESIAN_POINT('',(0.845761242833,0.942652763953));
#11982 = CARTESIAN_POINT('',(0.86787046631,0.941965243213));
#11983 = CARTESIAN_POINT('',(0.889789745763,0.941249720404));
#11984 = CARTESIAN_POINT('',(0.911737912882,0.940510213904));
#11985 = CARTESIAN_POINT('',(0.933754926283,0.939747650144));
#11986 = CARTESIAN_POINT('',(0.955841874288,0.938962702934));
#11987 = CARTESIAN_POINT('',(0.977952222035,0.938155735646));
#11988 = CARTESIAN_POINT('',(0.992659893982,0.937603369406));
#11989 = CARTESIAN_POINT('',(0.999994774089,0.93732365872));
#11990 = ( GEOMETRIC_REPRESENTATION_CONTEXT(2) 
PARAMETRIC_REPRESENTATION_CONTEXT() REPRESENTATION_CONTEXT('2D SPACE',''
  ) );
#11991 = ORIENTED_EDGE('',*,*,#11992,.F.);
#11992 = EDGE_CURVE('',#11163,#11678,#11993,.T.);
#11993 = SURFACE_CURVE('',#11994,(#11998,#12005),.PCURVE_S1.);
#11994 = LINE('',#11995,#11996);
#11995 = CARTESIAN_POINT('',(11.15,1.65,-1.7763568394E-15));
#11996 = VECTOR('',#11997,1.);
#11997 = DIRECTION('',(0.,0.,1.));
#11998 = PCURVE('',#11124,#11999);
#11999 = DEFINITIONAL_REPRESENTATION('',(#12000),#12004);
#12000 = LINE('',#12001,#12002);
#12001 = CARTESIAN_POINT('',(-0.2,-8.4));
#12002 = VECTOR('',#12003,1.);
#12003 = DIRECTION('',(0.,1.));
#12004 = ( GEOMETRIC_REPRESENTATION_CONTEXT(2) 
PARAMETRIC_REPRESENTATION_CONTEXT() REPRESENTATION_CONTEXT('2D SPACE',''
  ) );
#12005 = PCURVE('',#12006,#12017);
#12006 = B_SPLINE_SURFACE_WITH_KNOTS('',3,1,(
    (#12007,#12008)
    ,(#12009,#12010)
    ,(#12011,#12012)
    ,(#12013,#12014)
    ,(#12015,#12016
    )),.UNSPECIFIED.,.F.,.F.,.F.,(4,1,4),(2,2),(0.,0.190294920399,1.),(
    0.,1.),.UNSPECIFIED.);
#12007 = CARTESIAN_POINT('',(8.55,-1.85,0.3));
#12008 = CARTESIAN_POINT('',(8.55,-1.85,7.201035833359));
#12009 = CARTESIAN_POINT('',(8.849536700072,-1.85,0.3));
#12010 = CARTESIAN_POINT('',(8.849536700072,-1.85,7.201035833359));
#12011 = CARTESIAN_POINT('',(10.316217719061,-1.263238856339,0.3));
#12012 = CARTESIAN_POINT('',(10.316217719061,-1.263238856339,
    7.201035833359));
#12013 = CARTESIAN_POINT('',(11.15,1.312701483717,0.3));
#12014 = CARTESIAN_POINT('',(11.15,1.312701483717,7.201035833359));
#12015 = CARTESIAN_POINT('',(11.15,1.65,0.3));
#12016 = CARTESIAN_POINT('',(11.15,1.65,7.201035833359));
#12017 = DEFINITIONAL_REPRESENTATION('',(#12018),#12021);
#12018 = B_SPLINE_CURVE_WITH_KNOTS('',1,(#12019,#12020),.UNSPECIFIED.,
  .F.,.F.,(2,2),(0.3,7.200293104852),.PIECEWISE_BEZIER_KNOTS.);
#12019 = CARTESIAN_POINT('',(1.,0.));
#12020 = CARTESIAN_POINT('',(1.,0.999892374344));
#12021 = ( GEOMETRIC_REPRESENTATION_CONTEXT(2) 
PARAMETRIC_REPRESENTATION_CONTEXT() REPRESENTATION_CONTEXT('2D SPACE',''
  ) );
#12022 = ADVANCED_FACE('',(#12023),#12006,.T.);
#12023 = FACE_BOUND('',#12024,.T.);
#12024 = EDGE_LOOP('',(#12025,#12122,#12123,#12191,#12259,#12327,#12397,
    #12465,#12583,#12610));
#12025 = ORIENTED_EDGE('',*,*,#12026,.F.);
#12026 = EDGE_CURVE('',#11163,#12027,#12029,.T.);
#12027 = VERTEX_POINT('',#12028);
#12028 = CARTESIAN_POINT('',(9.519352853658,-1.450000000001,0.3));
#12029 = SURFACE_CURVE('',#12030,(#12049,#12100),.PCURVE_S1.);
#12030 = B_SPLINE_CURVE_WITH_KNOTS('',3,(#12031,#12032,#12033,#12034,
    #12035,#12036,#12037,#12038,#12039,#12040,#12041,#12042,#12043,
    #12044,#12045,#12046,#12047,#12048),.UNSPECIFIED.,.F.,.F.,(4,2,2,2,2
    ,2,2,2,4),(0.,1.111768086641E-04,2.223536173282E-04,
    4.447072346564E-04,8.894144693128E-04,1.778828938626E-03,
    2.668243407938E-03,3.112950642595E-03,3.557657877251E-03),
  .UNSPECIFIED.);
#12031 = CARTESIAN_POINT('',(11.15,1.65,0.3));
#12032 = CARTESIAN_POINT('',(11.15,1.611762888051,0.3));
#12033 = CARTESIAN_POINT('',(11.143901784048,1.575075666467,0.3));
#12034 = CARTESIAN_POINT('',(11.13095234819,1.501892602806,0.3));
#12035 = CARTESIAN_POINT('',(11.123164495052,1.465634810486,0.3));
#12036 = CARTESIAN_POINT('',(11.097837724528,1.357360392896,0.3));
#12037 = CARTESIAN_POINT('',(11.078286579222,1.285855184848,0.3));
#12038 = CARTESIAN_POINT('',(11.015373985571,1.072422045743,0.3));
#12039 = CARTESIAN_POINT('',(10.967495771693,0.931324379801,0.3));
#12040 = CARTESIAN_POINT('',(10.813071905036,0.513891824002,0.3));
#12041 = CARTESIAN_POINT('',(10.695568789273,0.242858553649,0.3));
#12042 = CARTESIAN_POINT('',(10.4304080659,-0.284175982565,0.3));
#12043 = CARTESIAN_POINT('',(10.282904924516,-0.540254249788,0.3));
#12044 = CARTESIAN_POINT('',(10.02585235968,-0.906526432528,0.3));
#12045 = CARTESIAN_POINT('',(9.934822755315,-1.02443311331,0.3));
#12046 = CARTESIAN_POINT('',(9.738832758914,-1.248051974793,0.3));
#12047 = CARTESIAN_POINT('',(9.632938378916,-1.354674774978,0.3));
#12048 = CARTESIAN_POINT('',(9.519352853658,-1.450000000001,0.3));
#12049 = PCURVE('',#12006,#12050);
#12050 = DEFINITIONAL_REPRESENTATION('',(#12051),#12099);
#12051 = B_SPLINE_CURVE_WITH_KNOTS('',3,(#12052,#12053,#12054,#12055,
    #12056,#12057,#12058,#12059,#12060,#12061,#12062,#12063,#12064,
    #12065,#12066,#12067,#12068,#12069,#12070,#12071,#12072,#12073,
    #12074,#12075,#12076,#12077,#12078,#12079,#12080,#12081,#12082,
    #12083,#12084,#12085,#12086,#12087,#12088,#12089,#12090,#12091,
    #12092,#12093,#12094,#12095,#12096,#12097,#12098),.UNSPECIFIED.,.F.,
  .F.,(4,1,1,1,1,1,1,1,1,1,1,1,1,1,1,1,1,1,1,1,1,1,1,1,1,1,1,1,1,1,1,1,1
    ,1,1,1,1,1,1,1,1,1,1,1,4),(0.,8.085586084662E-05,1.617117216932E-04,
    2.425675825399E-04,3.234234433865E-04,4.042793042331E-04,
    4.851351650797E-04,5.659910259263E-04,6.46846886773E-04,
    7.277027476196E-04,8.085586084662E-04,8.894144693128E-04,
    9.702703301594E-04,1.051126191006E-03,1.131982051853E-03,
    1.212837912699E-03,1.293693773546E-03,1.374549634393E-03,
    1.455405495239E-03,1.536261356086E-03,1.617117216932E-03,
    1.697973077779E-03,1.778828938626E-03,1.859684799472E-03,
    1.940540660319E-03,2.021396521166E-03,2.102252382012E-03,
    2.183108242859E-03,2.263964103705E-03,2.344819964552E-03,
    2.425675825399E-03,2.506531686245E-03,2.587387547092E-03,
    2.668243407938E-03,2.749099268785E-03,2.829955129632E-03,
    2.910810990478E-03,2.991666851325E-03,3.072522712172E-03,
    3.153378573018E-03,3.234234433865E-03,3.315090294711E-03,
    3.395946155558E-03,3.476802016405E-03,3.557657877251E-03),
  .QUASI_UNIFORM_KNOTS.);
#12052 = CARTESIAN_POINT('',(1.,0.));
#12053 = CARTESIAN_POINT('',(0.980024150525,-9.652664192165E-17));
#12054 = CARTESIAN_POINT('',(0.947644926646,-1.043577680006E-16));
#12055 = CARTESIAN_POINT('',(0.913995724574,1.239355831981E-16));
#12056 = CARTESIAN_POINT('',(0.884631966519,-5.277997105012E-18));
#12057 = CARTESIAN_POINT('',(0.858846856681,-1.02823594778E-16));
#12058 = CARTESIAN_POINT('',(0.835231864223,3.046580853045E-17));
#12059 = CARTESIAN_POINT('',(0.813287310946,-1.90396393438E-17));
#12060 = CARTESIAN_POINT('',(0.792593073785,4.569274884473E-17));
#12061 = CARTESIAN_POINT('',(0.772909670072,-1.637313560351E-16));
#12062 = CARTESIAN_POINT('',(0.754055916049,-1.629804600774E-16));
#12063 = CARTESIAN_POINT('',(0.735900162746,4.344006097155E-17));
#12064 = CARTESIAN_POINT('',(0.718342710868,-1.077978380878E-17));
#12065 = CARTESIAN_POINT('',(0.70130146597,-3.209257364378E-19));
#12066 = CARTESIAN_POINT('',(0.684699676293,1.206348675453E-17));
#12067 = CARTESIAN_POINT('',(0.668478173612,-4.793302128168E-17));
#12068 = CARTESIAN_POINT('',(0.652585994102,1.796685983722E-16));
#12069 = CARTESIAN_POINT('',(0.636979923926,1.014717631662E-16));
#12070 = CARTESIAN_POINT('',(0.621622456345,1.866574843362E-16));
#12071 = CARTESIAN_POINT('',(0.606480726221,-7.588856513783E-17));
#12072 = CARTESIAN_POINT('',(0.591525571352,1.168967762151E-16));
#12073 = CARTESIAN_POINT('',(0.576730838542,-5.591972035958E-18));
#12074 = CARTESIAN_POINT('',(0.562072832009,2.915776796153E-16));
#12075 = CARTESIAN_POINT('',(0.547529866176,-2.399043365533E-18));
#12076 = CARTESIAN_POINT('',(0.533081947011,1.041250615334E-16));
#12077 = CARTESIAN_POINT('',(0.518710316287,-2.799463508144E-17));
#12078 = CARTESIAN_POINT('',(0.504396992927,7.853478792352E-18));
#12079 = CARTESIAN_POINT('',(0.490124594988,-3.419280088007E-18));
#12080 = CARTESIAN_POINT('',(0.475876139004,5.823641559632E-18));
#12081 = CARTESIAN_POINT('',(0.461634894364,-1.987528615057E-17));
#12082 = CARTESIAN_POINT('',(0.447384166684,7.367750304259E-17));
#12083 = CARTESIAN_POINT('',(0.433107414215,1.112718416668E-16));
#12084 = CARTESIAN_POINT('',(0.418787193006,-1.326583020231E-16));
#12085 = CARTESIAN_POINT('',(0.404408537805,3.325479873901E-17));
#12086 = CARTESIAN_POINT('',(0.389945857715,-3.608929329902E-19));
#12087 = CARTESIAN_POINT('',(0.375411436621,-3.181122700712E-17));
#12088 = CARTESIAN_POINT('',(0.360822493891,1.84556908203E-16));
#12089 = CARTESIAN_POINT('',(0.346157007698,-2.064076236352E-16));
#12090 = CARTESIAN_POINT('',(0.331402515891,3.971377268954E-17));
#12091 = CARTESIAN_POINT('',(0.316541837513,-1.10749605843E-16));
#12092 = CARTESIAN_POINT('',(0.301560953084,-8.417294848268E-17));
#12093 = CARTESIAN_POINT('',(0.28639920615,1.693490785036E-17));
#12094 = CARTESIAN_POINT('',(0.271073459579,2.898450008617E-17));
#12095 = CARTESIAN_POINT('',(0.25558906939,-6.337061794846E-17));
#12096 = CARTESIAN_POINT('',(0.239953396371,-3.515519849068E-17));
#12097 = CARTESIAN_POINT('',(0.229432406491,-1.085883352724E-17));
#12098 = CARTESIAN_POINT('',(0.224148611411,0.));
#12099 = ( GEOMETRIC_REPRESENTATION_CONTEXT(2) 
PARAMETRIC_REPRESENTATION_CONTEXT() REPRESENTATION_CONTEXT('2D SPACE',''
  ) );
#12100 = PCURVE('',#10879,#12101);
#12101 = DEFINITIONAL_REPRESENTATION('',(#12102),#12121);
#12102 = B_SPLINE_CURVE_WITH_KNOTS('',3,(#12103,#12104,#12105,#12106,
    #12107,#12108,#12109,#12110,#12111,#12112,#12113,#12114,#12115,
    #12116,#12117,#12118,#12119,#12120),.UNSPECIFIED.,.F.,.F.,(4,2,2,2,2
    ,2,2,2,4),(0.,1.111768086641E-04,2.223536173282E-04,
    4.447072346564E-04,8.894144693128E-04,1.778828938626E-03,
    2.668243407938E-03,3.112950642595E-03,3.557657877251E-03),
  .UNSPECIFIED.);
#12103 = CARTESIAN_POINT('',(1.906213597756,-0.711039237159));
#12104 = CARTESIAN_POINT('',(1.867976485808,-0.711039237159));
#12105 = CARTESIAN_POINT('',(1.831289264223,-0.704941021207));
#12106 = CARTESIAN_POINT('',(1.758106200562,-0.69199158535));
#12107 = CARTESIAN_POINT('',(1.721848408243,-0.684203732212));
#12108 = CARTESIAN_POINT('',(1.613573990653,-0.658876961687));
#12109 = CARTESIAN_POINT('',(1.542068782605,-0.639325816382));
#12110 = CARTESIAN_POINT('',(1.3286356435,-0.57641322273));
#12111 = CARTESIAN_POINT('',(1.187537977557,-0.528535008852));
#12112 = CARTESIAN_POINT('',(0.770105421759,-0.374111142195));
#12113 = CARTESIAN_POINT('',(0.499072151405,-0.256608026432));
#12114 = CARTESIAN_POINT('',(-2.796238480866E-02,8.552696940326E-03));
#12115 = CARTESIAN_POINT('',(-0.284040652032,0.156055838325));
#12116 = CARTESIAN_POINT('',(-0.650312834772,0.413108403161));
#12117 = CARTESIAN_POINT('',(-0.768219515553,0.504138007526));
#12118 = CARTESIAN_POINT('',(-0.991838377037,0.700128003927));
#12119 = CARTESIAN_POINT('',(-1.098461177221,0.806022383924));
#12120 = CARTESIAN_POINT('',(-1.193786402244,0.919607909183));
#12121 = ( GEOMETRIC_REPRESENTATION_CONTEXT(2) 
PARAMETRIC_REPRESENTATION_CONTEXT() REPRESENTATION_CONTEXT('2D SPACE',''
  ) );
#12122 = ORIENTED_EDGE('',*,*,#11992,.T.);
#12123 = ORIENTED_EDGE('',*,*,#12124,.T.);
#12124 = EDGE_CURVE('',#11678,#12125,#12127,.T.);
#12125 = VERTEX_POINT('',#12126);
#12126 = CARTESIAN_POINT('',(11.014687640052,1.076705222293,
    7.200249919308));
#12127 = SURFACE_CURVE('',#12128,(#12133,#12162),.PCURVE_S1.);
#12128 = B_SPLINE_CURVE_WITH_KNOTS('',3,(#12129,#12130,#12131,#12132),
  .UNSPECIFIED.,.F.,.F.,(4,4),(0.,1.),.PIECEWISE_BEZIER_KNOTS.);
#12129 = CARTESIAN_POINT('',(11.15,1.65,7.200293104852));
#12130 = CARTESIAN_POINT('',(11.15,1.561303503225,7.200557419341));
#12131 = CARTESIAN_POINT('',(11.103316479724,1.351703707938,
    7.200528628978));
#12132 = CARTESIAN_POINT('',(11.014687640052,1.076705222293,
    7.200249919308));
#12133 = PCURVE('',#12006,#12134);
#12134 = DEFINITIONAL_REPRESENTATION('',(#12135),#12161);
#12135 = B_SPLINE_CURVE_WITH_KNOTS('',3,(#12136,#12137,#12138,#12139,
    #12140,#12141,#12142,#12143,#12144,#12145,#12146,#12147,#12148,
    #12149,#12150,#12151,#12152,#12153,#12154,#12155,#12156,#12157,
    #12158,#12159,#12160),.UNSPECIFIED.,.F.,.F.,(4,1,1,1,1,1,1,1,1,1,1,1
    ,1,1,1,1,1,1,1,1,1,1,4),(0.,4.545454545455E-02,9.090909090909E-02,
    0.136363636364,0.181818181818,0.227272727273,0.272727272727,
    0.318181818182,0.363636363636,0.409090909091,0.454545454545,0.5,
    0.545454545455,0.590909090909,0.636363636364,0.681818181818,
    0.727272727273,0.772727272727,0.818181818182,0.863636363636,
    0.909090909091,0.954545454545,1.),.QUASI_UNIFORM_KNOTS.);
#12136 = CARTESIAN_POINT('',(1.,0.999892374344));
#12137 = CARTESIAN_POINT('',(0.996773921284,0.999894115285));
#12138 = CARTESIAN_POINT('',(0.990321763713,0.99989742166));
#12139 = CARTESIAN_POINT('',(0.980643526823,0.999901858229));
#12140 = CARTESIAN_POINT('',(0.970965289195,0.999905775331));
#12141 = CARTESIAN_POINT('',(0.961287050939,0.999909176492));
#12142 = CARTESIAN_POINT('',(0.951608812186,0.999912065238));
#12143 = CARTESIAN_POINT('',(0.941930573098,0.999914445095));
#12144 = CARTESIAN_POINT('',(0.932252333837,0.99991631959));
#12145 = CARTESIAN_POINT('',(0.922574094562,0.999917692248));
#12146 = CARTESIAN_POINT('',(0.912895855428,0.999918566597));
#12147 = CARTESIAN_POINT('',(0.903217616586,0.999918946161));
#12148 = CARTESIAN_POINT('',(0.893539378187,0.999918834468));
#12149 = CARTESIAN_POINT('',(0.883861140379,0.999918235044));
#12150 = CARTESIAN_POINT('',(0.874182903315,0.999917151414));
#12151 = CARTESIAN_POINT('',(0.86450466715,0.999915587105));
#12152 = CARTESIAN_POINT('',(0.854826432041,0.999913545643));
#12153 = CARTESIAN_POINT('',(0.845148198156,0.999911030555));
#12154 = CARTESIAN_POINT('',(0.835469965666,0.999908045366));
#12155 = CARTESIAN_POINT('',(0.825791734753,0.999904593603));
#12156 = CARTESIAN_POINT('',(0.816113505607,0.999900678792));
#12157 = CARTESIAN_POINT('',(0.806435278431,0.999896304459));
#12158 = CARTESIAN_POINT('',(0.796757053437,0.999891474131));
#12159 = CARTESIAN_POINT('',(0.79030490505,0.999887952266));
#12160 = CARTESIAN_POINT('',(0.787078831297,0.999886116509));
#12161 = ( GEOMETRIC_REPRESENTATION_CONTEXT(2) 
PARAMETRIC_REPRESENTATION_CONTEXT() REPRESENTATION_CONTEXT('2D SPACE',''
  ) );
#12162 = PCURVE('',#11715,#12163);
#12163 = DEFINITIONAL_REPRESENTATION('',(#12164),#12190);
#12164 = B_SPLINE_CURVE_WITH_KNOTS('',3,(#12165,#12166,#12167,#12168,
    #12169,#12170,#12171,#12172,#12173,#12174,#12175,#12176,#12177,
    #12178,#12179,#12180,#12181,#12182,#12183,#12184,#12185,#12186,
    #12187,#12188,#12189),.UNSPECIFIED.,.F.,.F.,(4,1,1,1,1,1,1,1,1,1,1,1
    ,1,1,1,1,1,1,1,1,1,1,4),(0.,4.545454545455E-02,9.090909090909E-02,
    0.136363636364,0.181818181818,0.227272727273,0.272727272727,
    0.318181818182,0.363636363636,0.409090909091,0.454545454545,0.5,
    0.545454545455,0.590909090909,0.636363636364,0.681818181818,
    0.727272727273,0.772727272727,0.818181818182,0.863636363636,
    0.909090909091,0.954545454545,1.),.QUASI_UNIFORM_KNOTS.);
#12165 = CARTESIAN_POINT('',(1.821822382234E-04,0.954303333026));
#12166 = CARTESIAN_POINT('',(1.883068253017E-04,0.954122201064));
#12167 = CARTESIAN_POINT('',(2.021914980495E-04,0.953734251745));
#12168 = CARTESIAN_POINT('',(2.243900831975E-04,0.953074475251));
#12169 = CARTESIAN_POINT('',(2.439583377283E-04,0.952335563318));
#12170 = CARTESIAN_POINT('',(2.585288091356E-04,0.951517936128));
#12171 = CARTESIAN_POINT('',(2.675164564322E-04,0.950623111429));
#12172 = CARTESIAN_POINT('',(2.735751378373E-04,0.949653975681));
#12173 = CARTESIAN_POINT('',(2.807014569924E-04,0.948613671168));
#12174 = CARTESIAN_POINT('',(2.870251249864E-04,0.947502706658));
#12175 = CARTESIAN_POINT('',(2.917139075422E-04,0.946322134468));
#12176 = CARTESIAN_POINT('',(2.939373420139E-04,0.945073068473));
#12177 = CARTESIAN_POINT('',(2.934745588224E-04,0.943756910655));
#12178 = CARTESIAN_POINT('',(2.908577286546E-04,0.942375342259));
#12179 = CARTESIAN_POINT('',(2.863270987217E-04,0.940929908617));
#12180 = CARTESIAN_POINT('',(2.799593182738E-04,0.93942208998));
#12181 = CARTESIAN_POINT('',(2.713963372047E-04,0.93785322194));
#12182 = CARTESIAN_POINT('',(2.605675006129E-04,0.936224749385));
#12183 = CARTESIAN_POINT('',(2.475462193443E-04,0.934538164209));
#12184 = CARTESIAN_POINT('',(2.32667472287E-04,0.932795033851));
#12185 = CARTESIAN_POINT('',(2.162778464474E-04,0.930996916585));
#12186 = CARTESIAN_POINT('',(1.980512417781E-04,0.929145168686));
#12187 = CARTESIAN_POINT('',(1.778086845888E-04,0.927241199775));
#12188 = CARTESIAN_POINT('',(1.628938617927E-04,0.92593802981));
#12189 = CARTESIAN_POINT('',(1.550594430414E-04,0.925278218443));
#12190 = ( GEOMETRIC_REPRESENTATION_CONTEXT(2) 
PARAMETRIC_REPRESENTATION_CONTEXT() REPRESENTATION_CONTEXT('2D SPACE',''
  ) );
#12191 = ORIENTED_EDGE('',*,*,#12192,.T.);
#12192 = EDGE_CURVE('',#12125,#12193,#12195,.T.);
#12193 = VERTEX_POINT('',#12194);
#12194 = CARTESIAN_POINT('',(10.155662816359,-0.720468390291,7.2));
#12195 = SURFACE_CURVE('',#12196,(#12201,#12230),.PCURVE_S1.);
#12196 = B_SPLINE_CURVE_WITH_KNOTS('',3,(#12197,#12198,#12199,#12200),
  .UNSPECIFIED.,.F.,.F.,(4,4),(0.,1.),.PIECEWISE_BEZIER_KNOTS.);
#12197 = CARTESIAN_POINT('',(11.014687640052,1.076705222293,
    7.200249919308));
#12198 = CARTESIAN_POINT('',(10.855200936028,0.581854240118,
    7.198168390624));
#12199 = CARTESIAN_POINT('',(10.559635504814,-0.12528718299,
    7.198168390624));
#12200 = CARTESIAN_POINT('',(10.155662816359,-0.720468390291,7.2));
#12201 = PCURVE('',#12006,#12202);
#12202 = DEFINITIONAL_REPRESENTATION('',(#12203),#12229);
#12203 = B_SPLINE_CURVE_WITH_KNOTS('',3,(#12204,#12205,#12206,#12207,
    #12208,#12209,#12210,#12211,#12212,#12213,#12214,#12215,#12216,
    #12217,#12218,#12219,#12220,#12221,#12222,#12223,#12224,#12225,
    #12226,#12227,#12228),.UNSPECIFIED.,.F.,.F.,(4,1,1,1,1,1,1,1,1,1,1,1
    ,1,1,1,1,1,1,1,1,1,1,4),(0.,4.545454545455E-02,9.090909090909E-02,
    0.136363636364,0.181818181818,0.227272727273,0.272727272727,
    0.318181818182,0.363636363636,0.409090909091,0.454545454545,0.5,
    0.545454545455,0.590909090909,0.636363636364,0.681818181818,
    0.727272727273,0.772727272727,0.818181818182,0.863636363636,
    0.909090909091,0.954545454545,1.),.QUASI_UNIFORM_KNOTS.);
#12204 = CARTESIAN_POINT('',(0.787078831297,0.999886116509));
#12205 = CARTESIAN_POINT('',(0.781273603339,0.999872406257));
#12206 = CARTESIAN_POINT('',(0.769662582942,0.99984623214));
#12207 = CARTESIAN_POINT('',(0.752244588641,0.999810689717));
#12208 = CARTESIAN_POINT('',(0.734825379245,0.99977884564));
#12209 = CARTESIAN_POINT('',(0.717405137291,0.999750679504));
#12210 = CARTESIAN_POINT('',(0.69998401645,0.999726170901));
#12211 = CARTESIAN_POINT('',(0.682562142132,0.999705299426));
#12212 = CARTESIAN_POINT('',(0.665139619175,0.999688044671));
#12213 = CARTESIAN_POINT('',(0.6477165357,0.99967438623));
#12214 = CARTESIAN_POINT('',(0.630292966593,0.999664303696));
#12215 = CARTESIAN_POINT('',(0.61286897606,0.999657776664));
#12216 = CARTESIAN_POINT('',(0.595444619668,0.999654784726));
#12217 = CARTESIAN_POINT('',(0.578019945951,0.999655307476));
#12218 = CARTESIAN_POINT('',(0.560594997698,0.999659324508));
#12219 = CARTESIAN_POINT('',(0.543169812989,0.999666815415));
#12220 = CARTESIAN_POINT('',(0.525744426044,0.99967775979));
#12221 = CARTESIAN_POINT('',(0.508318867915,0.999692137227));
#12222 = CARTESIAN_POINT('',(0.490893167057,0.99970992732));
#12223 = CARTESIAN_POINT('',(0.473467349798,0.999731109661));
#12224 = CARTESIAN_POINT('',(0.456041440738,0.999755663845));
#12225 = CARTESIAN_POINT('',(0.438615463032,0.999783569465));
#12226 = CARTESIAN_POINT('',(0.421189438753,0.999814806115));
#12227 = CARTESIAN_POINT('',(0.409572072022,0.999837837629));
#12228 = CARTESIAN_POINT('',(0.403763387876,0.999849901756));
#12229 = ( GEOMETRIC_REPRESENTATION_CONTEXT(2) 
PARAMETRIC_REPRESENTATION_CONTEXT() REPRESENTATION_CONTEXT('2D SPACE',''
  ) );
#12230 = PCURVE('',#11715,#12231);
#12231 = DEFINITIONAL_REPRESENTATION('',(#12232),#12258);
#12232 = B_SPLINE_CURVE_WITH_KNOTS('',3,(#12233,#12234,#12235,#12236,
    #12237,#12238,#12239,#12240,#12241,#12242,#12243,#12244,#12245,
    #12246,#12247,#12248,#12249,#12250,#12251,#12252,#12253,#12254,
    #12255,#12256,#12257),.UNSPECIFIED.,.F.,.F.,(4,1,1,1,1,1,1,1,1,1,1,1
    ,1,1,1,1,1,1,1,1,1,1,4),(0.,4.545454545455E-02,9.090909090909E-02,
    0.136363636364,0.181818181818,0.227272727273,0.272727272727,
    0.318181818182,0.363636363636,0.409090909091,0.454545454545,0.5,
    0.545454545455,0.590909090909,0.636363636364,0.681818181818,
    0.727272727273,0.772727272727,0.818181818182,0.863636363636,
    0.909090909091,0.954545454545,1.),.QUASI_UNIFORM_KNOTS.);
#12233 = CARTESIAN_POINT('',(1.550594430416E-04,0.925278218443));
#12234 = CARTESIAN_POINT('',(5.796172851576E-05,0.924090968554));
#12235 = CARTESIAN_POINT('',(-3.24968757086E-05,0.921662998792));
#12236 = CARTESIAN_POINT('',(3.88711265496E-06,0.917869470158));
#12237 = CARTESIAN_POINT('',(-5.83531267646E-06,0.913933317813));
#12238 = CARTESIAN_POINT('',(-3.203409951841E-06,0.909863091938));
#12239 = CARTESIAN_POINT('',(-3.881982277875E-06,0.905667257635));
#12240 = CARTESIAN_POINT('',(-3.673970973864E-06,0.901354394955));
#12241 = CARTESIAN_POINT('',(-3.704327137865E-06,0.896933166695));
#12242 = CARTESIAN_POINT('',(-3.671841563279E-06,0.892412058914));
#12243 = CARTESIAN_POINT('',(-3.657317943435E-06,0.887799502667));
#12244 = CARTESIAN_POINT('',(-3.639184210033E-06,0.883104016583));
#12245 = CARTESIAN_POINT('',(-3.623291565994E-06,0.878334160738));
#12246 = CARTESIAN_POINT('',(-3.608117914305E-06,0.873498533915));
#12247 = CARTESIAN_POINT('',(-3.594157679022E-06,0.868605750847));
#12248 = CARTESIAN_POINT('',(-3.581161727709E-06,0.863664434623));
#12249 = CARTESIAN_POINT('',(-3.569813832373E-06,0.858683135908));
#12250 = CARTESIAN_POINT('',(-3.558198199032E-06,0.853670398829));
#12251 = CARTESIAN_POINT('',(-3.554213238835E-06,0.84863480553));
#12252 = CARTESIAN_POINT('',(-3.529081670249E-06,0.843584937153));
#12253 = CARTESIAN_POINT('',(-3.590877541721E-06,0.838529338944));
#12254 = CARTESIAN_POINT('',(-3.336902943763E-06,0.833476494749));
#12255 = CARTESIAN_POINT('',(-4.270649909827E-06,0.828434712399));
#12256 = CARTESIAN_POINT('',(-1.944601652859E-06,0.82508663509));
#12257 = CARTESIAN_POINT('',(5.518857130382E-07,0.823417294128));
#12258 = ( GEOMETRIC_REPRESENTATION_CONTEXT(2) 
PARAMETRIC_REPRESENTATION_CONTEXT() REPRESENTATION_CONTEXT('2D SPACE',''
  ) );
#12259 = ORIENTED_EDGE('',*,*,#12260,.T.);
#12260 = EDGE_CURVE('',#12193,#12261,#12263,.T.);
#12261 = VERTEX_POINT('',#12262);
#12262 = CARTESIAN_POINT('',(10.069270769027,-0.843738804909,
    7.200860009338));
#12263 = SURFACE_CURVE('',#12264,(#12269,#12298),.PCURVE_S1.);
#12264 = B_SPLINE_CURVE_WITH_KNOTS('',3,(#12265,#12266,#12267,#12268),
  .UNSPECIFIED.,.F.,.F.,(4,4),(0.,1.),.PIECEWISE_BEZIER_KNOTS.);
#12265 = CARTESIAN_POINT('',(10.155662816359,-0.720468390291,7.2));
#12266 = CARTESIAN_POINT('',(10.127391992903,-0.76214821394,
    7.200860009338));
#12267 = CARTESIAN_POINT('',(10.098580295077,-0.80326751486,
    7.200860009338));
#12268 = CARTESIAN_POINT('',(10.069270769027,-0.843738804909,
    7.200860009338));
#12269 = PCURVE('',#12006,#12270);
#12270 = DEFINITIONAL_REPRESENTATION('',(#12271),#12297);
#12271 = B_SPLINE_CURVE_WITH_KNOTS('',3,(#12272,#12273,#12274,#12275,
    #12276,#12277,#12278,#12279,#12280,#12281,#12282,#12283,#12284,
    #12285,#12286,#12287,#12288,#12289,#12290,#12291,#12292,#12293,
    #12294,#12295,#12296),.UNSPECIFIED.,.F.,.F.,(4,1,1,1,1,1,1,1,1,1,1,1
    ,1,1,1,1,1,1,1,1,1,1,4),(0.,4.545454545455E-02,9.090909090909E-02,
    0.136363636364,0.181818181818,0.227272727273,0.272727272727,
    0.318181818182,0.363636363636,0.409090909091,0.454545454545,0.5,
    0.545454545455,0.590909090909,0.636363636364,0.681818181818,
    0.727272727273,0.772727272727,0.818181818182,0.863636363636,
    0.909090909091,0.954545454545,1.),.QUASI_UNIFORM_KNOTS.);
#12272 = CARTESIAN_POINT('',(0.403763387876,0.999849901756));
#12273 = CARTESIAN_POINT('',(0.403356698411,0.999855566317));
#12274 = CARTESIAN_POINT('',(0.402543323008,0.999866380477));
#12275 = CARTESIAN_POINT('',(0.40132327033,0.99988112706));
#12276 = CARTESIAN_POINT('',(0.400103227913,0.999894469206));
#12277 = CARTESIAN_POINT('',(0.39888319562,0.999906477137));
#12278 = CARTESIAN_POINT('',(0.397663173336,0.999917221076));
#12279 = CARTESIAN_POINT('',(0.396443160966,0.999926771244));
#12280 = CARTESIAN_POINT('',(0.39522315844,0.999935197862));
#12281 = CARTESIAN_POINT('',(0.39400316571,0.999942571154));
#12282 = CARTESIAN_POINT('',(0.39278318275,0.999948961339));
#12283 = CARTESIAN_POINT('',(0.391563209557,0.999954438642));
#12284 = CARTESIAN_POINT('',(0.390343246155,0.999959073282));
#12285 = CARTESIAN_POINT('',(0.389123292586,0.999962935482));
#12286 = CARTESIAN_POINT('',(0.387903348922,0.999966095464));
#12287 = CARTESIAN_POINT('',(0.386683415256,0.99996862345));
#12288 = CARTESIAN_POINT('',(0.385463491705,0.999970589661));
#12289 = CARTESIAN_POINT('',(0.384243578413,0.999972064319));
#12290 = CARTESIAN_POINT('',(0.383023675548,0.999973117646));
#12291 = CARTESIAN_POINT('',(0.381803783304,0.999973819864));
#12292 = CARTESIAN_POINT('',(0.3805839019,0.999974241195));
#12293 = CARTESIAN_POINT('',(0.379364031584,0.999974451861));
#12294 = CARTESIAN_POINT('',(0.378144172624,0.999974522083));
#12295 = CARTESIAN_POINT('',(0.377330941093,0.999974522083));
#12296 = CARTESIAN_POINT('',(0.376924327321,0.999974522083));
#12297 = ( GEOMETRIC_REPRESENTATION_CONTEXT(2) 
PARAMETRIC_REPRESENTATION_CONTEXT() REPRESENTATION_CONTEXT('2D SPACE',''
  ) );
#12298 = PCURVE('',#11715,#12299);
#12299 = DEFINITIONAL_REPRESENTATION('',(#12300),#12326);
#12300 = B_SPLINE_CURVE_WITH_KNOTS('',3,(#12301,#12302,#12303,#12304,
    #12305,#12306,#12307,#12308,#12309,#12310,#12311,#12312,#12313,
    #12314,#12315,#12316,#12317,#12318,#12319,#12320,#12321,#12322,
    #12323,#12324,#12325),.UNSPECIFIED.,.F.,.F.,(4,1,1,1,1,1,1,1,1,1,1,1
    ,1,1,1,1,1,1,1,1,1,1,4),(0.,4.545454545455E-02,9.090909090909E-02,
    0.136363636364,0.181818181818,0.227272727273,0.272727272727,
    0.318181818182,0.363636363636,0.409090909091,0.454545454545,0.5,
    0.545454545455,0.590909090909,0.636363636364,0.681818181818,
    0.727272727273,0.772727272727,0.818181818182,0.863636363636,
    0.909090909091,0.954545454545,1.),.QUASI_UNIFORM_KNOTS.);
#12301 = CARTESIAN_POINT('',(5.518857116838E-07,0.823417294128));
#12302 = CARTESIAN_POINT('',(2.47316117296E-05,0.82330037298));
#12303 = CARTESIAN_POINT('',(7.089932253722E-05,0.823066582055));
#12304 = CARTESIAN_POINT('',(1.33873324809E-04,0.822716052228));
#12305 = CARTESIAN_POINT('',(1.908674162434E-04,0.822365681413));
#12306 = CARTESIAN_POINT('',(2.421792731918E-04,0.822015472065));
#12307 = CARTESIAN_POINT('',(2.881065875143E-04,0.821665426642));
#12308 = CARTESIAN_POINT('',(3.289470689097E-04,0.821315547609));
#12309 = CARTESIAN_POINT('',(3.649984445293E-04,0.820965837431));
#12310 = CARTESIAN_POINT('',(3.965584593229E-04,0.820616298579));
#12311 = CARTESIAN_POINT('',(4.239248761771E-04,0.820266933528));
#12312 = CARTESIAN_POINT('',(4.473954761009E-04,0.819917744757));
#12313 = CARTESIAN_POINT('',(4.672680583931E-04,0.819568734747));
#12314 = CARTESIAN_POINT('',(4.838404408074E-04,0.819219905987));
#12315 = CARTESIAN_POINT('',(4.974104597153E-04,0.818871260966));
#12316 = CARTESIAN_POINT('',(5.082759702555E-04,0.818522802179));
#12317 = CARTESIAN_POINT('',(5.167348464983E-04,0.818174532126));
#12318 = CARTESIAN_POINT('',(5.230849815845E-04,0.81782645331));
#12319 = CARTESIAN_POINT('',(5.276242878763E-04,0.817478568238));
#12320 = CARTESIAN_POINT('',(5.306506971374E-04,0.817130879421));
#12321 = CARTESIAN_POINT('',(5.324621605112E-04,0.816783389375));
#12322 = CARTESIAN_POINT('',(5.333566493343E-04,0.81643610062));
#12323 = CARTESIAN_POINT('',(5.336321527488E-04,0.816089015678));
#12324 = CARTESIAN_POINT('',(5.33601842472E-04,0.815857763279));
#12325 = CARTESIAN_POINT('',(5.335828606521E-04,0.815742171891));
#12326 = ( GEOMETRIC_REPRESENTATION_CONTEXT(2) 
PARAMETRIC_REPRESENTATION_CONTEXT() REPRESENTATION_CONTEXT('2D SPACE',''
  ) );
#12327 = ORIENTED_EDGE('',*,*,#12328,.F.);
#12328 = EDGE_CURVE('',#12329,#12261,#12331,.T.);
#12329 = VERTEX_POINT('',#12330);
#12330 = CARTESIAN_POINT('',(9.610780729423,-1.369393612327,
    7.199999999937));
#12331 = SURFACE_CURVE('',#12332,(#12339,#12368),.PCURVE_S1.);
#12332 = B_SPLINE_CURVE_WITH_KNOTS('',3,(#12333,#12334,#12335,#12336,
    #12337,#12338),.UNSPECIFIED.,.F.,.F.,(4,1,1,4),(0.179685593473,
    0.1875,0.25,0.310554206058),.UNSPECIFIED.);
#12333 = CARTESIAN_POINT('',(9.610780729423,-1.369393612327,
    7.199999999937));
#12334 = CARTESIAN_POINT('',(9.621266547574,-1.359695210073,7.2));
#12335 = CARTESIAN_POINT('',(9.71462718442,-1.271841501903,7.2));
#12336 = CARTESIAN_POINT('',(9.874065412941,-1.100320258831,7.2));
#12337 = CARTESIAN_POINT('',(10.007140812691,-0.929624079664,7.2));
#12338 = CARTESIAN_POINT('',(10.069270769027,-0.843738804909,
    7.200860009338));
#12339 = PCURVE('',#12006,#12340);
#12340 = DEFINITIONAL_REPRESENTATION('',(#12341),#12367);
#12341 = B_SPLINE_CURVE_WITH_KNOTS('',3,(#12342,#12343,#12344,#12345,
    #12346,#12347,#12348,#12349,#12350,#12351,#12352,#12353,#12354,
    #12355,#12356,#12357,#12358,#12359,#12360,#12361,#12362,#12363,
    #12364,#12365,#12366),.UNSPECIFIED.,.F.,.F.,(4,1,1,1,1,1,1,1,1,1,1,1
    ,1,1,1,1,1,1,1,1,1,1,4),(0.179685593473,0.185634166772,
    0.191582740071,0.197531313371,0.20347988667,0.209428459969,
    0.215377033269,0.221325606568,0.227274179867,0.233222753167,
    0.239171326466,0.245119899765,0.251068473065,0.257017046364,
    0.262965619663,0.268914192963,0.274862766262,0.280811339561,
    0.286759912861,0.29270848616,0.298657059459,0.304605632759,
    0.310554206058),.QUASI_UNIFORM_KNOTS.);
#12342 = CARTESIAN_POINT('',(0.247823617827,0.999849901747));
#12343 = CARTESIAN_POINT('',(0.24991659372,0.999849901753));
#12344 = CARTESIAN_POINT('',(0.254084928417,0.999849901758));
#12345 = CARTESIAN_POINT('',(0.260287168161,0.999849901756));
#12346 = CARTESIAN_POINT('',(0.266441910852,0.999849901756));
#12347 = CARTESIAN_POINT('',(0.27255130476,0.999849901756));
#12348 = CARTESIAN_POINT('',(0.278617576799,0.999849901758));
#12349 = CARTESIAN_POINT('',(0.284642848455,0.999849901751));
#12350 = CARTESIAN_POINT('',(0.290629182554,0.999849901774));
#12351 = CARTESIAN_POINT('',(0.296578569439,0.999849901689));
#12352 = CARTESIAN_POINT('',(0.302492930068,0.999849902006));
#12353 = CARTESIAN_POINT('',(0.308374116378,0.999849900825));
#12354 = CARTESIAN_POINT('',(0.314223909207,0.999849905233));
#12355 = CARTESIAN_POINT('',(0.320044031511,0.999849888781));
#12356 = CARTESIAN_POINT('',(0.325836103953,0.99984995429));
#12357 = CARTESIAN_POINT('',(0.331601529841,0.999850868108));
#12358 = CARTESIAN_POINT('',(0.337341705927,0.999853323662));
#12359 = CARTESIAN_POINT('',(0.343057994488,0.999858033915));
#12360 = CARTESIAN_POINT('',(0.34875173055,0.999865706598));
#12361 = CARTESIAN_POINT('',(0.354424219957,0.999877050842));
#12362 = CARTESIAN_POINT('',(0.360076740465,0.999892775405));
#12363 = CARTESIAN_POINT('',(0.365710541217,0.999913589142));
#12364 = CARTESIAN_POINT('',(0.371326846707,0.999940200885));
#12365 = CARTESIAN_POINT('',(0.375060179132,0.999962279941));
#12366 = CARTESIAN_POINT('',(0.376924327321,0.999974522083));
#12367 = ( GEOMETRIC_REPRESENTATION_CONTEXT(2) 
PARAMETRIC_REPRESENTATION_CONTEXT() REPRESENTATION_CONTEXT('2D SPACE',''
  ) );
#12368 = PCURVE('',#11715,#12369);
#12369 = DEFINITIONAL_REPRESENTATION('',(#12370),#12396);
#12370 = B_SPLINE_CURVE_WITH_KNOTS('',3,(#12371,#12372,#12373,#12374,
    #12375,#12376,#12377,#12378,#12379,#12380,#12381,#12382,#12383,
    #12384,#12385,#12386,#12387,#12388,#12389,#12390,#12391,#12392,
    #12393,#12394,#12395),.UNSPECIFIED.,.F.,.F.,(4,1,1,1,1,1,1,1,1,1,1,1
    ,1,1,1,1,1,1,1,1,1,1,4),(0.179685593473,0.185634166772,
    0.191582740071,0.197531313371,0.20347988667,0.209428459969,
    0.215377033269,0.221325606568,0.227274179867,0.233222753167,
    0.239171326466,0.245119899765,0.251068473065,0.257017046364,
    0.262965619663,0.268914192963,0.274862766262,0.280811339561,
    0.286759912861,0.29270848616,0.298657059459,0.304605632759,
    0.310554206058),.QUASI_UNIFORM_KNOTS.);
#12371 = CARTESIAN_POINT('',(3.904803053558E-07,0.780768093103));
#12372 = CARTESIAN_POINT('',(1.571689806133E-07,0.781298019642));
#12373 = CARTESIAN_POINT('',(-6.307456611372E-08,0.782357871791));
#12374 = CARTESIAN_POINT('',(1.690067949524E-08,0.783947648492));
#12375 = CARTESIAN_POINT('',(-4.528156871745E-09,0.785537425702));
#12376 = CARTESIAN_POINT('',(1.211944962443E-09,0.787127202775));
#12377 = CARTESIAN_POINT('',(-3.19627004441E-10,0.788716979885));
#12378 = CARTESIAN_POINT('',(6.655853141561E-11,0.790306756986));
#12379 = CARTESIAN_POINT('',(5.33911383716E-11,0.791896534088));
#12380 = CARTESIAN_POINT('',(-2.801251662489E-10,0.793486311191));
#12381 = CARTESIAN_POINT('',(1.067107658627E-09,0.79507608829));
#12382 = CARTESIAN_POINT('',(-3.988309061823E-09,0.796665865405));
#12383 = CARTESIAN_POINT('',(1.488612805251E-08,0.798255642459));
#12384 = CARTESIAN_POINT('',(-5.555620564578E-08,0.799845419743));
#12385 = CARTESIAN_POINT('',(2.24926168652E-07,0.801435196122));
#12386 = CARTESIAN_POINT('',(4.137547574457E-06,0.803024963811));
#12387 = CARTESIAN_POINT('',(1.465132958904E-05,0.804614716574));
#12388 = CARTESIAN_POINT('',(3.481897163165E-05,0.806204448678));
#12389 = CARTESIAN_POINT('',(6.767076484893E-05,0.807794155165));
#12390 = CARTESIAN_POINT('',(1.162430060605E-04,0.809383831774));
#12391 = CARTESIAN_POINT('',(1.835703742529E-04,0.810973474946));
#12392 = CARTESIAN_POINT('',(2.726879647921E-04,0.812563081835));
#12393 = CARTESIAN_POINT('',(3.86630740918E-04,0.814152650216));
#12394 = CARTESIAN_POINT('',(4.81166029113E-04,0.81521233593));
#12395 = CARTESIAN_POINT('',(5.335828606521E-04,0.815742171891));
#12396 = ( GEOMETRIC_REPRESENTATION_CONTEXT(2) 
PARAMETRIC_REPRESENTATION_CONTEXT() REPRESENTATION_CONTEXT('2D SPACE',''
  ) );
#12397 = ORIENTED_EDGE('',*,*,#12398,.F.);
#12398 = EDGE_CURVE('',#12399,#12329,#12401,.T.);
#12399 = VERTEX_POINT('',#12400);
#12400 = CARTESIAN_POINT('',(9.377082797404,-1.56017377643,7.2));
#12401 = SURFACE_CURVE('',#12402,(#12407,#12436),.PCURVE_S1.);
#12402 = B_SPLINE_CURVE_WITH_KNOTS('',3,(#12403,#12404,#12405,#12406),
  .UNSPECIFIED.,.F.,.F.,(4,4),(0.126432027087,0.179685593473),
  .PIECEWISE_BEZIER_KNOTS.);
#12403 = CARTESIAN_POINT('',(9.377082797404,-1.56017377643,7.2));
#12404 = CARTESIAN_POINT('',(9.46317676909,-1.499011821366,7.2));
#12405 = CARTESIAN_POINT('',(9.539377014304,-1.435545435198,7.2));
#12406 = CARTESIAN_POINT('',(9.610780729423,-1.369393612327,
    7.199999999937));
#12407 = PCURVE('',#12006,#12408);
#12408 = DEFINITIONAL_REPRESENTATION('',(#12409),#12435);
#12409 = B_SPLINE_CURVE_WITH_KNOTS('',3,(#12410,#12411,#12412,#12413,
    #12414,#12415,#12416,#12417,#12418,#12419,#12420,#12421,#12422,
    #12423,#12424,#12425,#12426,#12427,#12428,#12429,#12430,#12431,
    #12432,#12433,#12434),.UNSPECIFIED.,.F.,.F.,(4,1,1,1,1,1,1,1,1,1,1,1
    ,1,1,1,1,1,1,1,1,1,1,4),(0.126432027087,0.12885264374,0.131273260394
    ,0.133693877048,0.136114493702,0.138535110356,0.14095572701,
    0.143376343664,0.145796960318,0.148217576972,0.150638193626,
    0.15305881028,0.155479426933,0.157900043587,0.160320660241,
    0.162741276895,0.165161893549,0.167582510203,0.170003126857,
    0.172423743511,0.174844360165,0.177264976819,0.179685593473),
  .QUASI_UNIFORM_KNOTS.);
#12410 = CARTESIAN_POINT('',(0.188380487635,0.999849901756));
#12411 = CARTESIAN_POINT('',(0.189347858421,0.999849901756));
#12412 = CARTESIAN_POINT('',(0.191274816,0.999849901756));
#12413 = CARTESIAN_POINT('',(0.19414263087,0.999849901756));
#12414 = CARTESIAN_POINT('',(0.196988556522,0.999849901756));
#12415 = CARTESIAN_POINT('',(0.199813318932,0.999849901756));
#12416 = CARTESIAN_POINT('',(0.202617638756,0.999849901756));
#12417 = CARTESIAN_POINT('',(0.20540223023,0.999849901756));
#12418 = CARTESIAN_POINT('',(0.208167800763,0.999849901756));
#12419 = CARTESIAN_POINT('',(0.210915050427,0.999849901756));
#12420 = CARTESIAN_POINT('',(0.213644671584,0.999849901756));
#12421 = CARTESIAN_POINT('',(0.216357348547,0.999849901755));
#12422 = CARTESIAN_POINT('',(0.219053757312,0.999849901755));
#12423 = CARTESIAN_POINT('',(0.221734565335,0.999849901755));
#12424 = CARTESIAN_POINT('',(0.224400431354,0.999849901754));
#12425 = CARTESIAN_POINT('',(0.22705200526,0.999849901754));
#12426 = CARTESIAN_POINT('',(0.229689927988,0.999849901753));
#12427 = CARTESIAN_POINT('',(0.232314831452,0.999849901753));
#12428 = CARTESIAN_POINT('',(0.234927338508,0.999849901752));
#12429 = CARTESIAN_POINT('',(0.237528062917,0.999849901751));
#12430 = CARTESIAN_POINT('',(0.240117609428,0.99984990175));
#12431 = CARTESIAN_POINT('',(0.242696573501,0.999849901749));
#12432 = CARTESIAN_POINT('',(0.245265542475,0.999849901748));
#12433 = CARTESIAN_POINT('',(0.246971908429,0.999849901748));
#12434 = CARTESIAN_POINT('',(0.247823617827,0.999849901747));
#12435 = ( GEOMETRIC_REPRESENTATION_CONTEXT(2) 
PARAMETRIC_REPRESENTATION_CONTEXT() REPRESENTATION_CONTEXT('2D SPACE',''
  ) );
#12436 = PCURVE('',#11715,#12437);
#12437 = DEFINITIONAL_REPRESENTATION('',(#12438),#12464);
#12438 = B_SPLINE_CURVE_WITH_KNOTS('',3,(#12439,#12440,#12441,#12442,
    #12443,#12444,#12445,#12446,#12447,#12448,#12449,#12450,#12451,
    #12452,#12453,#12454,#12455,#12456,#12457,#12458,#12459,#12460,
    #12461,#12462,#12463),.UNSPECIFIED.,.F.,.F.,(4,1,1,1,1,1,1,1,1,1,1,1
    ,1,1,1,1,1,1,1,1,1,1,4),(0.126432027087,0.12885264374,0.131273260394
    ,0.133693877048,0.136114493702,0.138535110356,0.14095572701,
    0.143376343664,0.145796960318,0.148217576972,0.150638193626,
    0.15305881028,0.155479426933,0.157900043587,0.160320660241,
    0.162741276895,0.165161893549,0.167582510203,0.170003126857,
    0.172423743511,0.174844360165,0.177264976819,0.179685593473),
  .QUASI_UNIFORM_KNOTS.);
#12439 = CARTESIAN_POINT('',(1.65213124576E-07,0.766391454778));
#12440 = CARTESIAN_POINT('',(4.267437616038E-07,0.766613502638));
#12441 = CARTESIAN_POINT('',(8.749396984051E-07,0.767057049853));
#12442 = CARTESIAN_POINT('',(1.35235389878E-06,0.767720784989));
#12443 = CARTESIAN_POINT('',(1.665491684102E-06,0.768382993342));
#12444 = CARTESIAN_POINT('',(1.841851904207E-06,0.769043737063));
#12445 = CARTESIAN_POINT('',(1.90691474947E-06,0.769703080277));
#12446 = CARTESIAN_POINT('',(1.883874137037E-06,0.770361089258));
#12447 = CARTESIAN_POINT('',(1.793739365539E-06,0.771017832231));
#12448 = CARTESIAN_POINT('',(1.655344043022E-06,0.771673379265));
#12449 = CARTESIAN_POINT('',(1.485385660175E-06,0.772327802145));
#12450 = CARTESIAN_POINT('',(1.298462351523E-06,0.772981174259));
#12451 = CARTESIAN_POINT('',(1.107115389771E-06,0.773633570475));
#12452 = CARTESIAN_POINT('',(9.218747238516E-07,0.774285067032));
#12453 = CARTESIAN_POINT('',(7.513079207013E-07,0.774935741425));
#12454 = CARTESIAN_POINT('',(6.020719707348E-07,0.775585672304));
#12455 = CARTESIAN_POINT('',(4.789678889232E-07,0.776234939364));
#12456 = CARTESIAN_POINT('',(3.849973757078E-07,0.776883623254));
#12457 = CARTESIAN_POINT('',(3.214227916169E-07,0.777531805473));
#12458 = CARTESIAN_POINT('',(2.878247794504E-07,0.778179568291));
#12459 = CARTESIAN_POINT('',(2.82177374062E-07,0.778826994652));
#12460 = CARTESIAN_POINT('',(3.008656729652E-07,0.77947416811));
#12461 = CARTESIAN_POINT('',(3.38924626628E-07,0.780121172701));
#12462 = CARTESIAN_POINT('',(3.726138774708E-07,0.780552452943));
#12463 = CARTESIAN_POINT('',(3.90480305234E-07,0.780768093103));
#12464 = ( GEOMETRIC_REPRESENTATION_CONTEXT(2) 
PARAMETRIC_REPRESENTATION_CONTEXT() REPRESENTATION_CONTEXT('2D SPACE',''
  ) );
#12465 = ORIENTED_EDGE('',*,*,#12466,.F.);
#12466 = EDGE_CURVE('',#12467,#12399,#12469,.T.);
#12467 = VERTEX_POINT('',#12468);
#12468 = CARTESIAN_POINT('',(8.55,-1.85,7.2));
#12469 = SURFACE_CURVE('',#12470,(#12481,#12532),.PCURVE_S1.);
#12470 = B_SPLINE_CURVE_WITH_KNOTS('',3,(#12471,#12472,#12473,#12474,
    #12475,#12476,#12477,#12478,#12479,#12480),.UNSPECIFIED.,.F.,.F.,(4,
    1,1,1,1,1,1,4),(0.,7.8125E-03,1.5625E-02,3.125E-02,6.25E-02,
    9.375E-02,0.125,0.126432027087),.UNSPECIFIED.);
#12471 = CARTESIAN_POINT('',(8.55,-1.85,7.2));
#12472 = CARTESIAN_POINT('',(8.576803761567,-1.849425279297,7.2));
#12473 = CARTESIAN_POINT('',(8.630411284701,-1.848275837889,7.2));
#12474 = CARTESIAN_POINT('',(8.723988912973,-1.838352119646,7.2));
#12475 = CARTESIAN_POINT('',(8.870009767394,-1.811067028963,7.2));
#12476 = CARTESIAN_POINT('',(9.04291414083,-1.752129846231,7.2));
#12477 = CARTESIAN_POINT('',(9.219993222921,-1.664404835038,7.2));
#12478 = CARTESIAN_POINT('',(9.325990981133,-1.596329120858,7.2));
#12479 = CARTESIAN_POINT('',(9.377384604811,-1.559967591555,7.2));
#12480 = CARTESIAN_POINT('',(9.377082797404,-1.56017377643,7.2));
#12481 = PCURVE('',#12006,#12482);
#12482 = DEFINITIONAL_REPRESENTATION('',(#12483),#12531);
#12483 = B_SPLINE_CURVE_WITH_KNOTS('',3,(#12484,#12485,#12486,#12487,
    #12488,#12489,#12490,#12491,#12492,#12493,#12494,#12495,#12496,
    #12497,#12498,#12499,#12500,#12501,#12502,#12503,#12504,#12505,
    #12506,#12507,#12508,#12509,#12510,#12511,#12512,#12513,#12514,
    #12515,#12516,#12517,#12518,#12519,#12520,#12521,#12522,#12523,
    #12524,#12525,#12526,#12527,#12528,#12529,#12530),.UNSPECIFIED.,.F.,
  .F.,(4,1,1,1,1,1,1,1,1,1,1,1,1,1,1,1,1,1,1,1,1,1,1,1,1,1,1,1,1,1,1,1,1
    ,1,1,1,1,1,1,1,1,1,1,1,4),(0.,2.873455161057E-03,5.746910322115E-03,
    8.620365483172E-03,1.149382064423E-02,1.436727580529E-02,
    1.724073096634E-02,2.01141861274E-02,2.298764128846E-02,
    2.586109644952E-02,2.873455161057E-02,3.160800677163E-02,
    3.448146193269E-02,3.735491709374E-02,4.02283722548E-02,
    4.310182741586E-02,4.597528257692E-02,4.884873773797E-02,
    5.172219289903E-02,5.459564806009E-02,5.746910322115E-02,
    6.03425583822E-02,6.321601354326E-02,6.608946870432E-02,
    6.896292386537E-02,7.183637902643E-02,7.470983418749E-02,
    7.758328934855E-02,8.04567445096E-02,8.333019967066E-02,
    8.620365483172E-02,8.907710999278E-02,9.195056515383E-02,
    9.482402031489E-02,9.769747547595E-02,0.100570930637,0.103444385798,
    0.106317840959,0.10919129612,0.112064751281,0.114938206442,
    0.117811661603,0.120685116764,0.123558571925,0.126432027087),
  .QUASI_UNIFORM_KNOTS.);
#12484 = CARTESIAN_POINT('',(0.,0.999849901756));
#12485 = CARTESIAN_POINT('',(2.088214955218E-03,0.999849901756));
#12486 = CARTESIAN_POINT('',(6.273923258151E-03,0.999849901756));
#12487 = CARTESIAN_POINT('',(1.247400006201E-02,0.999849901756));
#12488 = CARTESIAN_POINT('',(1.847258232777E-02,0.999849901756));
#12489 = CARTESIAN_POINT('',(2.420506937623E-02,0.999849901756));
#12490 = CARTESIAN_POINT('',(2.97395788936E-02,0.999849901756));
#12491 = CARTESIAN_POINT('',(3.51280277596E-02,0.999849901756));
#12492 = CARTESIAN_POINT('',(4.039660096205E-02,0.999849901756));
#12493 = CARTESIAN_POINT('',(4.55476235636E-02,0.999849901756));
#12494 = CARTESIAN_POINT('',(5.05891122891E-02,0.999849901756));
#12495 = CARTESIAN_POINT('',(5.552769901038E-02,0.999849901756));
#12496 = CARTESIAN_POINT('',(6.037054535089E-02,0.999849901756));
#12497 = CARTESIAN_POINT('',(6.512430789054E-02,0.999849901756));
#12498 = CARTESIAN_POINT('',(6.979278337462E-02,0.999849901756));
#12499 = CARTESIAN_POINT('',(7.438008566859E-02,0.999849901756));
#12500 = CARTESIAN_POINT('',(7.889029624988E-02,0.999849901756));
#12501 = CARTESIAN_POINT('',(8.332751475797E-02,0.999849901756));
#12502 = CARTESIAN_POINT('',(8.769580823988E-02,0.999849901756));
#12503 = CARTESIAN_POINT('',(9.199919427391E-02,0.999849901756));
#12504 = CARTESIAN_POINT('',(9.624161589517E-02,0.999849901756));
#12505 = CARTESIAN_POINT('',(0.100426938662,0.999849901756));
#12506 = CARTESIAN_POINT('',(0.104558887852,0.999849901756));
#12507 = CARTESIAN_POINT('',(0.108641220903,0.999849901756));
#12508 = CARTESIAN_POINT('',(0.112677001687,0.999849901756));
#12509 = CARTESIAN_POINT('',(0.116667416065,0.999849901756));
#12510 = CARTESIAN_POINT('',(0.120613934485,0.999849901756));
#12511 = CARTESIAN_POINT('',(0.12451796437,0.999849901756));
#12512 = CARTESIAN_POINT('',(0.128380933462,0.999849901756));
#12513 = CARTESIAN_POINT('',(0.132204258843,0.999849901756));
#12514 = CARTESIAN_POINT('',(0.1359893479,0.999849901756));
#12515 = CARTESIAN_POINT('',(0.139737591041,0.999849901756));
#12516 = CARTESIAN_POINT('',(0.14345036016,0.999849901756));
#12517 = CARTESIAN_POINT('',(0.147128996661,0.999849901756));
#12518 = CARTESIAN_POINT('',(0.150774839329,0.999849901756));
#12519 = CARTESIAN_POINT('',(0.154389094628,0.999849901756));
#12520 = CARTESIAN_POINT('',(0.157972783864,0.999849901756));
#12521 = CARTESIAN_POINT('',(0.161526915584,0.999849901756));
#12522 = CARTESIAN_POINT('',(0.165052580024,0.999849901756));
#12523 = CARTESIAN_POINT('',(0.168550444647,0.999849901756));
#12524 = CARTESIAN_POINT('',(0.172022667222,0.999849901756));
#12525 = CARTESIAN_POINT('',(0.175465739426,0.999849901756));
#12526 = CARTESIAN_POINT('',(0.17889719238,0.999849901756));
#12527 = CARTESIAN_POINT('',(0.182255925307,0.999849901756));
#12528 = CARTESIAN_POINT('',(0.185774181019,0.999849901756));
#12529 = CARTESIAN_POINT('',(0.187650935027,0.999849901756));
#12530 = CARTESIAN_POINT('',(0.188380487635,0.999849901756));
#12531 = ( GEOMETRIC_REPRESENTATION_CONTEXT(2) 
PARAMETRIC_REPRESENTATION_CONTEXT() REPRESENTATION_CONTEXT('2D SPACE',''
  ) );
#12532 = PCURVE('',#11715,#12533);
#12533 = DEFINITIONAL_REPRESENTATION('',(#12534),#12582);
#12534 = B_SPLINE_CURVE_WITH_KNOTS('',3,(#12535,#12536,#12537,#12538,
    #12539,#12540,#12541,#12542,#12543,#12544,#12545,#12546,#12547,
    #12548,#12549,#12550,#12551,#12552,#12553,#12554,#12555,#12556,
    #12557,#12558,#12559,#12560,#12561,#12562,#12563,#12564,#12565,
    #12566,#12567,#12568,#12569,#12570,#12571,#12572,#12573,#12574,
    #12575,#12576,#12577,#12578,#12579,#12580,#12581),.UNSPECIFIED.,.F.,
  .F.,(4,1,1,1,1,1,1,1,1,1,1,1,1,1,1,1,1,1,1,1,1,1,1,1,1,1,1,1,1,1,1,1,1
    ,1,1,1,1,1,1,1,1,1,1,1,4),(0.,2.873455161057E-03,5.746910322115E-03,
    8.620365483172E-03,1.149382064423E-02,1.436727580529E-02,
    1.724073096634E-02,2.01141861274E-02,2.298764128846E-02,
    2.586109644952E-02,2.873455161057E-02,3.160800677163E-02,
    3.448146193269E-02,3.735491709374E-02,4.02283722548E-02,
    4.310182741586E-02,4.597528257692E-02,4.884873773797E-02,
    5.172219289903E-02,5.459564806009E-02,5.746910322115E-02,
    6.03425583822E-02,6.321601354326E-02,6.608946870432E-02,
    6.896292386537E-02,7.183637902643E-02,7.470983418749E-02,
    7.758328934855E-02,8.04567445096E-02,8.333019967066E-02,
    8.620365483172E-02,8.907710999278E-02,9.195056515383E-02,
    9.482402031489E-02,9.769747547595E-02,0.100570930637,0.103444385798,
    0.106317840959,0.10919129612,0.112064751281,0.114938206442,
    0.117811661603,0.120685116764,0.123558571925,0.126432027087),
  .QUASI_UNIFORM_KNOTS.);
#12535 = CARTESIAN_POINT('',(0.,0.732746488562));
#12536 = CARTESIAN_POINT('',(-6.045530443673E-17,0.733002468889));
#12537 = CARTESIAN_POINT('',(6.303781119569E-18,0.733514429544));
#12538 = CARTESIAN_POINT('',(3.497449744648E-16,0.734282370525));
#12539 = CARTESIAN_POINT('',(-1.992869309907E-16,0.735050311507));
#12540 = CARTESIAN_POINT('',(7.9674410307E-17,0.735818252489));
#12541 = CARTESIAN_POINT('',(-4.254163775445E-16,0.736586193471));
#12542 = CARTESIAN_POINT('',(-2.104004526271E-16,0.737354134452));
#12543 = CARTESIAN_POINT('',(3.164267574676E-16,0.738122075434));
#12544 = CARTESIAN_POINT('',(-3.033870728037E-16,0.738890016416));
#12545 = CARTESIAN_POINT('',(1.76546387037E-16,0.739657957398));
#12546 = CARTESIAN_POINT('',(5.095683056517E-16,0.740425898379));
#12547 = CARTESIAN_POINT('',(-5.569376429621E-16,0.741193839361));
#12548 = CARTESIAN_POINT('',(1.815681734012E-17,0.741961780343));
#12549 = CARTESIAN_POINT('',(-2.86660705595E-16,0.742729721325));
#12550 = CARTESIAN_POINT('',(-4.490940244599E-16,0.743497662306));
#12551 = CARTESIAN_POINT('',(-1.538396296677E-16,0.744265603288));
#12552 = CARTESIAN_POINT('',(-3.969716931928E-16,0.74503354427));
#12553 = CARTESIAN_POINT('',(-6.43628931028E-16,0.745801485252));
#12554 = CARTESIAN_POINT('',(-2.208043509709E-16,0.746569426233));
#12555 = CARTESIAN_POINT('',(-1.860360020461E-16,0.747337367215));
#12556 = CARTESIAN_POINT('',(-1.586336400062E-16,0.748105308197));
#12557 = CARTESIAN_POINT('',(-4.710958559057E-16,0.748873249179));
#12558 = CARTESIAN_POINT('',(5.134434020203E-16,0.74964119016));
#12559 = CARTESIAN_POINT('',(8.251303557579E-17,0.750409131142));
#12560 = CARTESIAN_POINT('',(5.789382574074E-16,0.751177072124));
#12561 = CARTESIAN_POINT('',(-3.993722423821E-16,0.751945013106));
#12562 = CARTESIAN_POINT('',(3.853232676451E-16,0.752712954087));
#12563 = CARTESIAN_POINT('',(-5.847777149149E-17,0.753480895069));
#12564 = CARTESIAN_POINT('',(8.053856815428E-18,0.754248836051));
#12565 = CARTESIAN_POINT('',(-3.949583046867E-16,0.755016777033));
#12566 = CARTESIAN_POINT('',(9.413747003665E-16,0.755784718013));
#12567 = CARTESIAN_POINT('',(-3.760367850582E-15,0.756552659));
#12568 = CARTESIAN_POINT('',(1.547309862295E-14,0.757320599965));
#12569 = CARTESIAN_POINT('',(-5.626453510769E-14,0.758088541009));
#12570 = CARTESIAN_POINT('',(2.125583228541E-13,0.758856481756));
#12571 = CARTESIAN_POINT('',(-7.912406591531E-13,0.759624423616));
#12572 = CARTESIAN_POINT('',(2.956732988643E-12,0.76039236132));
#12573 = CARTESIAN_POINT('',(-1.103478167356E-11,0.761160314534));
#12574 = CARTESIAN_POINT('',(4.11857865827E-11,0.761928209862));
#12575 = CARTESIAN_POINT('',(-1.537060450253E-10,0.762696321228));
#12576 = CARTESIAN_POINT('',(5.736421795317E-10,0.763463626328));
#12577 = CARTESIAN_POINT('',(-2.140858816973E-09,0.764233940452));
#12578 = CARTESIAN_POINT('',(7.98979502373E-09,0.764993024746));
#12579 = CARTESIAN_POINT('',(-2.981831894806E-08,0.765794019336));
#12580 = CARTESIAN_POINT('',(6.424954847481E-08,0.766223741495));
#12581 = CARTESIAN_POINT('',(1.65213124449E-07,0.766391454778));
#12582 = ( GEOMETRIC_REPRESENTATION_CONTEXT(2) 
PARAMETRIC_REPRESENTATION_CONTEXT() REPRESENTATION_CONTEXT('2D SPACE',''
  ) );
#12583 = ORIENTED_EDGE('',*,*,#12584,.F.);
#12584 = EDGE_CURVE('',#12585,#12467,#12587,.T.);
#12585 = VERTEX_POINT('',#12586);
#12586 = CARTESIAN_POINT('',(8.55,-1.85,0.3));
#12587 = SURFACE_CURVE('',#12588,(#12592,#12598),.PCURVE_S1.);
#12588 = LINE('',#12589,#12590);
#12589 = CARTESIAN_POINT('',(8.55,-1.85,-1.7763568394E-15));
#12590 = VECTOR('',#12591,1.);
#12591 = DIRECTION('',(0.,0.,1.));
#12592 = PCURVE('',#12006,#12593);
#12593 = DEFINITIONAL_REPRESENTATION('',(#12594),#12597);
#12594 = B_SPLINE_CURVE_WITH_KNOTS('',1,(#12595,#12596),.UNSPECIFIED.,
  .F.,.F.,(2,2),(0.3,7.2),.PIECEWISE_BEZIER_KNOTS.);
#12595 = CARTESIAN_POINT('',(3.761716936771E-16,0.));
#12596 = CARTESIAN_POINT('',(3.761716936771E-16,0.999849901756));
#12597 = ( GEOMETRIC_REPRESENTATION_CONTEXT(2) 
PARAMETRIC_REPRESENTATION_CONTEXT() REPRESENTATION_CONTEXT('2D SPACE',''
  ) );
#12598 = PCURVE('',#12599,#12604);
#12599 = PLANE('',#12600);
#12600 = AXIS2_PLACEMENT_3D('',#12601,#12602,#12603);
#12601 = CARTESIAN_POINT('',(-1.35,-1.85,-1.7763568394E-15));
#12602 = DIRECTION('',(0.,-1.,0.));
#12603 = DIRECTION('',(-1.,0.,0.));
#12604 = DEFINITIONAL_REPRESENTATION('',(#12605),#12609);
#12605 = LINE('',#12606,#12607);
#12606 = CARTESIAN_POINT('',(-9.9,0.));
#12607 = VECTOR('',#12608,1.);
#12608 = DIRECTION('',(0.,-1.));
#12609 = ( GEOMETRIC_REPRESENTATION_CONTEXT(2) 
PARAMETRIC_REPRESENTATION_CONTEXT() REPRESENTATION_CONTEXT('2D SPACE',''
  ) );
#12610 = ORIENTED_EDGE('',*,*,#12611,.F.);
#12611 = EDGE_CURVE('',#12027,#12585,#12612,.T.);
#12612 = SURFACE_CURVE('',#12613,(#12619,#12625),.PCURVE_S1.);
#12613 = B_SPLINE_CURVE_WITH_KNOTS('',3,(#12614,#12615,#12616,#12617,
    #12618),.UNSPECIFIED.,.F.,.F.,(4,1,4),(0.,0.151032347687,1.),
  .UNSPECIFIED.);
#12614 = CARTESIAN_POINT('',(9.519352853658,-1.450000000001,0.3));
#12615 = CARTESIAN_POINT('',(9.475247249515,-1.487015074149,0.3));
#12616 = CARTESIAN_POINT('',(9.178291213861,-1.718478304418,0.3));
#12617 = CARTESIAN_POINT('',(8.849536700072,-1.85,0.3));
#12618 = CARTESIAN_POINT('',(8.55,-1.85,0.3));
#12619 = PCURVE('',#12006,#12620);
#12620 = DEFINITIONAL_REPRESENTATION('',(#12621),#12624);
#12621 = B_SPLINE_CURVE_WITH_KNOTS('',1,(#12622,#12623),.UNSPECIFIED.,
  .F.,.F.,(2,2),(0.,1.),.PIECEWISE_BEZIER_KNOTS.);
#12622 = CARTESIAN_POINT('',(0.224148611411,-1.292911090689E-17));
#12623 = CARTESIAN_POINT('',(-1.880858468386E-16,0.));
#12624 = ( GEOMETRIC_REPRESENTATION_CONTEXT(2) 
PARAMETRIC_REPRESENTATION_CONTEXT() REPRESENTATION_CONTEXT('2D SPACE',''
  ) );
#12625 = PCURVE('',#12626,#12637);
#12626 = B_SPLINE_SURFACE_WITH_KNOTS('',3,1,(
    (#12627,#12628)
    ,(#12629,#12630)
    ,(#12631,#12632)
    ,(#12633,#12634)
    ,(#12635,#12636
    )),.UNSPECIFIED.,.F.,.F.,.F.,(4,1,4),(2,2),(0.775851388589,
    0.809705079601,1.),(0.,1.),.UNSPECIFIED.);
#12627 = CARTESIAN_POINT('',(9.519352853658,-1.450000000001,
    -2.6645352591E-15));
#12628 = CARTESIAN_POINT('',(9.519352853658,-1.450000000001,0.3));
#12629 = CARTESIAN_POINT('',(9.475247249515,-1.487015074149,
    -2.6645352591E-15));
#12630 = CARTESIAN_POINT('',(9.475247249515,-1.487015074149,0.3));
#12631 = CARTESIAN_POINT('',(9.178291213861,-1.718478304418,
    -2.6645352591E-15));
#12632 = CARTESIAN_POINT('',(9.178291213861,-1.718478304418,0.3));
#12633 = CARTESIAN_POINT('',(8.849536700072,-1.85,-2.6645352591E-15));
#12634 = CARTESIAN_POINT('',(8.849536700072,-1.85,0.3));
#12635 = CARTESIAN_POINT('',(8.55,-1.85,-2.6645352591E-15));
#12636 = CARTESIAN_POINT('',(8.55,-1.85,0.3));
#12637 = DEFINITIONAL_REPRESENTATION('',(#12638),#12641);
#12638 = B_SPLINE_CURVE_WITH_KNOTS('',1,(#12639,#12640),.UNSPECIFIED.,
  .F.,.F.,(2,2),(0.,1.),.PIECEWISE_BEZIER_KNOTS.);
#12639 = CARTESIAN_POINT('',(0.775851388589,1.));
#12640 = CARTESIAN_POINT('',(1.,1.));
#12641 = ( GEOMETRIC_REPRESENTATION_CONTEXT(2) 
PARAMETRIC_REPRESENTATION_CONTEXT() REPRESENTATION_CONTEXT('2D SPACE',''
  ) );
#12642 = ADVANCED_FACE('',(#12643),#12626,.F.);
#12643 = FACE_BOUND('',#12644,.F.);
#12644 = EDGE_LOOP('',(#12645,#12672,#12736,#12756));
#12645 = ORIENTED_EDGE('',*,*,#12646,.F.);
#12646 = EDGE_CURVE('',#12647,#12027,#12649,.T.);
#12647 = VERTEX_POINT('',#12648);
#12648 = CARTESIAN_POINT('',(9.519352853658,-1.450000000001,
    -2.6645352591E-15));
#12649 = SURFACE_CURVE('',#12650,(#12654,#12660),.PCURVE_S1.);
#12650 = LINE('',#12651,#12652);
#12651 = CARTESIAN_POINT('',(9.519352853658,-1.450000000001,
    -2.6645352591E-15));
#12652 = VECTOR('',#12653,1.);
#12653 = DIRECTION('',(0.,0.,1.));
#12654 = PCURVE('',#12626,#12655);
#12655 = DEFINITIONAL_REPRESENTATION('',(#12656),#12659);
#12656 = B_SPLINE_CURVE_WITH_KNOTS('',1,(#12657,#12658),.UNSPECIFIED.,
  .F.,.F.,(2,2),(0.,0.3),.PIECEWISE_BEZIER_KNOTS.);
#12657 = CARTESIAN_POINT('',(0.775851388589,0.));
#12658 = CARTESIAN_POINT('',(0.775851388589,1.));
#12659 = ( GEOMETRIC_REPRESENTATION_CONTEXT(2) 
PARAMETRIC_REPRESENTATION_CONTEXT() REPRESENTATION_CONTEXT('2D SPACE',''
  ) );
#12660 = PCURVE('',#12661,#12666);
#12661 = PLANE('',#12662);
#12662 = AXIS2_PLACEMENT_3D('',#12663,#12664,#12665);
#12663 = CARTESIAN_POINT('',(8.65,-1.45,0.6));
#12664 = DIRECTION('',(0.,-1.,0.));
#12665 = DIRECTION('',(1.,0.,0.));
#12666 = DEFINITIONAL_REPRESENTATION('',(#12667),#12671);
#12667 = LINE('',#12668,#12669);
#12668 = CARTESIAN_POINT('',(0.869352853658,-0.6));
#12669 = VECTOR('',#12670,1.);
#12670 = DIRECTION('',(0.,1.));
#12671 = ( GEOMETRIC_REPRESENTATION_CONTEXT(2) 
PARAMETRIC_REPRESENTATION_CONTEXT() REPRESENTATION_CONTEXT('2D SPACE',''
  ) );
#12672 = ORIENTED_EDGE('',*,*,#12673,.T.);
#12673 = EDGE_CURVE('',#12647,#12674,#12676,.T.);
#12674 = VERTEX_POINT('',#12675);
#12675 = CARTESIAN_POINT('',(8.55,-1.85,-2.6645352591E-15));
#12676 = SURFACE_CURVE('',#12677,(#12688,#12717),.PCURVE_S1.);
#12677 = B_SPLINE_CURVE_WITH_KNOTS('',3,(#12678,#12679,#12680,#12681,
    #12682,#12683,#12684,#12685,#12686,#12687),.UNSPECIFIED.,.F.,.F.,(4,
    1,1,2,2,4),(0.,0.25,0.375,0.4375,0.5,1.),.UNSPECIFIED.);
#12678 = CARTESIAN_POINT('',(9.519352853658,-1.450000000001,
    -2.6645352591E-15));
#12679 = CARTESIAN_POINT('',(9.44322992638,-1.513885210335,
    -2.6645352591E-15));
#12680 = CARTESIAN_POINT('',(9.328401794738,-1.598287263688,
    -3.552713678801E-15));
#12681 = CARTESIAN_POINT('',(9.193309094886,-1.67676124217,
    -3.552713678801E-15));
#12682 = CARTESIAN_POINT('',(9.135170820749,-1.706108286427,
    -2.6645352591E-15));
#12683 = CARTESIAN_POINT('',(9.096358326263,-1.724720835753,
    -2.6645352591E-15));
#12684 = CARTESIAN_POINT('',(9.078448143573,-1.732897261877,
    -2.6645352591E-15));
#12685 = CARTESIAN_POINT('',(8.889603129102,-1.81396838827,
    -3.552713678801E-15));
#12686 = CARTESIAN_POINT('',(8.720448007706,-1.85,-2.6645352591E-15));
#12687 = CARTESIAN_POINT('',(8.55,-1.85,-2.6645352591E-15));
#12688 = PCURVE('',#12626,#12689);
#12689 = DEFINITIONAL_REPRESENTATION('',(#12690),#12716);
#12690 = B_SPLINE_CURVE_WITH_KNOTS('',3,(#12691,#12692,#12693,#12694,
    #12695,#12696,#12697,#12698,#12699,#12700,#12701,#12702,#12703,
    #12704,#12705,#12706,#12707,#12708,#12709,#12710,#12711,#12712,
    #12713,#12714,#12715),.UNSPECIFIED.,.F.,.F.,(4,1,1,1,1,1,1,1,1,1,1,1
    ,1,1,1,1,1,1,1,1,1,1,4),(0.,4.545454545455E-02,9.090909090909E-02,
    0.136363636364,0.181818181818,0.227272727273,0.272727272727,
    0.318181818182,0.363636363636,0.409090909091,0.454545454545,0.5,
    0.545454545455,0.590909090909,0.636363636364,0.681818181818,
    0.727272727273,0.772727272727,0.818181818182,0.863636363636,
    0.909090909091,0.954545454545,1.),.QUASI_UNIFORM_KNOTS.);
#12691 = CARTESIAN_POINT('',(0.775851388589,0.));
#12692 = CARTESIAN_POINT('',(0.779392524109,-3.289549702593E-16));
#12693 = CARTESIAN_POINT('',(0.786444667732,-2.64705139809E-16));
#12694 = CARTESIAN_POINT('',(0.796935796785,1.41990044472E-15));
#12695 = CARTESIAN_POINT('',(0.80734318694,-5.414896639072E-15));
#12696 = CARTESIAN_POINT('',(0.817670005035,2.476117717567E-15));
#12697 = CARTESIAN_POINT('',(0.827919332346,-4.489574231195E-15));
#12698 = CARTESIAN_POINT('',(0.838093573634,-2.28138918679E-15));
#12699 = CARTESIAN_POINT('',(0.848196987582,-4.148437415646E-15));
#12700 = CARTESIAN_POINT('',(0.858226410125,1.111570455374E-15));
#12701 = CARTESIAN_POINT('',(0.868205824105,-2.978444058476E-16));
#12702 = CARTESIAN_POINT('',(0.878057335976,7.9807168017E-17));
#12703 = CARTESIAN_POINT('',(0.887742089773,-2.138426622038E-17));
#12704 = CARTESIAN_POINT('',(0.898528470698,5.729896864501E-18));
#12705 = CARTESIAN_POINT('',(0.908921573223,-1.535321237629E-18));
#12706 = CARTESIAN_POINT('',(0.919325207833,4.113880860142E-19));
#12707 = CARTESIAN_POINT('',(0.929634323508,-1.1023110643E-19));
#12708 = CARTESIAN_POINT('',(0.939880109705,2.953633970337E-20));
#12709 = CARTESIAN_POINT('',(0.950057132818,-7.91425238586E-21));
#12710 = CARTESIAN_POINT('',(0.960169643518,2.120669837701E-21));
#12711 = CARTESIAN_POINT('',(0.970219157935,-5.684269673114E-22));
#12712 = CARTESIAN_POINT('',(0.980207769011,1.530380291778E-22));
#12713 = CARTESIAN_POINT('',(0.990137264855,-4.372515176653E-23));
#12714 = CARTESIAN_POINT('',(0.996718618853,-2.410408321509E-31));
#12715 = CARTESIAN_POINT('',(1.,0.));
#12716 = ( GEOMETRIC_REPRESENTATION_CONTEXT(2) 
PARAMETRIC_REPRESENTATION_CONTEXT() REPRESENTATION_CONTEXT('2D SPACE',''
  ) );
#12717 = PCURVE('',#12718,#12723);
#12718 = PLANE('',#12719);
#12719 = AXIS2_PLACEMENT_3D('',#12720,#12721,#12722);
#12720 = CARTESIAN_POINT('',(-1.857465364193,-1.741905164807,
    -2.6645352591E-15));
#12721 = DIRECTION('',(0.,0.,1.));
#12722 = DIRECTION('',(0.,1.,0.));
#12723 = DEFINITIONAL_REPRESENTATION('',(#12724),#12735);
#12724 = B_SPLINE_CURVE_WITH_KNOTS('',3,(#12725,#12726,#12727,#12728,
    #12729,#12730,#12731,#12732,#12733,#12734),.UNSPECIFIED.,.F.,.F.,(4,
    1,1,2,2,4),(0.,0.25,0.375,0.4375,0.5,1.),.UNSPECIFIED.);
#12725 = CARTESIAN_POINT('',(0.291905164807,-11.37681821785));
#12726 = CARTESIAN_POINT('',(0.228019954472,-11.30069529057));
#12727 = CARTESIAN_POINT('',(0.143617901119,-11.18586715893));
#12728 = CARTESIAN_POINT('',(6.514392263758E-02,-11.05077445908));
#12729 = CARTESIAN_POINT('',(3.579687838021E-02,-10.99263618494));
#12730 = CARTESIAN_POINT('',(1.718432905447E-02,-10.95382369045));
#12731 = CARTESIAN_POINT('',(9.007902930009E-03,-10.93591350776));
#12732 = CARTESIAN_POINT('',(-7.206322346274E-02,-10.74706849329));
#12733 = CARTESIAN_POINT('',(-0.108094835193,-10.5779133719));
#12734 = CARTESIAN_POINT('',(-0.108094835193,-10.40746536419));
#12735 = ( GEOMETRIC_REPRESENTATION_CONTEXT(2) 
PARAMETRIC_REPRESENTATION_CONTEXT() REPRESENTATION_CONTEXT('2D SPACE',''
  ) );
#12736 = ORIENTED_EDGE('',*,*,#12737,.T.);
#12737 = EDGE_CURVE('',#12674,#12585,#12738,.T.);
#12738 = SURFACE_CURVE('',#12739,(#12743,#12749),.PCURVE_S1.);
#12739 = LINE('',#12740,#12741);
#12740 = CARTESIAN_POINT('',(8.55,-1.85,-2.6645352591E-15));
#12741 = VECTOR('',#12742,1.);
#12742 = DIRECTION('',(0.,0.,1.));
#12743 = PCURVE('',#12626,#12744);
#12744 = DEFINITIONAL_REPRESENTATION('',(#12745),#12748);
#12745 = B_SPLINE_CURVE_WITH_KNOTS('',1,(#12746,#12747),.UNSPECIFIED.,
  .F.,.F.,(2,2),(0.,0.3),.PIECEWISE_BEZIER_KNOTS.);
#12746 = CARTESIAN_POINT('',(1.,0.));
#12747 = CARTESIAN_POINT('',(1.,1.));
#12748 = ( GEOMETRIC_REPRESENTATION_CONTEXT(2) 
PARAMETRIC_REPRESENTATION_CONTEXT() REPRESENTATION_CONTEXT('2D SPACE',''
  ) );
#12749 = PCURVE('',#12599,#12750);
#12750 = DEFINITIONAL_REPRESENTATION('',(#12751),#12755);
#12751 = LINE('',#12752,#12753);
#12752 = CARTESIAN_POINT('',(-9.9,8.881784197001E-16));
#12753 = VECTOR('',#12754,1.);
#12754 = DIRECTION('',(0.,-1.));
#12755 = ( GEOMETRIC_REPRESENTATION_CONTEXT(2) 
PARAMETRIC_REPRESENTATION_CONTEXT() REPRESENTATION_CONTEXT('2D SPACE',''
  ) );
#12756 = ORIENTED_EDGE('',*,*,#12611,.F.);
#12757 = ADVANCED_FACE('',(#12758),#12718,.F.);
#12758 = FACE_BOUND('',#12759,.T.);
#12759 = EDGE_LOOP('',(#12760,#12832,#12853,#12854));
#12760 = ORIENTED_EDGE('',*,*,#12761,.T.);
#12761 = EDGE_CURVE('',#12762,#12764,#12766,.T.);
#12762 = VERTEX_POINT('',#12763);
#12763 = CARTESIAN_POINT('',(-1.35,-1.85,-2.6645352591E-15));
#12764 = VERTEX_POINT('',#12765);
#12765 = CARTESIAN_POINT('',(-2.319352853658,-1.45,-2.6645352591E-15));
#12766 = SURFACE_CURVE('',#12767,(#12778,#12792),.PCURVE_S1.);
#12767 = B_SPLINE_CURVE_WITH_KNOTS('',3,(#12768,#12769,#12770,#12771,
    #12772,#12773,#12774,#12775,#12776,#12777),.UNSPECIFIED.,.F.,.F.,(4,
    1,1,2,2,4),(0.,0.25,0.375,0.4375,0.5,1.),.UNSPECIFIED.);
#12768 = CARTESIAN_POINT('',(-1.35,-1.85,-2.6645352591E-15));
#12769 = CARTESIAN_POINT('',(-1.435066086446,-1.85,-3.552713678801E-15)
  );
#12770 = CARTESIAN_POINT('',(-1.562298821805,-1.836488145601,
    -2.6645352591E-15));
#12771 = CARTESIAN_POINT('',(-1.710095823014,-1.79707857027,
    -3.552713678801E-15));
#12772 = CARTESIAN_POINT('',(-1.773299997094,-1.775121806872,
    -2.6645352591E-15));
#12773 = CARTESIAN_POINT('',(-1.815405580288,-1.759357976739,
    -8.881784197001E-16));
#12774 = CARTESIAN_POINT('',(-1.838043668136,-1.750227236905,
    -1.7763568394E-15));
#12775 = CARTESIAN_POINT('',(-2.012838932654,-1.675328588024,
    -3.552713678801E-15));
#12776 = CARTESIAN_POINT('',(-2.166801429146,-1.578026866419,
    -2.6645352591E-15));
#12777 = CARTESIAN_POINT('',(-2.319352853658,-1.45,-2.6645352591E-15));
#12778 = PCURVE('',#12718,#12779);
#12779 = DEFINITIONAL_REPRESENTATION('',(#12780),#12791);
#12780 = B_SPLINE_CURVE_WITH_KNOTS('',3,(#12781,#12782,#12783,#12784,
    #12785,#12786,#12787,#12788,#12789,#12790),.UNSPECIFIED.,.F.,.F.,(4,
    1,1,2,2,4),(0.,0.25,0.375,0.4375,0.5,1.),.UNSPECIFIED.);
#12781 = CARTESIAN_POINT('',(-0.108094835193,-0.507465364193));
#12782 = CARTESIAN_POINT('',(-0.108094835193,-0.422399277747));
#12783 = CARTESIAN_POINT('',(-9.458298079373E-02,-0.295166542388));
#12784 = CARTESIAN_POINT('',(-5.517340546302E-02,-0.147369541179));
#12785 = CARTESIAN_POINT('',(-3.321664206447E-02,-8.416536709934E-02));
#12786 = CARTESIAN_POINT('',(-1.745281193217E-02,-4.205978390526E-02));
#12787 = CARTESIAN_POINT('',(-8.322072097872E-03,-1.942169605764E-02));
#12788 = CARTESIAN_POINT('',(6.657657678301E-02,0.155373568461));
#12789 = CARTESIAN_POINT('',(0.163878298388,0.309336064953));
#12790 = CARTESIAN_POINT('',(0.291905164807,0.461887489465));
#12791 = ( GEOMETRIC_REPRESENTATION_CONTEXT(2) 
PARAMETRIC_REPRESENTATION_CONTEXT() REPRESENTATION_CONTEXT('2D SPACE',''
  ) );
#12792 = PCURVE('',#12793,#12804);
#12793 = B_SPLINE_SURFACE_WITH_KNOTS('',3,1,(
    (#12794,#12795)
    ,(#12796,#12797)
    ,(#12798,#12799)
    ,(#12800,#12801)
    ,(#12802,#12803
    )),.UNSPECIFIED.,.F.,.F.,.F.,(4,1,4),(2,2),(0.,0.190294920399,
    0.224148611414),(0.,1.),.UNSPECIFIED.);
#12794 = CARTESIAN_POINT('',(-1.35,-1.85,-2.6645352591E-15));
#12795 = CARTESIAN_POINT('',(-1.35,-1.85,0.3));
#12796 = CARTESIAN_POINT('',(-1.649536700072,-1.85,-2.6645352591E-15));
#12797 = CARTESIAN_POINT('',(-1.649536700072,-1.85,0.3));
#12798 = CARTESIAN_POINT('',(-1.978291213865,-1.718478304417,
    -2.6645352591E-15));
#12799 = CARTESIAN_POINT('',(-1.978291213865,-1.718478304417,0.3));
#12800 = CARTESIAN_POINT('',(-2.275247249523,-1.487015074144,
    -2.6645352591E-15));
#12801 = CARTESIAN_POINT('',(-2.275247249523,-1.487015074144,0.3));
#12802 = CARTESIAN_POINT('',(-2.319352853669,-1.449999999992,
    -2.6645352591E-15));
#12803 = CARTESIAN_POINT('',(-2.319352853669,-1.449999999992,0.3));
#12804 = DEFINITIONAL_REPRESENTATION('',(#12805),#12831);
#12805 = B_SPLINE_CURVE_WITH_KNOTS('',3,(#12806,#12807,#12808,#12809,
    #12810,#12811,#12812,#12813,#12814,#12815,#12816,#12817,#12818,
    #12819,#12820,#12821,#12822,#12823,#12824,#12825,#12826,#12827,
    #12828,#12829,#12830),.UNSPECIFIED.,.F.,.F.,(4,1,1,1,1,1,1,1,1,1,1,1
    ,1,1,1,1,1,1,1,1,1,1,4),(0.,4.545454545455E-02,9.090909090909E-02,
    0.136363636364,0.181818181818,0.227272727273,0.272727272727,
    0.318181818182,0.363636363636,0.409090909091,0.454545454545,0.5,
    0.545454545455,0.590909090909,0.636363636364,0.681818181818,
    0.727272727273,0.772727272727,0.818181818182,0.863636363636,
    0.909090909091,0.954545454545,1.),.QUASI_UNIFORM_KNOTS.);
#12806 = CARTESIAN_POINT('',(0.,0.));
#12807 = CARTESIAN_POINT('',(3.275296163141E-03,1.151342395908E-15));
#12808 = CARTESIAN_POINT('',(9.845516984862E-03,6.286933956489E-16));
#12809 = CARTESIAN_POINT('',(1.976156457013E-02,-3.927440478633E-15));
#12810 = CARTESIAN_POINT('',(2.974011701541E-02,-2.682499875121E-15));
#12811 = CARTESIAN_POINT('',(3.978311108473E-02,-3.106128414886E-15));
#12812 = CARTESIAN_POINT('',(4.989239761363E-02,-2.656554859338E-15));
#12813 = CARTESIAN_POINT('',(6.007044860172E-02,-4.031220541764E-15));
#12814 = CARTESIAN_POINT('',(7.031772680459E-02,1.017868632391E-15));
#12815 = CARTESIAN_POINT('',(8.064247039337E-02,-4.025398780182E-17));
#12816 = CARTESIAN_POINT('',(9.102416416284E-02,-8.568526811842E-16));
#12817 = CARTESIAN_POINT('',(0.101549861009,3.467664712538E-15));
#12818 = CARTESIAN_POINT('',(0.112267001697,4.749762225033E-15));
#12819 = CARTESIAN_POINT('',(0.121827966445,-4.703145218667E-15));
#12820 = CARTESIAN_POINT('',(0.131782285041,6.500711784455E-15));
#12821 = CARTESIAN_POINT('',(0.141717681687,-8.967788615062E-16));
#12822 = CARTESIAN_POINT('',(0.151747651824,-7.836348539965E-15));
#12823 = CARTESIAN_POINT('',(0.161844915944,1.993745560649E-15));
#12824 = CARTESIAN_POINT('',(0.172020019557,-2.422031240521E-15));
#12825 = CARTESIAN_POINT('',(0.182273483262,-2.151125001633E-15));
#12826 = CARTESIAN_POINT('',(0.192608618228,-6.381080021194E-15));
#12827 = CARTESIAN_POINT('',(0.203028143129,2.705726952981E-15));
#12828 = CARTESIAN_POINT('',(0.213535186704,-1.446516001331E-15));
#12829 = CARTESIAN_POINT('',(0.220600368144,-1.473144016069E-15));
#12830 = CARTESIAN_POINT('',(0.224148611414,0.));
#12831 = ( GEOMETRIC_REPRESENTATION_CONTEXT(2) 
PARAMETRIC_REPRESENTATION_CONTEXT() REPRESENTATION_CONTEXT('2D SPACE',''
  ) );
#12832 = ORIENTED_EDGE('',*,*,#12833,.T.);
#12833 = EDGE_CURVE('',#12764,#12647,#12834,.T.);
#12834 = SURFACE_CURVE('',#12835,(#12839,#12846),.PCURVE_S1.);
#12835 = LINE('',#12836,#12837);
#12836 = CARTESIAN_POINT('',(9.519352853659,-1.45,-2.6645352591E-15));
#12837 = VECTOR('',#12838,1.);
#12838 = DIRECTION('',(1.,1.582522110417E-14,0.));
#12839 = PCURVE('',#12718,#12840);
#12840 = DEFINITIONAL_REPRESENTATION('',(#12841),#12845);
#12841 = LINE('',#12842,#12843);
#12842 = CARTESIAN_POINT('',(0.291905164807,-11.37681821785));
#12843 = VECTOR('',#12844,1.);
#12844 = DIRECTION('',(1.582522110417E-14,-1.));
#12845 = ( GEOMETRIC_REPRESENTATION_CONTEXT(2) 
PARAMETRIC_REPRESENTATION_CONTEXT() REPRESENTATION_CONTEXT('2D SPACE',''
  ) );
#12846 = PCURVE('',#12661,#12847);
#12847 = DEFINITIONAL_REPRESENTATION('',(#12848),#12852);
#12848 = LINE('',#12849,#12850);
#12849 = CARTESIAN_POINT('',(0.869352853659,-0.6));
#12850 = VECTOR('',#12851,1.);
#12851 = DIRECTION('',(1.,0.));
#12852 = ( GEOMETRIC_REPRESENTATION_CONTEXT(2) 
PARAMETRIC_REPRESENTATION_CONTEXT() REPRESENTATION_CONTEXT('2D SPACE',''
  ) );
#12853 = ORIENTED_EDGE('',*,*,#12673,.T.);
#12854 = ORIENTED_EDGE('',*,*,#12855,.T.);
#12855 = EDGE_CURVE('',#12674,#12762,#12856,.T.);
#12856 = SURFACE_CURVE('',#12857,(#12861,#12868),.PCURVE_S1.);
#12857 = LINE('',#12858,#12859);
#12858 = CARTESIAN_POINT('',(8.55,-1.85,-2.6645352591E-15));
#12859 = VECTOR('',#12860,1.);
#12860 = DIRECTION('',(-1.,0.,0.));
#12861 = PCURVE('',#12718,#12862);
#12862 = DEFINITIONAL_REPRESENTATION('',(#12863),#12867);
#12863 = LINE('',#12864,#12865);
#12864 = CARTESIAN_POINT('',(-0.108094835193,-10.40746536419));
#12865 = VECTOR('',#12866,1.);
#12866 = DIRECTION('',(0.,1.));
#12867 = ( GEOMETRIC_REPRESENTATION_CONTEXT(2) 
PARAMETRIC_REPRESENTATION_CONTEXT() REPRESENTATION_CONTEXT('2D SPACE',''
  ) );
#12868 = PCURVE('',#12599,#12869);
#12869 = DEFINITIONAL_REPRESENTATION('',(#12870),#12874);
#12870 = LINE('',#12871,#12872);
#12871 = CARTESIAN_POINT('',(-9.9,8.881784197001E-16));
#12872 = VECTOR('',#12873,1.);
#12873 = DIRECTION('',(1.,0.));
#12874 = ( GEOMETRIC_REPRESENTATION_CONTEXT(2) 
PARAMETRIC_REPRESENTATION_CONTEXT() REPRESENTATION_CONTEXT('2D SPACE',''
  ) );
#12875 = ADVANCED_FACE('',(#12876),#12793,.F.);
#12876 = FACE_BOUND('',#12877,.F.);
#12877 = EDGE_LOOP('',(#12878,#12900,#12901,#12923));
#12878 = ORIENTED_EDGE('',*,*,#12879,.F.);
#12879 = EDGE_CURVE('',#12762,#12880,#12882,.T.);
#12880 = VERTEX_POINT('',#12881);
#12881 = CARTESIAN_POINT('',(-1.35,-1.85,0.3));
#12882 = SURFACE_CURVE('',#12883,(#12887,#12893),.PCURVE_S1.);
#12883 = LINE('',#12884,#12885);
#12884 = CARTESIAN_POINT('',(-1.35,-1.85,-2.6645352591E-15));
#12885 = VECTOR('',#12886,1.);
#12886 = DIRECTION('',(0.,0.,1.));
#12887 = PCURVE('',#12793,#12888);
#12888 = DEFINITIONAL_REPRESENTATION('',(#12889),#12892);
#12889 = B_SPLINE_CURVE_WITH_KNOTS('',1,(#12890,#12891),.UNSPECIFIED.,
  .F.,.F.,(2,2),(0.,0.3),.PIECEWISE_BEZIER_KNOTS.);
#12890 = CARTESIAN_POINT('',(-1.880858468386E-16,0.));
#12891 = CARTESIAN_POINT('',(-1.880858468386E-16,1.));
#12892 = ( GEOMETRIC_REPRESENTATION_CONTEXT(2) 
PARAMETRIC_REPRESENTATION_CONTEXT() REPRESENTATION_CONTEXT('2D SPACE',''
  ) );
#12893 = PCURVE('',#12599,#12894);
#12894 = DEFINITIONAL_REPRESENTATION('',(#12895),#12899);
#12895 = LINE('',#12896,#12897);
#12896 = CARTESIAN_POINT('',(-2.6645352591E-15,8.881784197001E-16));
#12897 = VECTOR('',#12898,1.);
#12898 = DIRECTION('',(0.,-1.));
#12899 = ( GEOMETRIC_REPRESENTATION_CONTEXT(2) 
PARAMETRIC_REPRESENTATION_CONTEXT() REPRESENTATION_CONTEXT('2D SPACE',''
  ) );
#12900 = ORIENTED_EDGE('',*,*,#12761,.T.);
#12901 = ORIENTED_EDGE('',*,*,#12902,.T.);
#12902 = EDGE_CURVE('',#12764,#12903,#12905,.T.);
#12903 = VERTEX_POINT('',#12904);
#12904 = CARTESIAN_POINT('',(-2.319352853658,-1.45,0.3));
#12905 = SURFACE_CURVE('',#12906,(#12910,#12916),.PCURVE_S1.);
#12906 = LINE('',#12907,#12908);
#12907 = CARTESIAN_POINT('',(-2.319352853658,-1.45,-2.6645352591E-15));
#12908 = VECTOR('',#12909,1.);
#12909 = DIRECTION('',(0.,0.,1.));
#12910 = PCURVE('',#12793,#12911);
#12911 = DEFINITIONAL_REPRESENTATION('',(#12912),#12915);
#12912 = B_SPLINE_CURVE_WITH_KNOTS('',1,(#12913,#12914),.UNSPECIFIED.,
  .F.,.F.,(2,2),(0.,0.3),.PIECEWISE_BEZIER_KNOTS.);
#12913 = CARTESIAN_POINT('',(0.224148611411,0.));
#12914 = CARTESIAN_POINT('',(0.224148611411,1.));
#12915 = ( GEOMETRIC_REPRESENTATION_CONTEXT(2) 
PARAMETRIC_REPRESENTATION_CONTEXT() REPRESENTATION_CONTEXT('2D SPACE',''
  ) );
#12916 = PCURVE('',#12661,#12917);
#12917 = DEFINITIONAL_REPRESENTATION('',(#12918),#12922);
#12918 = LINE('',#12919,#12920);
#12919 = CARTESIAN_POINT('',(-10.96935285365,-0.6));
#12920 = VECTOR('',#12921,1.);
#12921 = DIRECTION('',(0.,1.));
#12922 = ( GEOMETRIC_REPRESENTATION_CONTEXT(2) 
PARAMETRIC_REPRESENTATION_CONTEXT() REPRESENTATION_CONTEXT('2D SPACE',''
  ) );
#12923 = ORIENTED_EDGE('',*,*,#12924,.F.);
#12924 = EDGE_CURVE('',#12880,#12903,#12925,.T.);
#12925 = SURFACE_CURVE('',#12926,(#12932,#12938),.PCURVE_S1.);
#12926 = B_SPLINE_CURVE_WITH_KNOTS('',3,(#12927,#12928,#12929,#12930,
    #12931),.UNSPECIFIED.,.F.,.F.,(4,1,4),(0.,0.848967652303,1.),
  .UNSPECIFIED.);
#12927 = CARTESIAN_POINT('',(-1.35,-1.85,0.3));
#12928 = CARTESIAN_POINT('',(-1.649536700072,-1.85,0.3));
#12929 = CARTESIAN_POINT('',(-1.978291213865,-1.718478304417,0.3));
#12930 = CARTESIAN_POINT('',(-2.275247249523,-1.487015074144,0.3));
#12931 = CARTESIAN_POINT('',(-2.319352853658,-1.45,0.3));
#12932 = PCURVE('',#12793,#12933);
#12933 = DEFINITIONAL_REPRESENTATION('',(#12934),#12937);
#12934 = B_SPLINE_CURVE_WITH_KNOTS('',1,(#12935,#12936),.UNSPECIFIED.,
  .F.,.F.,(2,2),(0.,1.),.PIECEWISE_BEZIER_KNOTS.);
#12935 = CARTESIAN_POINT('',(-1.880858468386E-16,1.));
#12936 = CARTESIAN_POINT('',(0.224148611411,1.));
#12937 = ( GEOMETRIC_REPRESENTATION_CONTEXT(2) 
PARAMETRIC_REPRESENTATION_CONTEXT() REPRESENTATION_CONTEXT('2D SPACE',''
  ) );
#12938 = PCURVE('',#11317,#12939);
#12939 = DEFINITIONAL_REPRESENTATION('',(#12940),#12943);
#12940 = B_SPLINE_CURVE_WITH_KNOTS('',1,(#12941,#12942),.UNSPECIFIED.,
  .F.,.F.,(2,2),(0.,1.),.PIECEWISE_BEZIER_KNOTS.);
#12941 = CARTESIAN_POINT('',(1.,0.));
#12942 = CARTESIAN_POINT('',(0.775851388589,-1.292911090689E-17));
#12943 = ( GEOMETRIC_REPRESENTATION_CONTEXT(2) 
PARAMETRIC_REPRESENTATION_CONTEXT() REPRESENTATION_CONTEXT('2D SPACE',''
  ) );
#12944 = ADVANCED_FACE('',(#12945),#12661,.F.);
#12945 = FACE_BOUND('',#12946,.T.);
#12946 = EDGE_LOOP('',(#12947,#12977,#12998,#12999,#13000,#13001,#13024,
    #13052,#13080,#13108,#13131,#13159));
#12947 = ORIENTED_EDGE('',*,*,#12948,.T.);
#12948 = EDGE_CURVE('',#12949,#12951,#12953,.T.);
#12949 = VERTEX_POINT('',#12950);
#12950 = CARTESIAN_POINT('',(8.65,-1.45,0.6));
#12951 = VERTEX_POINT('',#12952);
#12952 = CARTESIAN_POINT('',(8.65,-1.45,0.3));
#12953 = SURFACE_CURVE('',#12954,(#12958,#12965),.PCURVE_S1.);
#12954 = LINE('',#12955,#12956);
#12955 = CARTESIAN_POINT('',(8.65,-1.45,0.6));
#12956 = VECTOR('',#12957,1.);
#12957 = DIRECTION('',(0.,-0.,-1.));
#12958 = PCURVE('',#12661,#12959);
#12959 = DEFINITIONAL_REPRESENTATION('',(#12960),#12964);
#12960 = LINE('',#12961,#12962);
#12961 = CARTESIAN_POINT('',(0.,0.));
#12962 = VECTOR('',#12963,1.);
#12963 = DIRECTION('',(0.,-1.));
#12964 = ( GEOMETRIC_REPRESENTATION_CONTEXT(2) 
PARAMETRIC_REPRESENTATION_CONTEXT() REPRESENTATION_CONTEXT('2D SPACE',''
  ) );
#12965 = PCURVE('',#12966,#12971);
#12966 = PLANE('',#12967);
#12967 = AXIS2_PLACEMENT_3D('',#12968,#12969,#12970);
#12968 = CARTESIAN_POINT('',(8.65,0.,0.6));
#12969 = DIRECTION('',(1.,0.,0.));
#12970 = DIRECTION('',(0.,1.,0.));
#12971 = DEFINITIONAL_REPRESENTATION('',(#12972),#12976);
#12972 = LINE('',#12973,#12974);
#12973 = CARTESIAN_POINT('',(-1.45,0.));
#12974 = VECTOR('',#12975,1.);
#12975 = DIRECTION('',(0.,-1.));
#12976 = ( GEOMETRIC_REPRESENTATION_CONTEXT(2) 
PARAMETRIC_REPRESENTATION_CONTEXT() REPRESENTATION_CONTEXT('2D SPACE',''
  ) );
#12977 = ORIENTED_EDGE('',*,*,#12978,.T.);
#12978 = EDGE_CURVE('',#12951,#12027,#12979,.T.);
#12979 = SURFACE_CURVE('',#12980,(#12984,#12991),.PCURVE_S1.);
#12980 = LINE('',#12981,#12982);
#12981 = CARTESIAN_POINT('',(9.519352853659,-1.45,0.3));
#12982 = VECTOR('',#12983,1.);
#12983 = DIRECTION('',(1.,1.582522110417E-14,0.));
#12984 = PCURVE('',#12661,#12985);
#12985 = DEFINITIONAL_REPRESENTATION('',(#12986),#12990);
#12986 = LINE('',#12987,#12988);
#12987 = CARTESIAN_POINT('',(0.869352853659,-0.3));
#12988 = VECTOR('',#12989,1.);
#12989 = DIRECTION('',(1.,0.));
#12990 = ( GEOMETRIC_REPRESENTATION_CONTEXT(2) 
PARAMETRIC_REPRESENTATION_CONTEXT() REPRESENTATION_CONTEXT('2D SPACE',''
  ) );
#12991 = PCURVE('',#10879,#12992);
#12992 = DEFINITIONAL_REPRESENTATION('',(#12993),#12997);
#12993 = LINE('',#12994,#12995);
#12994 = CARTESIAN_POINT('',(-1.193786402243,0.919607909182));
#12995 = VECTOR('',#12996,1.);
#12996 = DIRECTION('',(1.582522110417E-14,-1.));
#12997 = ( GEOMETRIC_REPRESENTATION_CONTEXT(2) 
PARAMETRIC_REPRESENTATION_CONTEXT() REPRESENTATION_CONTEXT('2D SPACE',''
  ) );
#12998 = ORIENTED_EDGE('',*,*,#12646,.F.);
#12999 = ORIENTED_EDGE('',*,*,#12833,.F.);
#13000 = ORIENTED_EDGE('',*,*,#12902,.T.);
#13001 = ORIENTED_EDGE('',*,*,#13002,.T.);
#13002 = EDGE_CURVE('',#12903,#13003,#13005,.T.);
#13003 = VERTEX_POINT('',#13004);
#13004 = CARTESIAN_POINT('',(-1.45,-1.45,0.3));
#13005 = SURFACE_CURVE('',#13006,(#13010,#13017),.PCURVE_S1.);
#13006 = LINE('',#13007,#13008);
#13007 = CARTESIAN_POINT('',(9.519352853659,-1.45,0.3));
#13008 = VECTOR('',#13009,1.);
#13009 = DIRECTION('',(1.,1.582522110417E-14,0.));
#13010 = PCURVE('',#12661,#13011);
#13011 = DEFINITIONAL_REPRESENTATION('',(#13012),#13016);
#13012 = LINE('',#13013,#13014);
#13013 = CARTESIAN_POINT('',(0.869352853659,-0.3));
#13014 = VECTOR('',#13015,1.);
#13015 = DIRECTION('',(1.,0.));
#13016 = ( GEOMETRIC_REPRESENTATION_CONTEXT(2) 
PARAMETRIC_REPRESENTATION_CONTEXT() REPRESENTATION_CONTEXT('2D SPACE',''
  ) );
#13017 = PCURVE('',#10879,#13018);
#13018 = DEFINITIONAL_REPRESENTATION('',(#13019),#13023);
#13019 = LINE('',#13020,#13021);
#13020 = CARTESIAN_POINT('',(-1.193786402243,0.919607909182));
#13021 = VECTOR('',#13022,1.);
#13022 = DIRECTION('',(1.582522110417E-14,-1.));
#13023 = ( GEOMETRIC_REPRESENTATION_CONTEXT(2) 
PARAMETRIC_REPRESENTATION_CONTEXT() REPRESENTATION_CONTEXT('2D SPACE',''
  ) );
#13024 = ORIENTED_EDGE('',*,*,#13025,.F.);
#13025 = EDGE_CURVE('',#13026,#13003,#13028,.T.);
#13026 = VERTEX_POINT('',#13027);
#13027 = CARTESIAN_POINT('',(-1.45,-1.45,0.6));
#13028 = SURFACE_CURVE('',#13029,(#13033,#13040),.PCURVE_S1.);
#13029 = LINE('',#13030,#13031);
#13030 = CARTESIAN_POINT('',(-1.45,-1.45,0.6));
#13031 = VECTOR('',#13032,1.);
#13032 = DIRECTION('',(0.,-0.,-1.));
#13033 = PCURVE('',#12661,#13034);
#13034 = DEFINITIONAL_REPRESENTATION('',(#13035),#13039);
#13035 = LINE('',#13036,#13037);
#13036 = CARTESIAN_POINT('',(-10.1,0.));
#13037 = VECTOR('',#13038,1.);
#13038 = DIRECTION('',(0.,-1.));
#13039 = ( GEOMETRIC_REPRESENTATION_CONTEXT(2) 
PARAMETRIC_REPRESENTATION_CONTEXT() REPRESENTATION_CONTEXT('2D SPACE',''
  ) );
#13040 = PCURVE('',#13041,#13046);
#13041 = PLANE('',#13042);
#13042 = AXIS2_PLACEMENT_3D('',#13043,#13044,#13045);
#13043 = CARTESIAN_POINT('',(-1.45,0.,0.6));
#13044 = DIRECTION('',(-1.,0.,0.));
#13045 = DIRECTION('',(0.,-1.,0.));
#13046 = DEFINITIONAL_REPRESENTATION('',(#13047),#13051);
#13047 = LINE('',#13048,#13049);
#13048 = CARTESIAN_POINT('',(1.45,0.));
#13049 = VECTOR('',#13050,1.);
#13050 = DIRECTION('',(0.,-1.));
#13051 = ( GEOMETRIC_REPRESENTATION_CONTEXT(2) 
PARAMETRIC_REPRESENTATION_CONTEXT() REPRESENTATION_CONTEXT('2D SPACE',''
  ) );
#13052 = ORIENTED_EDGE('',*,*,#13053,.F.);
#13053 = EDGE_CURVE('',#13054,#13026,#13056,.T.);
#13054 = VERTEX_POINT('',#13055);
#13055 = CARTESIAN_POINT('',(1.45,-1.45,0.6));
#13056 = SURFACE_CURVE('',#13057,(#13061,#13068),.PCURVE_S1.);
#13057 = LINE('',#13058,#13059);
#13058 = CARTESIAN_POINT('',(-1.45,-1.45,0.6));
#13059 = VECTOR('',#13060,1.);
#13060 = DIRECTION('',(-1.,0.,0.));
#13061 = PCURVE('',#12661,#13062);
#13062 = DEFINITIONAL_REPRESENTATION('',(#13063),#13067);
#13063 = LINE('',#13064,#13065);
#13064 = CARTESIAN_POINT('',(-10.1,0.));
#13065 = VECTOR('',#13066,1.);
#13066 = DIRECTION('',(-1.,0.));
#13067 = ( GEOMETRIC_REPRESENTATION_CONTEXT(2) 
PARAMETRIC_REPRESENTATION_CONTEXT() REPRESENTATION_CONTEXT('2D SPACE',''
  ) );
#13068 = PCURVE('',#13069,#13074);
#13069 = PLANE('',#13070);
#13070 = AXIS2_PLACEMENT_3D('',#13071,#13072,#13073);
#13071 = CARTESIAN_POINT('',(0.,0.,0.6));
#13072 = DIRECTION('',(0.,0.,1.));
#13073 = DIRECTION('',(0.,1.,0.));
#13074 = DEFINITIONAL_REPRESENTATION('',(#13075),#13079);
#13075 = LINE('',#13076,#13077);
#13076 = CARTESIAN_POINT('',(-1.45,1.45));
#13077 = VECTOR('',#13078,1.);
#13078 = DIRECTION('',(0.,1.));
#13079 = ( GEOMETRIC_REPRESENTATION_CONTEXT(2) 
PARAMETRIC_REPRESENTATION_CONTEXT() REPRESENTATION_CONTEXT('2D SPACE',''
  ) );
#13080 = ORIENTED_EDGE('',*,*,#13081,.T.);
#13081 = EDGE_CURVE('',#13054,#13082,#13084,.T.);
#13082 = VERTEX_POINT('',#13083);
#13083 = CARTESIAN_POINT('',(1.45,-1.45,0.3));
#13084 = SURFACE_CURVE('',#13085,(#13089,#13096),.PCURVE_S1.);
#13085 = LINE('',#13086,#13087);
#13086 = CARTESIAN_POINT('',(1.45,-1.45,0.6));
#13087 = VECTOR('',#13088,1.);
#13088 = DIRECTION('',(0.,-0.,-1.));
#13089 = PCURVE('',#12661,#13090);
#13090 = DEFINITIONAL_REPRESENTATION('',(#13091),#13095);
#13091 = LINE('',#13092,#13093);
#13092 = CARTESIAN_POINT('',(-7.2,0.));
#13093 = VECTOR('',#13094,1.);
#13094 = DIRECTION('',(0.,-1.));
#13095 = ( GEOMETRIC_REPRESENTATION_CONTEXT(2) 
PARAMETRIC_REPRESENTATION_CONTEXT() REPRESENTATION_CONTEXT('2D SPACE',''
  ) );
#13096 = PCURVE('',#13097,#13102);
#13097 = PLANE('',#13098);
#13098 = AXIS2_PLACEMENT_3D('',#13099,#13100,#13101);
#13099 = CARTESIAN_POINT('',(1.45,0.,0.6));
#13100 = DIRECTION('',(1.,2.990902544788E-16,0.));
#13101 = DIRECTION('',(-2.990902544788E-16,1.,0.));
#13102 = DEFINITIONAL_REPRESENTATION('',(#13103),#13107);
#13103 = LINE('',#13104,#13105);
#13104 = CARTESIAN_POINT('',(-1.45,0.));
#13105 = VECTOR('',#13106,1.);
#13106 = DIRECTION('',(-0.,-1.));
#13107 = ( GEOMETRIC_REPRESENTATION_CONTEXT(2) 
PARAMETRIC_REPRESENTATION_CONTEXT() REPRESENTATION_CONTEXT('2D SPACE',''
  ) );
#13108 = ORIENTED_EDGE('',*,*,#13109,.T.);
#13109 = EDGE_CURVE('',#13082,#13110,#13112,.T.);
#13110 = VERTEX_POINT('',#13111);
#13111 = CARTESIAN_POINT('',(5.75,-1.45,0.3));
#13112 = SURFACE_CURVE('',#13113,(#13117,#13124),.PCURVE_S1.);
#13113 = LINE('',#13114,#13115);
#13114 = CARTESIAN_POINT('',(9.519352853659,-1.45,0.3));
#13115 = VECTOR('',#13116,1.);
#13116 = DIRECTION('',(1.,1.582522110417E-14,0.));
#13117 = PCURVE('',#12661,#13118);
#13118 = DEFINITIONAL_REPRESENTATION('',(#13119),#13123);
#13119 = LINE('',#13120,#13121);
#13120 = CARTESIAN_POINT('',(0.869352853659,-0.3));
#13121 = VECTOR('',#13122,1.);
#13122 = DIRECTION('',(1.,0.));
#13123 = ( GEOMETRIC_REPRESENTATION_CONTEXT(2) 
PARAMETRIC_REPRESENTATION_CONTEXT() REPRESENTATION_CONTEXT('2D SPACE',''
  ) );
#13124 = PCURVE('',#10879,#13125);
#13125 = DEFINITIONAL_REPRESENTATION('',(#13126),#13130);
#13126 = LINE('',#13127,#13128);
#13127 = CARTESIAN_POINT('',(-1.193786402243,0.919607909182));
#13128 = VECTOR('',#13129,1.);
#13129 = DIRECTION('',(1.582522110417E-14,-1.));
#13130 = ( GEOMETRIC_REPRESENTATION_CONTEXT(2) 
PARAMETRIC_REPRESENTATION_CONTEXT() REPRESENTATION_CONTEXT('2D SPACE',''
  ) );
#13131 = ORIENTED_EDGE('',*,*,#13132,.F.);
#13132 = EDGE_CURVE('',#13133,#13110,#13135,.T.);
#13133 = VERTEX_POINT('',#13134);
#13134 = CARTESIAN_POINT('',(5.75,-1.45,0.6));
#13135 = SURFACE_CURVE('',#13136,(#13140,#13147),.PCURVE_S1.);
#13136 = LINE('',#13137,#13138);
#13137 = CARTESIAN_POINT('',(5.75,-1.45,0.6));
#13138 = VECTOR('',#13139,1.);
#13139 = DIRECTION('',(0.,-0.,-1.));
#13140 = PCURVE('',#12661,#13141);
#13141 = DEFINITIONAL_REPRESENTATION('',(#13142),#13146);
#13142 = LINE('',#13143,#13144);
#13143 = CARTESIAN_POINT('',(-2.9,0.));
#13144 = VECTOR('',#13145,1.);
#13145 = DIRECTION('',(0.,-1.));
#13146 = ( GEOMETRIC_REPRESENTATION_CONTEXT(2) 
PARAMETRIC_REPRESENTATION_CONTEXT() REPRESENTATION_CONTEXT('2D SPACE',''
  ) );
#13147 = PCURVE('',#13148,#13153);
#13148 = PLANE('',#13149);
#13149 = AXIS2_PLACEMENT_3D('',#13150,#13151,#13152);
#13150 = CARTESIAN_POINT('',(5.75,0.,0.6));
#13151 = DIRECTION('',(-1.,2.990902544788E-16,0.));
#13152 = DIRECTION('',(-2.990902544788E-16,-1.,0.));
#13153 = DEFINITIONAL_REPRESENTATION('',(#13154),#13158);
#13154 = LINE('',#13155,#13156);
#13155 = CARTESIAN_POINT('',(1.45,0.));
#13156 = VECTOR('',#13157,1.);
#13157 = DIRECTION('',(-0.,-1.));
#13158 = ( GEOMETRIC_REPRESENTATION_CONTEXT(2) 
PARAMETRIC_REPRESENTATION_CONTEXT() REPRESENTATION_CONTEXT('2D SPACE',''
  ) );
#13159 = ORIENTED_EDGE('',*,*,#13160,.F.);
#13160 = EDGE_CURVE('',#12949,#13133,#13161,.T.);
#13161 = SURFACE_CURVE('',#13162,(#13166,#13173),.PCURVE_S1.);
#13162 = LINE('',#13163,#13164);
#13163 = CARTESIAN_POINT('',(8.65,-1.45,0.6));
#13164 = VECTOR('',#13165,1.);
#13165 = DIRECTION('',(-1.,0.,0.));
#13166 = PCURVE('',#12661,#13167);
#13167 = DEFINITIONAL_REPRESENTATION('',(#13168),#13172);
#13168 = LINE('',#13169,#13170);
#13169 = CARTESIAN_POINT('',(0.,0.));
#13170 = VECTOR('',#13171,1.);
#13171 = DIRECTION('',(-1.,0.));
#13172 = ( GEOMETRIC_REPRESENTATION_CONTEXT(2) 
PARAMETRIC_REPRESENTATION_CONTEXT() REPRESENTATION_CONTEXT('2D SPACE',''
  ) );
#13173 = PCURVE('',#13174,#13179);
#13174 = PLANE('',#13175);
#13175 = AXIS2_PLACEMENT_3D('',#13176,#13177,#13178);
#13176 = CARTESIAN_POINT('',(7.2,0.,0.6));
#13177 = DIRECTION('',(0.,0.,-1.));
#13178 = DIRECTION('',(-0.,-1.,0.));
#13179 = DEFINITIONAL_REPRESENTATION('',(#13180),#13184);
#13180 = LINE('',#13181,#13182);
#13181 = CARTESIAN_POINT('',(1.45,-1.45));
#13182 = VECTOR('',#13183,1.);
#13183 = DIRECTION('',(0.,1.));
#13184 = ( GEOMETRIC_REPRESENTATION_CONTEXT(2) 
PARAMETRIC_REPRESENTATION_CONTEXT() REPRESENTATION_CONTEXT('2D SPACE',''
  ) );
#13185 = ADVANCED_FACE('',(#13186),#13174,.T.);
#13186 = FACE_BOUND('',#13187,.T.);
#13187 = EDGE_LOOP('',(#13188,#13219,#13240,#13241));
#13188 = ORIENTED_EDGE('',*,*,#13189,.T.);
#13189 = EDGE_CURVE('',#13190,#13192,#13194,.T.);
#13190 = VERTEX_POINT('',#13191);
#13191 = CARTESIAN_POINT('',(5.75,0.,0.6));
#13192 = VERTEX_POINT('',#13193);
#13193 = CARTESIAN_POINT('',(8.65,0.,0.6));
#13194 = SURFACE_CURVE('',#13195,(#13200,#13207),.PCURVE_S1.);
#13195 = CIRCLE('',#13196,1.45);
#13196 = AXIS2_PLACEMENT_3D('',#13197,#13198,#13199);
#13197 = CARTESIAN_POINT('',(7.2,0.,0.6));
#13198 = DIRECTION('',(-0.,-0.,-1.));
#13199 = DIRECTION('',(0.,-1.,0.));
#13200 = PCURVE('',#13174,#13201);
#13201 = DEFINITIONAL_REPRESENTATION('',(#13202),#13206);
#13202 = CIRCLE('',#13203,1.45);
#13203 = AXIS2_PLACEMENT_2D('',#13204,#13205);
#13204 = CARTESIAN_POINT('',(0.,0.));
#13205 = DIRECTION('',(1.,0.));
#13206 = ( GEOMETRIC_REPRESENTATION_CONTEXT(2) 
PARAMETRIC_REPRESENTATION_CONTEXT() REPRESENTATION_CONTEXT('2D SPACE',''
  ) );
#13207 = PCURVE('',#13208,#13213);
#13208 = CYLINDRICAL_SURFACE('',#13209,1.45);
#13209 = AXIS2_PLACEMENT_3D('',#13210,#13211,#13212);
#13210 = CARTESIAN_POINT('',(7.2,0.,0.6));
#13211 = DIRECTION('',(0.,-0.,-1.));
#13212 = DIRECTION('',(0.,-1.,0.));
#13213 = DEFINITIONAL_REPRESENTATION('',(#13214),#13218);
#13214 = LINE('',#13215,#13216);
#13215 = CARTESIAN_POINT('',(0.,0.));
#13216 = VECTOR('',#13217,1.);
#13217 = DIRECTION('',(1.,0.));
#13218 = ( GEOMETRIC_REPRESENTATION_CONTEXT(2) 
PARAMETRIC_REPRESENTATION_CONTEXT() REPRESENTATION_CONTEXT('2D SPACE',''
  ) );
#13219 = ORIENTED_EDGE('',*,*,#13220,.T.);
#13220 = EDGE_CURVE('',#13192,#12949,#13221,.T.);
#13221 = SURFACE_CURVE('',#13222,(#13226,#13233),.PCURVE_S1.);
#13222 = LINE('',#13223,#13224);
#13223 = CARTESIAN_POINT('',(8.65,0.,0.6));
#13224 = VECTOR('',#13225,1.);
#13225 = DIRECTION('',(0.,-1.,0.));
#13226 = PCURVE('',#13174,#13227);
#13227 = DEFINITIONAL_REPRESENTATION('',(#13228),#13232);
#13228 = LINE('',#13229,#13230);
#13229 = CARTESIAN_POINT('',(0.,-1.45));
#13230 = VECTOR('',#13231,1.);
#13231 = DIRECTION('',(1.,0.));
#13232 = ( GEOMETRIC_REPRESENTATION_CONTEXT(2) 
PARAMETRIC_REPRESENTATION_CONTEXT() REPRESENTATION_CONTEXT('2D SPACE',''
  ) );
#13233 = PCURVE('',#12966,#13234);
#13234 = DEFINITIONAL_REPRESENTATION('',(#13235),#13239);
#13235 = LINE('',#13236,#13237);
#13236 = CARTESIAN_POINT('',(0.,0.));
#13237 = VECTOR('',#13238,1.);
#13238 = DIRECTION('',(-1.,0.));
#13239 = ( GEOMETRIC_REPRESENTATION_CONTEXT(2) 
PARAMETRIC_REPRESENTATION_CONTEXT() REPRESENTATION_CONTEXT('2D SPACE',''
  ) );
#13240 = ORIENTED_EDGE('',*,*,#13160,.T.);
#13241 = ORIENTED_EDGE('',*,*,#13242,.T.);
#13242 = EDGE_CURVE('',#13133,#13190,#13243,.T.);
#13243 = SURFACE_CURVE('',#13244,(#13248,#13255),.PCURVE_S1.);
#13244 = LINE('',#13245,#13246);
#13245 = CARTESIAN_POINT('',(5.75,0.,0.6));
#13246 = VECTOR('',#13247,1.);
#13247 = DIRECTION('',(2.990902544788E-16,1.,0.));
#13248 = PCURVE('',#13174,#13249);
#13249 = DEFINITIONAL_REPRESENTATION('',(#13250),#13254);
#13250 = LINE('',#13251,#13252);
#13251 = CARTESIAN_POINT('',(0.,1.45));
#13252 = VECTOR('',#13253,1.);
#13253 = DIRECTION('',(-1.,-2.990902544788E-16));
#13254 = ( GEOMETRIC_REPRESENTATION_CONTEXT(2) 
PARAMETRIC_REPRESENTATION_CONTEXT() REPRESENTATION_CONTEXT('2D SPACE',''
  ) );
#13255 = PCURVE('',#13148,#13256);
#13256 = DEFINITIONAL_REPRESENTATION('',(#13257),#13261);
#13257 = LINE('',#13258,#13259);
#13258 = CARTESIAN_POINT('',(0.,0.));
#13259 = VECTOR('',#13260,1.);
#13260 = DIRECTION('',(-1.,0.));
#13261 = ( GEOMETRIC_REPRESENTATION_CONTEXT(2) 
PARAMETRIC_REPRESENTATION_CONTEXT() REPRESENTATION_CONTEXT('2D SPACE',''
  ) );
#13262 = ADVANCED_FACE('',(#13263),#13208,.F.);
#13263 = FACE_BOUND('',#13264,.F.);
#13264 = EDGE_LOOP('',(#13265,#13288,#13289,#13312));
#13265 = ORIENTED_EDGE('',*,*,#13266,.F.);
#13266 = EDGE_CURVE('',#13190,#13267,#13269,.T.);
#13267 = VERTEX_POINT('',#13268);
#13268 = CARTESIAN_POINT('',(5.75,0.,0.3));
#13269 = SURFACE_CURVE('',#13270,(#13274,#13281),.PCURVE_S1.);
#13270 = LINE('',#13271,#13272);
#13271 = CARTESIAN_POINT('',(5.75,0.,0.6));
#13272 = VECTOR('',#13273,1.);
#13273 = DIRECTION('',(0.,-0.,-1.));
#13274 = PCURVE('',#13208,#13275);
#13275 = DEFINITIONAL_REPRESENTATION('',(#13276),#13280);
#13276 = LINE('',#13277,#13278);
#13277 = CARTESIAN_POINT('',(1.570796326795,0.));
#13278 = VECTOR('',#13279,1.);
#13279 = DIRECTION('',(0.,1.));
#13280 = ( GEOMETRIC_REPRESENTATION_CONTEXT(2) 
PARAMETRIC_REPRESENTATION_CONTEXT() REPRESENTATION_CONTEXT('2D SPACE',''
  ) );
#13281 = PCURVE('',#13148,#13282);
#13282 = DEFINITIONAL_REPRESENTATION('',(#13283),#13287);
#13283 = LINE('',#13284,#13285);
#13284 = CARTESIAN_POINT('',(0.,0.));
#13285 = VECTOR('',#13286,1.);
#13286 = DIRECTION('',(-0.,-1.));
#13287 = ( GEOMETRIC_REPRESENTATION_CONTEXT(2) 
PARAMETRIC_REPRESENTATION_CONTEXT() REPRESENTATION_CONTEXT('2D SPACE',''
  ) );
#13288 = ORIENTED_EDGE('',*,*,#13189,.T.);
#13289 = ORIENTED_EDGE('',*,*,#13290,.T.);
#13290 = EDGE_CURVE('',#13192,#13291,#13293,.T.);
#13291 = VERTEX_POINT('',#13292);
#13292 = CARTESIAN_POINT('',(8.65,0.,0.3));
#13293 = SURFACE_CURVE('',#13294,(#13298,#13305),.PCURVE_S1.);
#13294 = LINE('',#13295,#13296);
#13295 = CARTESIAN_POINT('',(8.65,0.,0.6));
#13296 = VECTOR('',#13297,1.);
#13297 = DIRECTION('',(0.,-0.,-1.));
#13298 = PCURVE('',#13208,#13299);
#13299 = DEFINITIONAL_REPRESENTATION('',(#13300),#13304);
#13300 = LINE('',#13301,#13302);
#13301 = CARTESIAN_POINT('',(4.712388980385,0.));
#13302 = VECTOR('',#13303,1.);
#13303 = DIRECTION('',(0.,1.));
#13304 = ( GEOMETRIC_REPRESENTATION_CONTEXT(2) 
PARAMETRIC_REPRESENTATION_CONTEXT() REPRESENTATION_CONTEXT('2D SPACE',''
  ) );
#13305 = PCURVE('',#12966,#13306);
#13306 = DEFINITIONAL_REPRESENTATION('',(#13307),#13311);
#13307 = LINE('',#13308,#13309);
#13308 = CARTESIAN_POINT('',(0.,0.));
#13309 = VECTOR('',#13310,1.);
#13310 = DIRECTION('',(0.,-1.));
#13311 = ( GEOMETRIC_REPRESENTATION_CONTEXT(2) 
PARAMETRIC_REPRESENTATION_CONTEXT() REPRESENTATION_CONTEXT('2D SPACE',''
  ) );
#13312 = ORIENTED_EDGE('',*,*,#13313,.F.);
#13313 = EDGE_CURVE('',#13267,#13291,#13314,.T.);
#13314 = SURFACE_CURVE('',#13315,(#13320,#13327),.PCURVE_S1.);
#13315 = CIRCLE('',#13316,1.45);
#13316 = AXIS2_PLACEMENT_3D('',#13317,#13318,#13319);
#13317 = CARTESIAN_POINT('',(7.2,0.,0.3));
#13318 = DIRECTION('',(-0.,-0.,-1.));
#13319 = DIRECTION('',(0.,-1.,0.));
#13320 = PCURVE('',#13208,#13321);
#13321 = DEFINITIONAL_REPRESENTATION('',(#13322),#13326);
#13322 = LINE('',#13323,#13324);
#13323 = CARTESIAN_POINT('',(0.,0.3));
#13324 = VECTOR('',#13325,1.);
#13325 = DIRECTION('',(1.,0.));
#13326 = ( GEOMETRIC_REPRESENTATION_CONTEXT(2) 
PARAMETRIC_REPRESENTATION_CONTEXT() REPRESENTATION_CONTEXT('2D SPACE',''
  ) );
#13327 = PCURVE('',#10879,#13328);
#13328 = DEFINITIONAL_REPRESENTATION('',(#13329),#13337);
#13329 = ( BOUNDED_CURVE() B_SPLINE_CURVE(2,(#13330,#13331,#13332,#13333
    ,#13334,#13335,#13336),.UNSPECIFIED.,.T.,.F.) 
B_SPLINE_CURVE_WITH_KNOTS((1,2,2,2,2,1),(-2.094395102393,0.,
    2.094395102393,4.188790204786,6.28318530718,8.377580409573),
.UNSPECIFIED.) CURVE() GEOMETRIC_REPRESENTATION_ITEM() 
RATIONAL_B_SPLINE_CURVE((1.,0.5,1.,0.5,1.,0.5,1.)) REPRESENTATION_ITEM(
  '') );
#13330 = CARTESIAN_POINT('',(-1.193786402244,3.238960762841));
#13331 = CARTESIAN_POINT('',(-1.193786402244,5.750434433816));
#13332 = CARTESIAN_POINT('',(0.981213597756,4.494697598328));
#13333 = CARTESIAN_POINT('',(3.156213597756,3.238960762841));
#13334 = CARTESIAN_POINT('',(0.981213597756,1.983223927353));
#13335 = CARTESIAN_POINT('',(-1.193786402244,0.727487091866));
#13336 = CARTESIAN_POINT('',(-1.193786402244,3.238960762841));
#13337 = ( GEOMETRIC_REPRESENTATION_CONTEXT(2) 
PARAMETRIC_REPRESENTATION_CONTEXT() REPRESENTATION_CONTEXT('2D SPACE',''
  ) );
#13338 = ADVANCED_FACE('',(#13339),#13148,.F.);
#13339 = FACE_BOUND('',#13340,.T.);
#13340 = EDGE_LOOP('',(#13341,#13362,#13363,#13364));
#13341 = ORIENTED_EDGE('',*,*,#13342,.T.);
#13342 = EDGE_CURVE('',#13110,#13267,#13343,.T.);
#13343 = SURFACE_CURVE('',#13344,(#13348,#13355),.PCURVE_S1.);
#13344 = LINE('',#13345,#13346);
#13345 = CARTESIAN_POINT('',(5.75,0.,0.3));
#13346 = VECTOR('',#13347,1.);
#13347 = DIRECTION('',(2.990902544788E-16,1.,0.));
#13348 = PCURVE('',#13148,#13349);
#13349 = DEFINITIONAL_REPRESENTATION('',(#13350),#13354);
#13350 = LINE('',#13351,#13352);
#13351 = CARTESIAN_POINT('',(-0.,-0.3));
#13352 = VECTOR('',#13353,1.);
#13353 = DIRECTION('',(-1.,0.));
#13354 = ( GEOMETRIC_REPRESENTATION_CONTEXT(2) 
PARAMETRIC_REPRESENTATION_CONTEXT() REPRESENTATION_CONTEXT('2D SPACE',''
  ) );
#13355 = PCURVE('',#10879,#13356);
#13356 = DEFINITIONAL_REPRESENTATION('',(#13357),#13361);
#13357 = LINE('',#13358,#13359);
#13358 = CARTESIAN_POINT('',(0.256213597756,4.688960762841));
#13359 = VECTOR('',#13360,1.);
#13360 = DIRECTION('',(1.,-2.990902544788E-16));
#13361 = ( GEOMETRIC_REPRESENTATION_CONTEXT(2) 
PARAMETRIC_REPRESENTATION_CONTEXT() REPRESENTATION_CONTEXT('2D SPACE',''
  ) );
#13362 = ORIENTED_EDGE('',*,*,#13266,.F.);
#13363 = ORIENTED_EDGE('',*,*,#13242,.F.);
#13364 = ORIENTED_EDGE('',*,*,#13132,.T.);
#13365 = ADVANCED_FACE('',(#13366),#13097,.F.);
#13366 = FACE_BOUND('',#13367,.T.);
#13367 = EDGE_LOOP('',(#13368,#13391,#13392,#13415));
#13368 = ORIENTED_EDGE('',*,*,#13369,.T.);
#13369 = EDGE_CURVE('',#13370,#13082,#13372,.T.);
#13370 = VERTEX_POINT('',#13371);
#13371 = CARTESIAN_POINT('',(1.45,0.,0.3));
#13372 = SURFACE_CURVE('',#13373,(#13377,#13384),.PCURVE_S1.);
#13373 = LINE('',#13374,#13375);
#13374 = CARTESIAN_POINT('',(1.45,0.,0.3));
#13375 = VECTOR('',#13376,1.);
#13376 = DIRECTION('',(2.990902544788E-16,-1.,0.));
#13377 = PCURVE('',#13097,#13378);
#13378 = DEFINITIONAL_REPRESENTATION('',(#13379),#13383);
#13379 = LINE('',#13380,#13381);
#13380 = CARTESIAN_POINT('',(0.,-0.3));
#13381 = VECTOR('',#13382,1.);
#13382 = DIRECTION('',(-1.,0.));
#13383 = ( GEOMETRIC_REPRESENTATION_CONTEXT(2) 
PARAMETRIC_REPRESENTATION_CONTEXT() REPRESENTATION_CONTEXT('2D SPACE',''
  ) );
#13384 = PCURVE('',#10879,#13385);
#13385 = DEFINITIONAL_REPRESENTATION('',(#13386),#13390);
#13386 = LINE('',#13387,#13388);
#13387 = CARTESIAN_POINT('',(0.256213597756,8.988960762841));
#13388 = VECTOR('',#13389,1.);
#13389 = DIRECTION('',(-1.,-2.990902544788E-16));
#13390 = ( GEOMETRIC_REPRESENTATION_CONTEXT(2) 
PARAMETRIC_REPRESENTATION_CONTEXT() REPRESENTATION_CONTEXT('2D SPACE',''
  ) );
#13391 = ORIENTED_EDGE('',*,*,#13081,.F.);
#13392 = ORIENTED_EDGE('',*,*,#13393,.F.);
#13393 = EDGE_CURVE('',#13394,#13054,#13396,.T.);
#13394 = VERTEX_POINT('',#13395);
#13395 = CARTESIAN_POINT('',(1.45,0.,0.6));
#13396 = SURFACE_CURVE('',#13397,(#13401,#13408),.PCURVE_S1.);
#13397 = LINE('',#13398,#13399);
#13398 = CARTESIAN_POINT('',(1.45,0.,0.6));
#13399 = VECTOR('',#13400,1.);
#13400 = DIRECTION('',(2.990902544788E-16,-1.,0.));
#13401 = PCURVE('',#13097,#13402);
#13402 = DEFINITIONAL_REPRESENTATION('',(#13403),#13407);
#13403 = LINE('',#13404,#13405);
#13404 = CARTESIAN_POINT('',(0.,0.));
#13405 = VECTOR('',#13406,1.);
#13406 = DIRECTION('',(-1.,0.));
#13407 = ( GEOMETRIC_REPRESENTATION_CONTEXT(2) 
PARAMETRIC_REPRESENTATION_CONTEXT() REPRESENTATION_CONTEXT('2D SPACE',''
  ) );
#13408 = PCURVE('',#13069,#13409);
#13409 = DEFINITIONAL_REPRESENTATION('',(#13410),#13414);
#13410 = LINE('',#13411,#13412);
#13411 = CARTESIAN_POINT('',(0.,-1.45));
#13412 = VECTOR('',#13413,1.);
#13413 = DIRECTION('',(-1.,-2.990902544788E-16));
#13414 = ( GEOMETRIC_REPRESENTATION_CONTEXT(2) 
PARAMETRIC_REPRESENTATION_CONTEXT() REPRESENTATION_CONTEXT('2D SPACE',''
  ) );
#13415 = ORIENTED_EDGE('',*,*,#13416,.T.);
#13416 = EDGE_CURVE('',#13394,#13370,#13417,.T.);
#13417 = SURFACE_CURVE('',#13418,(#13422,#13429),.PCURVE_S1.);
#13418 = LINE('',#13419,#13420);
#13419 = CARTESIAN_POINT('',(1.45,0.,0.6));
#13420 = VECTOR('',#13421,1.);
#13421 = DIRECTION('',(0.,-0.,-1.));
#13422 = PCURVE('',#13097,#13423);
#13423 = DEFINITIONAL_REPRESENTATION('',(#13424),#13428);
#13424 = LINE('',#13425,#13426);
#13425 = CARTESIAN_POINT('',(0.,0.));
#13426 = VECTOR('',#13427,1.);
#13427 = DIRECTION('',(-0.,-1.));
#13428 = ( GEOMETRIC_REPRESENTATION_CONTEXT(2) 
PARAMETRIC_REPRESENTATION_CONTEXT() REPRESENTATION_CONTEXT('2D SPACE',''
  ) );
#13429 = PCURVE('',#13430,#13435);
#13430 = CYLINDRICAL_SURFACE('',#13431,1.45);
#13431 = AXIS2_PLACEMENT_3D('',#13432,#13433,#13434);
#13432 = CARTESIAN_POINT('',(0.,0.,0.6));
#13433 = DIRECTION('',(0.,-0.,-1.));
#13434 = DIRECTION('',(0.,-1.,0.));
#13435 = DEFINITIONAL_REPRESENTATION('',(#13436),#13440);
#13436 = LINE('',#13437,#13438);
#13437 = CARTESIAN_POINT('',(4.712388980385,0.));
#13438 = VECTOR('',#13439,1.);
#13439 = DIRECTION('',(0.,1.));
#13440 = ( GEOMETRIC_REPRESENTATION_CONTEXT(2) 
PARAMETRIC_REPRESENTATION_CONTEXT() REPRESENTATION_CONTEXT('2D SPACE',''
  ) );
#13441 = ADVANCED_FACE('',(#13442),#13430,.F.);
#13442 = FACE_BOUND('',#13443,.F.);
#13443 = EDGE_LOOP('',(#13444,#13469,#13495,#13496));
#13444 = ORIENTED_EDGE('',*,*,#13445,.F.);
#13445 = EDGE_CURVE('',#13446,#13448,#13450,.T.);
#13446 = VERTEX_POINT('',#13447);
#13447 = CARTESIAN_POINT('',(-1.45,0.,0.6));
#13448 = VERTEX_POINT('',#13449);
#13449 = CARTESIAN_POINT('',(-1.45,0.,0.3));
#13450 = SURFACE_CURVE('',#13451,(#13455,#13462),.PCURVE_S1.);
#13451 = LINE('',#13452,#13453);
#13452 = CARTESIAN_POINT('',(-1.45,0.,0.6));
#13453 = VECTOR('',#13454,1.);
#13454 = DIRECTION('',(0.,-0.,-1.));
#13455 = PCURVE('',#13430,#13456);
#13456 = DEFINITIONAL_REPRESENTATION('',(#13457),#13461);
#13457 = LINE('',#13458,#13459);
#13458 = CARTESIAN_POINT('',(1.570796326795,0.));
#13459 = VECTOR('',#13460,1.);
#13460 = DIRECTION('',(0.,1.));
#13461 = ( GEOMETRIC_REPRESENTATION_CONTEXT(2) 
PARAMETRIC_REPRESENTATION_CONTEXT() REPRESENTATION_CONTEXT('2D SPACE',''
  ) );
#13462 = PCURVE('',#13041,#13463);
#13463 = DEFINITIONAL_REPRESENTATION('',(#13464),#13468);
#13464 = LINE('',#13465,#13466);
#13465 = CARTESIAN_POINT('',(0.,0.));
#13466 = VECTOR('',#13467,1.);
#13467 = DIRECTION('',(0.,-1.));
#13468 = ( GEOMETRIC_REPRESENTATION_CONTEXT(2) 
PARAMETRIC_REPRESENTATION_CONTEXT() REPRESENTATION_CONTEXT('2D SPACE',''
  ) );
#13469 = ORIENTED_EDGE('',*,*,#13470,.T.);
#13470 = EDGE_CURVE('',#13446,#13394,#13471,.T.);
#13471 = SURFACE_CURVE('',#13472,(#13477,#13484),.PCURVE_S1.);
#13472 = CIRCLE('',#13473,1.45);
#13473 = AXIS2_PLACEMENT_3D('',#13474,#13475,#13476);
#13474 = CARTESIAN_POINT('',(0.,0.,0.6));
#13475 = DIRECTION('',(0.,0.,-1.));
#13476 = DIRECTION('',(0.,1.,0.));
#13477 = PCURVE('',#13430,#13478);
#13478 = DEFINITIONAL_REPRESENTATION('',(#13479),#13483);
#13479 = LINE('',#13480,#13481);
#13480 = CARTESIAN_POINT('',(-3.14159265359,0.));
#13481 = VECTOR('',#13482,1.);
#13482 = DIRECTION('',(1.,0.));
#13483 = ( GEOMETRIC_REPRESENTATION_CONTEXT(2) 
PARAMETRIC_REPRESENTATION_CONTEXT() REPRESENTATION_CONTEXT('2D SPACE',''
  ) );
#13484 = PCURVE('',#13069,#13485);
#13485 = DEFINITIONAL_REPRESENTATION('',(#13486),#13494);
#13486 = ( BOUNDED_CURVE() B_SPLINE_CURVE(2,(#13487,#13488,#13489,#13490
    ,#13491,#13492,#13493),.UNSPECIFIED.,.T.,.F.) 
B_SPLINE_CURVE_WITH_KNOTS((1,2,2,2,2,1),(-2.094395102393,0.,
    2.094395102393,4.188790204786,6.28318530718,8.377580409573),
.UNSPECIFIED.) CURVE() GEOMETRIC_REPRESENTATION_ITEM() 
RATIONAL_B_SPLINE_CURVE((1.,0.5,1.,0.5,1.,0.5,1.)) REPRESENTATION_ITEM(
  '') );
#13487 = CARTESIAN_POINT('',(1.45,0.));
#13488 = CARTESIAN_POINT('',(1.45,-2.511473670975));
#13489 = CARTESIAN_POINT('',(-0.725,-1.255736835487));
#13490 = CARTESIAN_POINT('',(-2.9,-3.551475717527E-16));
#13491 = CARTESIAN_POINT('',(-0.725,1.255736835487));
#13492 = CARTESIAN_POINT('',(1.45,2.511473670975));
#13493 = CARTESIAN_POINT('',(1.45,0.));
#13494 = ( GEOMETRIC_REPRESENTATION_CONTEXT(2) 
PARAMETRIC_REPRESENTATION_CONTEXT() REPRESENTATION_CONTEXT('2D SPACE',''
  ) );
#13495 = ORIENTED_EDGE('',*,*,#13416,.T.);
#13496 = ORIENTED_EDGE('',*,*,#13497,.F.);
#13497 = EDGE_CURVE('',#13448,#13370,#13498,.T.);
#13498 = SURFACE_CURVE('',#13499,(#13504,#13511),.PCURVE_S1.);
#13499 = CIRCLE('',#13500,1.45);
#13500 = AXIS2_PLACEMENT_3D('',#13501,#13502,#13503);
#13501 = CARTESIAN_POINT('',(0.,0.,0.3));
#13502 = DIRECTION('',(0.,0.,-1.));
#13503 = DIRECTION('',(0.,1.,0.));
#13504 = PCURVE('',#13430,#13505);
#13505 = DEFINITIONAL_REPRESENTATION('',(#13506),#13510);
#13506 = LINE('',#13507,#13508);
#13507 = CARTESIAN_POINT('',(-3.14159265359,0.3));
#13508 = VECTOR('',#13509,1.);
#13509 = DIRECTION('',(1.,0.));
#13510 = ( GEOMETRIC_REPRESENTATION_CONTEXT(2) 
PARAMETRIC_REPRESENTATION_CONTEXT() REPRESENTATION_CONTEXT('2D SPACE',''
  ) );
#13511 = PCURVE('',#10879,#13512);
#13512 = DEFINITIONAL_REPRESENTATION('',(#13513),#13521);
#13513 = ( BOUNDED_CURVE() B_SPLINE_CURVE(2,(#13514,#13515,#13516,#13517
    ,#13518,#13519,#13520),.UNSPECIFIED.,.T.,.F.) 
B_SPLINE_CURVE_WITH_KNOTS((1,2,2,2,2,1),(-2.094395102393,0.,
    2.094395102393,4.188790204786,6.28318530718,8.377580409573),
.UNSPECIFIED.) CURVE() GEOMETRIC_REPRESENTATION_ITEM() 
RATIONAL_B_SPLINE_CURVE((1.,0.5,1.,0.5,1.,0.5,1.)) REPRESENTATION_ITEM(
  '') );
#13514 = CARTESIAN_POINT('',(1.706213597756,10.438960762841));
#13515 = CARTESIAN_POINT('',(1.706213597756,7.927487091866));
#13516 = CARTESIAN_POINT('',(-0.468786402244,9.183223927353));
#13517 = CARTESIAN_POINT('',(-2.643786402244,10.438960762841));
#13518 = CARTESIAN_POINT('',(-0.468786402244,11.694697598328));
#13519 = CARTESIAN_POINT('',(1.706213597756,12.950434433816));
#13520 = CARTESIAN_POINT('',(1.706213597756,10.438960762841));
#13521 = ( GEOMETRIC_REPRESENTATION_CONTEXT(2) 
PARAMETRIC_REPRESENTATION_CONTEXT() REPRESENTATION_CONTEXT('2D SPACE',''
  ) );
#13522 = ADVANCED_FACE('',(#13523),#13069,.F.);
#13523 = FACE_BOUND('',#13524,.T.);
#13524 = EDGE_LOOP('',(#13525,#13526,#13527,#13528));
#13525 = ORIENTED_EDGE('',*,*,#13470,.T.);
#13526 = ORIENTED_EDGE('',*,*,#13393,.T.);
#13527 = ORIENTED_EDGE('',*,*,#13053,.T.);
#13528 = ORIENTED_EDGE('',*,*,#13529,.T.);
#13529 = EDGE_CURVE('',#13026,#13446,#13530,.T.);
#13530 = SURFACE_CURVE('',#13531,(#13535,#13542),.PCURVE_S1.);
#13531 = LINE('',#13532,#13533);
#13532 = CARTESIAN_POINT('',(-1.45,0.,0.6));
#13533 = VECTOR('',#13534,1.);
#13534 = DIRECTION('',(0.,1.,0.));
#13535 = PCURVE('',#13069,#13536);
#13536 = DEFINITIONAL_REPRESENTATION('',(#13537),#13541);
#13537 = LINE('',#13538,#13539);
#13538 = CARTESIAN_POINT('',(0.,1.45));
#13539 = VECTOR('',#13540,1.);
#13540 = DIRECTION('',(1.,0.));
#13541 = ( GEOMETRIC_REPRESENTATION_CONTEXT(2) 
PARAMETRIC_REPRESENTATION_CONTEXT() REPRESENTATION_CONTEXT('2D SPACE',''
  ) );
#13542 = PCURVE('',#13041,#13543);
#13543 = DEFINITIONAL_REPRESENTATION('',(#13544),#13548);
#13544 = LINE('',#13545,#13546);
#13545 = CARTESIAN_POINT('',(0.,0.));
#13546 = VECTOR('',#13547,1.);
#13547 = DIRECTION('',(-1.,0.));
#13548 = ( GEOMETRIC_REPRESENTATION_CONTEXT(2) 
PARAMETRIC_REPRESENTATION_CONTEXT() REPRESENTATION_CONTEXT('2D SPACE',''
  ) );
#13549 = ADVANCED_FACE('',(#13550),#13041,.F.);
#13550 = FACE_BOUND('',#13551,.T.);
#13551 = EDGE_LOOP('',(#13552,#13573,#13574,#13575));
#13552 = ORIENTED_EDGE('',*,*,#13553,.T.);
#13553 = EDGE_CURVE('',#13003,#13448,#13554,.T.);
#13554 = SURFACE_CURVE('',#13555,(#13559,#13566),.PCURVE_S1.);
#13555 = LINE('',#13556,#13557);
#13556 = CARTESIAN_POINT('',(-1.45,0.,0.3));
#13557 = VECTOR('',#13558,1.);
#13558 = DIRECTION('',(0.,1.,0.));
#13559 = PCURVE('',#13041,#13560);
#13560 = DEFINITIONAL_REPRESENTATION('',(#13561),#13565);
#13561 = LINE('',#13562,#13563);
#13562 = CARTESIAN_POINT('',(0.,-0.3));
#13563 = VECTOR('',#13564,1.);
#13564 = DIRECTION('',(-1.,0.));
#13565 = ( GEOMETRIC_REPRESENTATION_CONTEXT(2) 
PARAMETRIC_REPRESENTATION_CONTEXT() REPRESENTATION_CONTEXT('2D SPACE',''
  ) );
#13566 = PCURVE('',#10879,#13567);
#13567 = DEFINITIONAL_REPRESENTATION('',(#13568),#13572);
#13568 = LINE('',#13569,#13570);
#13569 = CARTESIAN_POINT('',(0.256213597756,11.888960762841));
#13570 = VECTOR('',#13571,1.);
#13571 = DIRECTION('',(1.,0.));
#13572 = ( GEOMETRIC_REPRESENTATION_CONTEXT(2) 
PARAMETRIC_REPRESENTATION_CONTEXT() REPRESENTATION_CONTEXT('2D SPACE',''
  ) );
#13573 = ORIENTED_EDGE('',*,*,#13445,.F.);
#13574 = ORIENTED_EDGE('',*,*,#13529,.F.);
#13575 = ORIENTED_EDGE('',*,*,#13025,.T.);
#13576 = ADVANCED_FACE('',(#13577),#12966,.F.);
#13577 = FACE_BOUND('',#13578,.T.);
#13578 = EDGE_LOOP('',(#13579,#13600,#13601,#13602));
#13579 = ORIENTED_EDGE('',*,*,#13580,.T.);
#13580 = EDGE_CURVE('',#13291,#12951,#13581,.T.);
#13581 = SURFACE_CURVE('',#13582,(#13586,#13593),.PCURVE_S1.);
#13582 = LINE('',#13583,#13584);
#13583 = CARTESIAN_POINT('',(8.65,0.,0.3));
#13584 = VECTOR('',#13585,1.);
#13585 = DIRECTION('',(0.,-1.,0.));
#13586 = PCURVE('',#12966,#13587);
#13587 = DEFINITIONAL_REPRESENTATION('',(#13588),#13592);
#13588 = LINE('',#13589,#13590);
#13589 = CARTESIAN_POINT('',(0.,-0.3));
#13590 = VECTOR('',#13591,1.);
#13591 = DIRECTION('',(-1.,0.));
#13592 = ( GEOMETRIC_REPRESENTATION_CONTEXT(2) 
PARAMETRIC_REPRESENTATION_CONTEXT() REPRESENTATION_CONTEXT('2D SPACE',''
  ) );
#13593 = PCURVE('',#10879,#13594);
#13594 = DEFINITIONAL_REPRESENTATION('',(#13595),#13599);
#13595 = LINE('',#13596,#13597);
#13596 = CARTESIAN_POINT('',(0.256213597756,1.788960762841));
#13597 = VECTOR('',#13598,1.);
#13598 = DIRECTION('',(-1.,0.));
#13599 = ( GEOMETRIC_REPRESENTATION_CONTEXT(2) 
PARAMETRIC_REPRESENTATION_CONTEXT() REPRESENTATION_CONTEXT('2D SPACE',''
  ) );
#13600 = ORIENTED_EDGE('',*,*,#12948,.F.);
#13601 = ORIENTED_EDGE('',*,*,#13220,.F.);
#13602 = ORIENTED_EDGE('',*,*,#13290,.T.);
#13603 = ADVANCED_FACE('',(#13604),#12599,.T.);
#13604 = FACE_BOUND('',#13605,.T.);
#13605 = EDGE_LOOP('',(#13606,#13628,#13629,#13630,#13631,#13632));
#13606 = ORIENTED_EDGE('',*,*,#13607,.F.);
#13607 = EDGE_CURVE('',#12880,#13608,#13610,.T.);
#13608 = VERTEX_POINT('',#13609);
#13609 = CARTESIAN_POINT('',(-1.35,-1.85,7.2));
#13610 = SURFACE_CURVE('',#13611,(#13615,#13622),.PCURVE_S1.);
#13611 = LINE('',#13612,#13613);
#13612 = CARTESIAN_POINT('',(-1.35,-1.85,-1.7763568394E-15));
#13613 = VECTOR('',#13614,1.);
#13614 = DIRECTION('',(0.,0.,1.));
#13615 = PCURVE('',#12599,#13616);
#13616 = DEFINITIONAL_REPRESENTATION('',(#13617),#13621);
#13617 = LINE('',#13618,#13619);
#13618 = CARTESIAN_POINT('',(0.,0.));
#13619 = VECTOR('',#13620,1.);
#13620 = DIRECTION('',(0.,-1.));
#13621 = ( GEOMETRIC_REPRESENTATION_CONTEXT(2) 
PARAMETRIC_REPRESENTATION_CONTEXT() REPRESENTATION_CONTEXT('2D SPACE',''
  ) );
#13622 = PCURVE('',#11317,#13623);
#13623 = DEFINITIONAL_REPRESENTATION('',(#13624),#13627);
#13624 = B_SPLINE_CURVE_WITH_KNOTS('',1,(#13625,#13626),.UNSPECIFIED.,
  .F.,.F.,(2,2),(0.3,7.2),.PIECEWISE_BEZIER_KNOTS.);
#13625 = CARTESIAN_POINT('',(1.,0.));
#13626 = CARTESIAN_POINT('',(1.,0.999849901756));
#13627 = ( GEOMETRIC_REPRESENTATION_CONTEXT(2) 
PARAMETRIC_REPRESENTATION_CONTEXT() REPRESENTATION_CONTEXT('2D SPACE',''
  ) );
#13628 = ORIENTED_EDGE('',*,*,#12879,.F.);
#13629 = ORIENTED_EDGE('',*,*,#12855,.F.);
#13630 = ORIENTED_EDGE('',*,*,#12737,.T.);
#13631 = ORIENTED_EDGE('',*,*,#12584,.T.);
#13632 = ORIENTED_EDGE('',*,*,#13633,.T.);
#13633 = EDGE_CURVE('',#12467,#13608,#13634,.T.);
#13634 = SURFACE_CURVE('',#13635,(#13639,#13646),.PCURVE_S1.);
#13635 = LINE('',#13636,#13637);
#13636 = CARTESIAN_POINT('',(8.55,-1.85,7.2));
#13637 = VECTOR('',#13638,1.);
#13638 = DIRECTION('',(-1.,-3.50449187066E-16,0.));
#13639 = PCURVE('',#12599,#13640);
#13640 = DEFINITIONAL_REPRESENTATION('',(#13641),#13645);
#13641 = LINE('',#13642,#13643);
#13642 = CARTESIAN_POINT('',(-9.9,-7.2));
#13643 = VECTOR('',#13644,1.);
#13644 = DIRECTION('',(1.,0.));
#13645 = ( GEOMETRIC_REPRESENTATION_CONTEXT(2) 
PARAMETRIC_REPRESENTATION_CONTEXT() REPRESENTATION_CONTEXT('2D SPACE',''
  ) );
#13646 = PCURVE('',#13647,#13652);
#13647 = CYLINDRICAL_SURFACE('',#13648,1.);
#13648 = AXIS2_PLACEMENT_3D('',#13649,#13650,#13651);
#13649 = CARTESIAN_POINT('',(8.55,-0.85,7.2));
#13650 = DIRECTION('',(-1.,-3.50449187066E-16,0.));
#13651 = DIRECTION('',(-3.50449187066E-16,1.,0.));
#13652 = DEFINITIONAL_REPRESENTATION('',(#13653),#13657);
#13653 = LINE('',#13654,#13655);
#13654 = CARTESIAN_POINT('',(3.14159265359,-8.881784197001E-16));
#13655 = VECTOR('',#13656,1.);
#13656 = DIRECTION('',(0.,1.));
#13657 = ( GEOMETRIC_REPRESENTATION_CONTEXT(2) 
PARAMETRIC_REPRESENTATION_CONTEXT() REPRESENTATION_CONTEXT('2D SPACE',''
  ) );
#13658 = ADVANCED_FACE('',(#13659),#13647,.T.);
#13659 = FACE_BOUND('',#13660,.T.);
#13660 = EDGE_LOOP('',(#13661,#13662,#13732,#13755));
#13661 = ORIENTED_EDGE('',*,*,#13633,.F.);
#13662 = ORIENTED_EDGE('',*,*,#13663,.T.);
#13663 = EDGE_CURVE('',#12467,#13664,#13666,.T.);
#13664 = VERTEX_POINT('',#13665);
#13665 = CARTESIAN_POINT('',(8.55,-0.85,8.2));
#13666 = SURFACE_CURVE('',#13667,(#13674,#13703),.PCURVE_S1.);
#13667 = B_SPLINE_CURVE_WITH_KNOTS('',3,(#13668,#13669,#13670,#13671,
    #13672,#13673),.UNSPECIFIED.,.F.,.F.,(4,2,4),(0.,0.5,1.),
  .UNSPECIFIED.);
#13668 = CARTESIAN_POINT('',(8.55,-1.85,7.2));
#13669 = CARTESIAN_POINT('',(8.55,-1.85,7.461799387799));
#13670 = CARTESIAN_POINT('',(8.55,-1.74222690361,7.721986658763));
#13671 = CARTESIAN_POINT('',(8.55,-1.371986658763,8.09222690361));
#13672 = CARTESIAN_POINT('',(8.55,-1.111799387799,8.2));
#13673 = CARTESIAN_POINT('',(8.55,-0.85,8.2));
#13674 = PCURVE('',#13647,#13675);
#13675 = DEFINITIONAL_REPRESENTATION('',(#13676),#13702);
#13676 = B_SPLINE_CURVE_WITH_KNOTS('',3,(#13677,#13678,#13679,#13680,
    #13681,#13682,#13683,#13684,#13685,#13686,#13687,#13688,#13689,
    #13690,#13691,#13692,#13693,#13694,#13695,#13696,#13697,#13698,
    #13699,#13700,#13701),.UNSPECIFIED.,.F.,.F.,(4,1,1,1,1,1,1,1,1,1,1,1
    ,1,1,1,1,1,1,1,1,1,1,4),(0.,4.545454545455E-02,9.090909090909E-02,
    0.136363636364,0.181818181818,0.227272727273,0.272727272727,
    0.318181818182,0.363636363636,0.409090909091,0.454545454545,0.5,
    0.545454545455,0.590909090909,0.636363636364,0.681818181818,
    0.727272727273,0.772727272727,0.818181818182,0.863636363636,
    0.909090909091,0.954545454545,1.),.QUASI_UNIFORM_KNOTS.);
#13677 = CARTESIAN_POINT('',(3.14159265359,2.6645352591E-15));
#13678 = CARTESIAN_POINT('',(3.165390087023,2.6645352591E-15));
#13679 = CARTESIAN_POINT('',(3.212967996401,2.664534598644E-15));
#13680 = CARTESIAN_POINT('',(3.284318631837,2.664537570696E-15));
#13681 = CARTESIAN_POINT('',(3.355698101944,2.664526673172E-15));
#13682 = CARTESIAN_POINT('',(3.427115001897,2.664567291217E-15));
#13683 = CARTESIAN_POINT('',(3.49856238049,2.664415716561E-15));
#13684 = CARTESIAN_POINT('',(3.570021081514,2.664981397142E-15));
#13685 = CARTESIAN_POINT('',(3.641468511546,2.662870249473E-15));
#13686 = CARTESIAN_POINT('',(3.712885205746,2.670749159566E-15));
#13687 = CARTESIAN_POINT('',(3.784265447427,2.641344666864E-15));
#13688 = CARTESIAN_POINT('',(3.855613202319,2.751083727582E-15));
#13689 = CARTESIAN_POINT('',(3.926990816988,2.341531977411E-15));
#13690 = CARTESIAN_POINT('',(3.998368431656,3.869999917376E-15));
#13691 = CARTESIAN_POINT('',(4.069716186548,3.494750425889E-15));
#13692 = CARTESIAN_POINT('',(4.141096428229,3.46728045187E-15));
#13693 = CARTESIAN_POINT('',(4.212513122429,3.952409839435E-15));
#13694 = CARTESIAN_POINT('',(4.283960552461,2.039362263195E-15));
#13695 = CARTESIAN_POINT('',(4.355419253485,3.877352662388E-15));
#13696 = CARTESIAN_POINT('',(4.426866632078,3.767509160058E-15));
#13697 = CARTESIAN_POINT('',(4.498283532031,2.368892770184E-15));
#13698 = CARTESIAN_POINT('',(4.569663002138,2.744131313809E-15));
#13699 = CARTESIAN_POINT('',(4.641013637574,2.641793529184E-15));
#13700 = CARTESIAN_POINT('',(4.688591546952,2.6645352591E-15));
#13701 = CARTESIAN_POINT('',(4.712388980385,2.6645352591E-15));
#13702 = ( GEOMETRIC_REPRESENTATION_CONTEXT(2) 
PARAMETRIC_REPRESENTATION_CONTEXT() REPRESENTATION_CONTEXT('2D SPACE',''
  ) );
#13703 = PCURVE('',#11715,#13704);
#13704 = DEFINITIONAL_REPRESENTATION('',(#13705),#13731);
#13705 = B_SPLINE_CURVE_WITH_KNOTS('',3,(#13706,#13707,#13708,#13709,
    #13710,#13711,#13712,#13713,#13714,#13715,#13716,#13717,#13718,
    #13719,#13720,#13721,#13722,#13723,#13724,#13725,#13726,#13727,
    #13728,#13729,#13730),.UNSPECIFIED.,.F.,.F.,(4,1,1,1,1,1,1,1,1,1,1,1
    ,1,1,1,1,1,1,1,1,1,1,4),(0.,4.545454545455E-02,9.090909090909E-02,
    0.136363636364,0.181818181818,0.227272727273,0.272727272727,
    0.318181818182,0.363636363636,0.409090909091,0.454545454545,0.5,
    0.545454545455,0.590909090909,0.636363636364,0.681818181818,
    0.727272727273,0.772727272727,0.818181818182,0.863636363636,
    0.909090909091,0.954545454545,1.),.QUASI_UNIFORM_KNOTS.);
#13706 = CARTESIAN_POINT('',(0.,0.732746488562));
#13707 = CARTESIAN_POINT('',(1.469081239104E-02,0.732746373878));
#13708 = CARTESIAN_POINT('',(4.408557339412E-02,0.732746202441));
#13709 = CARTESIAN_POINT('',(8.842254826685E-02,0.732746135608));
#13710 = CARTESIAN_POINT('',(0.133318253357,0.732746658359));
#13711 = CARTESIAN_POINT('',(0.178706933009,0.732746830417));
#13712 = CARTESIAN_POINT('',(0.224276905274,0.73274612656));
#13713 = CARTESIAN_POINT('',(0.269977126541,0.732746258681));
#13714 = CARTESIAN_POINT('',(0.315815803385,0.732746221585));
#13715 = CARTESIAN_POINT('',(0.361756901904,0.732746229588));
#13716 = CARTESIAN_POINT('',(0.407779019494,0.732746225259));
#13717 = CARTESIAN_POINT('',(0.453858316031,0.732746223975));
#13718 = CARTESIAN_POINT('',(0.50000012018,0.732746221627));
#13719 = CARTESIAN_POINT('',(0.546141925592,0.73274621923));
#13720 = CARTESIAN_POINT('',(0.592221225806,0.732746216821));
#13721 = CARTESIAN_POINT('',(0.638243349478,0.732746213286));
#13722 = CARTESIAN_POINT('',(0.684184456323,0.732746213098));
#13723 = CARTESIAN_POINT('',(0.730023144036,0.732746199542));
#13724 = CARTESIAN_POINT('',(0.775723377262,0.732746235073));
#13725 = CARTESIAN_POINT('',(0.821292803281,0.732746727044));
#13726 = CARTESIAN_POINT('',(0.866681574558,0.732746623092));
#13727 = CARTESIAN_POINT('',(0.911577922696,0.732746103968));
#13728 = CARTESIAN_POINT('',(0.955914951006,0.732746140702));
#13729 = CARTESIAN_POINT('',(0.985309439793,0.732746336852));
#13730 = CARTESIAN_POINT('',(1.,0.732746488562));
#13731 = ( GEOMETRIC_REPRESENTATION_CONTEXT(2) 
PARAMETRIC_REPRESENTATION_CONTEXT() REPRESENTATION_CONTEXT('2D SPACE',''
  ) );
#13732 = ORIENTED_EDGE('',*,*,#13733,.T.);
#13733 = EDGE_CURVE('',#13664,#13734,#13736,.T.);
#13734 = VERTEX_POINT('',#13735);
#13735 = CARTESIAN_POINT('',(-1.35,-0.85,8.2));
#13736 = SURFACE_CURVE('',#13737,(#13741,#13748),.PCURVE_S1.);
#13737 = LINE('',#13738,#13739);
#13738 = CARTESIAN_POINT('',(8.55,-0.85,8.2));
#13739 = VECTOR('',#13740,1.);
#13740 = DIRECTION('',(-1.,-3.50449187066E-16,0.));
#13741 = PCURVE('',#13647,#13742);
#13742 = DEFINITIONAL_REPRESENTATION('',(#13743),#13747);
#13743 = LINE('',#13744,#13745);
#13744 = CARTESIAN_POINT('',(4.712388980385,-1.183291357832E-30));
#13745 = VECTOR('',#13746,1.);
#13746 = DIRECTION('',(-3.588599675556E-16,1.));
#13747 = ( GEOMETRIC_REPRESENTATION_CONTEXT(2) 
PARAMETRIC_REPRESENTATION_CONTEXT() REPRESENTATION_CONTEXT('2D SPACE',''
  ) );
#13748 = PCURVE('',#11665,#13749);
#13749 = DEFINITIONAL_REPRESENTATION('',(#13750),#13754);
#13750 = LINE('',#13751,#13752);
#13751 = CARTESIAN_POINT('',(0.593786402244,1.888960762841));
#13752 = VECTOR('',#13753,1.);
#13753 = DIRECTION('',(3.50449187066E-16,1.));
#13754 = ( GEOMETRIC_REPRESENTATION_CONTEXT(2) 
PARAMETRIC_REPRESENTATION_CONTEXT() REPRESENTATION_CONTEXT('2D SPACE',''
  ) );
#13755 = ORIENTED_EDGE('',*,*,#13756,.F.);
#13756 = EDGE_CURVE('',#13608,#13734,#13757,.T.);
#13757 = SURFACE_CURVE('',#13758,(#13768,#13819),.PCURVE_S1.);
#13758 = B_SPLINE_CURVE_WITH_KNOTS('',3,(#13759,#13760,#13761,#13762,
    #13763,#13764,#13765,#13766,#13767),.UNSPECIFIED.,.F.,.F.,(4,1,1,1,1
    ,1,4),(0.,0.125,0.25,0.5,0.75,0.875,1.),.UNSPECIFIED.);
#13759 = CARTESIAN_POINT('',(-1.35,-1.85,7.2));
#13760 = CARTESIAN_POINT('',(-1.35,-1.845879267803,7.267282331735));
#13761 = CARTESIAN_POINT('',(-1.35,-1.837637803407,7.401846995205));
#13762 = CARTESIAN_POINT('',(-1.35,-1.755036335414,7.651087576871));
#13763 = CARTESIAN_POINT('',(-1.35,-1.571737530291,7.921737530291));
#13764 = CARTESIAN_POINT('',(-1.35,-1.301087576871,8.105036335414));
#13765 = CARTESIAN_POINT('',(-1.35,-1.051846995205,8.187637803407));
#13766 = CARTESIAN_POINT('',(-1.35,-0.917282331735,8.195879267802));
#13767 = CARTESIAN_POINT('',(-1.35,-0.85,8.2));
#13768 = PCURVE('',#13647,#13769);
#13769 = DEFINITIONAL_REPRESENTATION('',(#13770),#13818);
#13770 = B_SPLINE_CURVE_WITH_KNOTS('',3,(#13771,#13772,#13773,#13774,
    #13775,#13776,#13777,#13778,#13779,#13780,#13781,#13782,#13783,
    #13784,#13785,#13786,#13787,#13788,#13789,#13790,#13791,#13792,
    #13793,#13794,#13795,#13796,#13797,#13798,#13799,#13800,#13801,
    #13802,#13803,#13804,#13805,#13806,#13807,#13808,#13809,#13810,
    #13811,#13812,#13813,#13814,#13815,#13816,#13817),.UNSPECIFIED.,.F.,
  .F.,(4,1,1,1,1,1,1,1,1,1,1,1,1,1,1,1,1,1,1,1,1,1,1,1,1,1,1,1,1,1,1,1,1
    ,1,1,1,1,1,1,1,1,1,1,1,4),(0.,2.272727272727E-02,4.545454545455E-02,
    6.818181818182E-02,9.090909090909E-02,0.113636363636,0.136363636364,
    0.159090909091,0.181818181818,0.204545454545,0.227272727273,0.25,
    0.272727272727,0.295454545455,0.318181818182,0.340909090909,
    0.363636363636,0.386363636364,0.409090909091,0.431818181818,
    0.454545454545,0.477272727273,0.5,0.522727272727,0.545454545455,
    0.568181818182,0.590909090909,0.613636363636,0.636363636364,
    0.659090909091,0.681818181818,0.704545454545,0.727272727273,0.75,
    0.772727272727,0.795454545455,0.818181818182,0.840909090909,
    0.863636363636,0.886363636364,0.909090909091,0.931818181818,
    0.954545454545,0.977272727273,1.),.QUASI_UNIFORM_KNOTS.);
#13771 = CARTESIAN_POINT('',(3.14159265359,9.9));
#13772 = CARTESIAN_POINT('',(3.153829517638,9.9));
#13773 = CARTESIAN_POINT('',(3.178344223114,9.9));
#13774 = CARTESIAN_POINT('',(3.215121417176,9.9));
#13775 = CARTESIAN_POINT('',(3.251767949206,9.9));
#13776 = CARTESIAN_POINT('',(3.28821102689,9.9));
#13777 = CARTESIAN_POINT('',(3.324419974928,9.9));
#13778 = CARTESIAN_POINT('',(3.360412886381,9.9));
#13779 = CARTESIAN_POINT('',(3.396248242182,9.9));
#13780 = CARTESIAN_POINT('',(3.431974385731,9.9));
#13781 = CARTESIAN_POINT('',(3.46762529254,9.9));
#13782 = CARTESIAN_POINT('',(3.503221636621,9.9));
#13783 = CARTESIAN_POINT('',(3.538770978992,9.9));
#13784 = CARTESIAN_POINT('',(3.57426696205,9.9));
#13785 = CARTESIAN_POINT('',(3.609711616773,9.9));
#13786 = CARTESIAN_POINT('',(3.645107907304,9.9));
#13787 = CARTESIAN_POINT('',(3.680458764803,9.9));
#13788 = CARTESIAN_POINT('',(3.715767502206,9.9));
#13789 = CARTESIAN_POINT('',(3.75103785837,9.9));
#13790 = CARTESIAN_POINT('',(3.78627413931,9.9));
#13791 = CARTESIAN_POINT('',(3.821481331715,9.9));
#13792 = CARTESIAN_POINT('',(3.856665215286,9.9));
#13793 = CARTESIAN_POINT('',(3.891832487915,9.9));
#13794 = CARTESIAN_POINT('',(3.926990816988,9.9));
#13795 = CARTESIAN_POINT('',(3.96214914606,9.9));
#13796 = CARTESIAN_POINT('',(3.997316418689,9.9));
#13797 = CARTESIAN_POINT('',(4.03250030226,9.9));
#13798 = CARTESIAN_POINT('',(4.067707494665,9.9));
#13799 = CARTESIAN_POINT('',(4.102943775605,9.9));
#13800 = CARTESIAN_POINT('',(4.138214131769,9.9));
#13801 = CARTESIAN_POINT('',(4.173522869172,9.9));
#13802 = CARTESIAN_POINT('',(4.208873726671,9.9));
#13803 = CARTESIAN_POINT('',(4.244270017202,9.9));
#13804 = CARTESIAN_POINT('',(4.279714671925,9.9));
#13805 = CARTESIAN_POINT('',(4.315210654983,9.9));
#13806 = CARTESIAN_POINT('',(4.350759997354,9.9));
#13807 = CARTESIAN_POINT('',(4.386356341435,9.9));
#13808 = CARTESIAN_POINT('',(4.422007248244,9.9));
#13809 = CARTESIAN_POINT('',(4.457733391793,9.9));
#13810 = CARTESIAN_POINT('',(4.493568747594,9.9));
#13811 = CARTESIAN_POINT('',(4.529561659047,9.9));
#13812 = CARTESIAN_POINT('',(4.565770607085,9.9));
#13813 = CARTESIAN_POINT('',(4.602213684769,9.9));
#13814 = CARTESIAN_POINT('',(4.638860216799,9.9));
#13815 = CARTESIAN_POINT('',(4.675637410862,9.9));
#13816 = CARTESIAN_POINT('',(4.700152116337,9.9));
#13817 = CARTESIAN_POINT('',(4.712388980385,9.9));
#13818 = ( GEOMETRIC_REPRESENTATION_CONTEXT(2) 
PARAMETRIC_REPRESENTATION_CONTEXT() REPRESENTATION_CONTEXT('2D SPACE',''
  ) );
#13819 = PCURVE('',#11372,#13820);
#13820 = DEFINITIONAL_REPRESENTATION('',(#13821),#13825);
#13821 = LINE('',#13822,#13823);
#13822 = CARTESIAN_POINT('',(-2.732694522124E-16,0.732746488562));
#13823 = VECTOR('',#13824,1.);
#13824 = DIRECTION('',(1.,0.));
#13825 = ( GEOMETRIC_REPRESENTATION_CONTEXT(2) 
PARAMETRIC_REPRESENTATION_CONTEXT() REPRESENTATION_CONTEXT('2D SPACE',''
  ) );
#13826 = ADVANCED_FACE('',(#13827),#11715,.F.);
#13827 = FACE_BOUND('',#13828,.F.);
#13828 = EDGE_LOOP('',(#13829,#13830,#13831,#13832,#13833,#13834,#13835,
    #13836,#14001));
#13829 = ORIENTED_EDGE('',*,*,#12124,.T.);
#13830 = ORIENTED_EDGE('',*,*,#12192,.T.);
#13831 = ORIENTED_EDGE('',*,*,#12260,.T.);
#13832 = ORIENTED_EDGE('',*,*,#12328,.F.);
#13833 = ORIENTED_EDGE('',*,*,#12398,.F.);
#13834 = ORIENTED_EDGE('',*,*,#12466,.F.);
#13835 = ORIENTED_EDGE('',*,*,#13663,.T.);
#13836 = ORIENTED_EDGE('',*,*,#13837,.T.);
#13837 = EDGE_CURVE('',#13664,#11650,#13838,.T.);
#13838 = SURFACE_CURVE('',#13839,(#13871,#13966),.PCURVE_S1.);
#13839 = B_SPLINE_CURVE_WITH_KNOTS('',3,(#13840,#13841,#13842,#13843,
    #13844,#13845,#13846,#13847,#13848,#13849,#13850,#13851,#13852,
    #13853,#13854,#13855,#13856,#13857,#13858,#13859,#13860,#13861,
    #13862,#13863,#13864,#13865,#13866,#13867,#13868,#13869,#13870),
  .UNSPECIFIED.,.F.,.F.,(4,1,1,1,1,1,1,2,2,1,1,1,1,2,2,1,1,1,1,1,2,2,4),
  (0.,0.125,0.1875,0.21875,0.234375,0.2421875,0.24609375,0.248046875,
    0.25,0.375,0.4375,0.46875,0.484375,0.4921875,0.5,0.625,0.6875,
    0.71875,0.734375,0.7421875,0.74609375,0.75,1.),.UNSPECIFIED.);
#13840 = CARTESIAN_POINT('',(8.55,-0.85,8.2));
#13841 = CARTESIAN_POINT('',(8.640792414872,-0.841597938741,8.2));
#13842 = CARTESIAN_POINT('',(8.790116133068,-0.77111803865,8.2));
#13843 = CARTESIAN_POINT('',(8.987313555436,-0.587607074186,8.2));
#13844 = CARTESIAN_POINT('',(9.091658871072,-0.470530488366,8.2));
#13845 = CARTESIAN_POINT('',(9.145268180002,-0.405661919558,8.2));
#13846 = CARTESIAN_POINT('',(9.172431997246,-0.37164506618,8.2));
#13847 = CARTESIAN_POINT('',(9.186103696562,-0.354240997247,8.2));
#13848 = CARTESIAN_POINT('',(9.191982237132,-0.346697330081,8.2));
#13849 = CARTESIAN_POINT('',(9.195905539926,-0.34164937853,8.2));
#13850 = CARTESIAN_POINT('',(9.198789761791,-0.337925455054,8.2));
#13851 = CARTESIAN_POINT('',(9.266746907565,-0.250026719802,8.2));
#13852 = CARTESIAN_POINT('',(9.366526533147,-0.106959882449,8.2));
#13853 = CARTESIAN_POINT('',(9.481907356631,8.313396974506E-02,8.2));
#13854 = CARTESIAN_POINT('',(9.53934058345,0.183976531329,8.2));
#13855 = CARTESIAN_POINT('',(9.567992900629,0.235846720993,8.2));
#13856 = CARTESIAN_POINT('',(9.58025868737,0.25838728275,8.2));
#13857 = CARTESIAN_POINT('',(9.588432816806,0.273483319582,8.2));
#13858 = CARTESIAN_POINT('',(9.593095296906,0.282141889808,8.2));
#13859 = CARTESIAN_POINT('',(9.652715261604,0.393338211449,8.2));
#13860 = CARTESIAN_POINT('',(9.733449054563,0.554824044674,8.2));
#13861 = CARTESIAN_POINT('',(9.821626233992,0.751104067525,8.2));
#13862 = CARTESIAN_POINT('',(9.864211762284,0.851214049972,8.2));
#13863 = CARTESIAN_POINT('',(9.885128761074,0.901761533952,8.2));
#13864 = CARTESIAN_POINT('',(9.89549331913,0.92715839913,8.2));
#13865 = CARTESIAN_POINT('',(9.899915142296,0.938069153462,8.2));
#13866 = CARTESIAN_POINT('',(9.902858551009,0.945348852691,8.2));
#13867 = CARTESIAN_POINT('',(9.903854511517,0.947815083531,8.2));
#13868 = CARTESIAN_POINT('',(10.030002488675,1.261262172279,8.2));
#13869 = CARTESIAN_POINT('',(10.107866021416,1.493716390134,8.2));
#13870 = CARTESIAN_POINT('',(10.139394474445,1.650000001943,8.2));
#13871 = PCURVE('',#11715,#13872);
#13872 = DEFINITIONAL_REPRESENTATION('',(#13873),#13965);
#13873 = B_SPLINE_CURVE_WITH_KNOTS('',3,(#13874,#13875,#13876,#13877,
    #13878,#13879,#13880,#13881,#13882,#13883,#13884,#13885,#13886,
    #13887,#13888,#13889,#13890,#13891,#13892,#13893,#13894,#13895,
    #13896,#13897,#13898,#13899,#13900,#13901,#13902,#13903,#13904,
    #13905,#13906,#13907,#13908,#13909,#13910,#13911,#13912,#13913,
    #13914,#13915,#13916,#13917,#13918,#13919,#13920,#13921,#13922,
    #13923,#13924,#13925,#13926,#13927,#13928,#13929,#13930,#13931,
    #13932,#13933,#13934,#13935,#13936,#13937,#13938,#13939,#13940,
    #13941,#13942,#13943,#13944,#13945,#13946,#13947,#13948,#13949,
    #13950,#13951,#13952,#13953,#13954,#13955,#13956,#13957,#13958,
    #13959,#13960,#13961,#13962,#13963,#13964),.UNSPECIFIED.,.F.,.F.,(4,
    1,1,1,1,1,1,1,1,1,1,1,1,1,1,1,1,1,1,1,1,1,1,1,1,1,1,1,1,1,1,1,1,1,1,
    1,1,1,1,1,1,1,1,1,1,1,1,1,1,1,1,1,1,1,1,1,1,1,1,1,1,1,1,1,1,1,1,1,1,
    1,1,1,1,1,1,1,1,1,1,1,1,1,1,1,1,1,1,1,4),(0.,1.136363636364E-02,
    2.272727272727E-02,3.409090909091E-02,4.545454545455E-02,
    5.681818181818E-02,6.818181818182E-02,7.954545454545E-02,
    9.090909090909E-02,0.102272727273,0.113636363636,0.125,
    0.136363636364,0.147727272727,0.159090909091,0.170454545455,
    0.181818181818,0.193181818182,0.204545454545,0.215909090909,
    0.227272727273,0.238636363636,0.25,0.261363636364,0.272727272727,
    0.284090909091,0.295454545455,0.306818181818,0.318181818182,
    0.329545454545,0.340909090909,0.352272727273,0.363636363636,0.375,
    0.386363636364,0.397727272727,0.409090909091,0.420454545455,
    0.431818181818,0.443181818182,0.454545454545,0.465909090909,
    0.477272727273,0.488636363636,0.5,0.511363636364,0.522727272727,
    0.534090909091,0.545454545455,0.556818181818,0.568181818182,
    0.579545454545,0.590909090909,0.602272727273,0.613636363636,0.625,
    0.636363636364,0.647727272727,0.659090909091,0.670454545455,
    0.681818181818,0.693181818182,0.704545454545,0.715909090909,
    0.727272727273,0.738636363636,0.75,0.761363636364,0.772727272727,
    0.784090909091,0.795454545455,0.806818181818,0.818181818182,
    0.829545454545,0.840909090909,0.852272727273,0.863636363636,0.875,
    0.886363636364,0.897727272727,0.909090909091,0.920454545455,
    0.931818181818,0.943181818182,0.954545454545,0.965909090909,
    0.977272727273,0.988636363636,1.),.QUASI_UNIFORM_KNOTS.);
#13874 = CARTESIAN_POINT('',(1.,0.732746488562));
#13875 = CARTESIAN_POINT('',(1.000002797746,0.733033450787));
#13876 = CARTESIAN_POINT('',(1.000005429023,0.733597459789));
#13877 = CARTESIAN_POINT('',(1.000004215992,0.734524244039));
#13878 = CARTESIAN_POINT('',(1.000004973182,0.735677495634));
#13879 = CARTESIAN_POINT('',(1.000002939621,0.737079782893));
#13880 = CARTESIAN_POINT('',(1.000010023697,0.738575057384));
#13881 = CARTESIAN_POINT('',(0.999983400253,0.740195379123));
#13882 = CARTESIAN_POINT('',(1.000082472371,0.741934823291));
#13883 = CARTESIAN_POINT('',(0.999656066906,0.743823478813));
#13884 = CARTESIAN_POINT('',(0.999365666129,0.74584245911));
#13885 = CARTESIAN_POINT('',(0.999017410463,0.747998316507));
#13886 = CARTESIAN_POINT('',(0.99874987116,0.750280728784));
#13887 = CARTESIAN_POINT('',(0.998630018964,0.752682657247));
#13888 = CARTESIAN_POINT('',(0.998600708722,0.755210208348));
#13889 = CARTESIAN_POINT('',(0.998641853285,0.75786551535));
#13890 = CARTESIAN_POINT('',(0.998746445312,0.760649417787));
#13891 = CARTESIAN_POINT('',(0.998895791036,0.763564276905));
#13892 = CARTESIAN_POINT('',(0.999089621226,0.766608862841));
#13893 = CARTESIAN_POINT('',(0.999337247923,0.769788129708));
#13894 = CARTESIAN_POINT('',(0.999591379589,0.773085941267));
#13895 = CARTESIAN_POINT('',(0.999811664896,0.776582306296));
#13896 = CARTESIAN_POINT('',(0.99996810522,0.779993870558));
#13897 = CARTESIAN_POINT('',(1.000009634646,0.784390613198));
#13898 = CARTESIAN_POINT('',(0.999993356195,0.785788063455));
#13899 = CARTESIAN_POINT('',(0.99998782953,0.788024305654));
#13900 = CARTESIAN_POINT('',(0.999975022874,0.790070886038));
#13901 = CARTESIAN_POINT('',(0.999960758875,0.792203287525));
#13902 = CARTESIAN_POINT('',(0.999945131427,0.794347558896));
#13903 = CARTESIAN_POINT('',(0.999930528814,0.79652333146));
#13904 = CARTESIAN_POINT('',(0.999919254558,0.798725133651));
#13905 = CARTESIAN_POINT('',(0.999915145563,0.800954128638));
#13906 = CARTESIAN_POINT('',(0.999918149854,0.803209966338));
#13907 = CARTESIAN_POINT('',(0.999925893309,0.805492937062));
#13908 = CARTESIAN_POINT('',(0.999936791304,0.807803137128));
#13909 = CARTESIAN_POINT('',(0.999949307571,0.810140687623));
#13910 = CARTESIAN_POINT('',(0.999962162414,0.812505674042));
#13911 = CARTESIAN_POINT('',(0.999974296019,0.814898171587));
#13912 = CARTESIAN_POINT('',(0.999984864297,0.817318207563));
#13913 = CARTESIAN_POINT('',(0.99999335147,0.819765890427));
#13914 = CARTESIAN_POINT('',(0.999999184734,0.822240935888));
#13915 = CARTESIAN_POINT('',(1.000003225009,0.824744438998));
#13916 = CARTESIAN_POINT('',(1.000002251863,0.827272266128));
#13917 = CARTESIAN_POINT('',(1.000002700319,0.829840039425));
#13918 = CARTESIAN_POINT('',(1.000001879641,0.832388406152));
#13919 = CARTESIAN_POINT('',(0.999999904488,0.835139277394));
#13920 = CARTESIAN_POINT('',(0.999998502407,0.837264326513));
#13921 = CARTESIAN_POINT('',(0.999998684188,0.839564965874));
#13922 = CARTESIAN_POINT('',(0.999999658853,0.841826487514));
#13923 = CARTESIAN_POINT('',(1.000002169553,0.844106407996));
#13924 = CARTESIAN_POINT('',(1.000002671282,0.846389456927));
#13925 = CARTESIAN_POINT('',(1.000002078099,0.848679727703));
#13926 = CARTESIAN_POINT('',(1.000003949102,0.85097596805));
#13927 = CARTESIAN_POINT('',(1.000003452954,0.853278675414));
#13928 = CARTESIAN_POINT('',(1.000003591514,0.855587647236));
#13929 = CARTESIAN_POINT('',(1.000003560448,0.857902938043));
#13930 = CARTESIAN_POINT('',(1.000003575185,0.860224533201));
#13931 = CARTESIAN_POINT('',(1.000003578297,0.862552435103));
#13932 = CARTESIAN_POINT('',(1.000003584018,0.864886644835));
#13933 = CARTESIAN_POINT('',(1.000003592787,0.867227149484));
#13934 = CARTESIAN_POINT('',(1.000003588564,0.869573991395));
#13935 = CARTESIAN_POINT('',(1.000003635053,0.871927003968));
#13936 = CARTESIAN_POINT('',(1.000003493515,0.874286801948));
#13937 = CARTESIAN_POINT('',(1.000004055242,0.876651086488));
#13938 = CARTESIAN_POINT('',(1.000001993845,0.879028434859));
#13939 = CARTESIAN_POINT('',(1.000002902157,0.881387045252));
#13940 = CARTESIAN_POINT('',(1.000001330307,0.883845122034));
#13941 = CARTESIAN_POINT('',(1.00000494324,0.885961926331));
#13942 = CARTESIAN_POINT('',(0.999978896734,0.889382470317));
#13943 = CARTESIAN_POINT('',(0.999898705112,0.892357712054));
#13944 = CARTESIAN_POINT('',(0.99978904567,0.895355669132));
#13945 = CARTESIAN_POINT('',(0.999659934292,0.898250461042));
#13946 = CARTESIAN_POINT('',(0.999527032298,0.901075445406));
#13947 = CARTESIAN_POINT('',(0.999392222428,0.903821591381));
#13948 = CARTESIAN_POINT('',(0.999245431573,0.906491426718));
#13949 = CARTESIAN_POINT('',(0.999082466008,0.909084298838));
#13950 = CARTESIAN_POINT('',(0.998900958007,0.911600343542));
#13951 = CARTESIAN_POINT('',(0.998701135819,0.914039450502));
#13952 = CARTESIAN_POINT('',(0.998485508601,0.916401567922));
#13953 = CARTESIAN_POINT('',(0.998258076682,0.918686632761));
#13954 = CARTESIAN_POINT('',(0.998051948062,0.920894567543));
#13955 = CARTESIAN_POINT('',(0.997896655047,0.923025480234));
#13956 = CARTESIAN_POINT('',(0.997817618562,0.925079613122));
#13957 = CARTESIAN_POINT('',(0.997837094991,0.927057311915));
#13958 = CARTESIAN_POINT('',(0.997973262683,0.928958986902));
#13959 = CARTESIAN_POINT('',(0.998245291872,0.93078511746));
#13960 = CARTESIAN_POINT('',(0.998656235665,0.932536120692));
#13961 = CARTESIAN_POINT('',(0.999258468966,0.934212746483));
#13962 = CARTESIAN_POINT('',(0.999828037102,0.935813983354));
#13963 = CARTESIAN_POINT('',(1.000002387159,0.936829369604));
#13964 = CARTESIAN_POINT('',(0.999994774089,0.93732365872));
#13965 = ( GEOMETRIC_REPRESENTATION_CONTEXT(2) 
PARAMETRIC_REPRESENTATION_CONTEXT() REPRESENTATION_CONTEXT('2D SPACE',''
  ) );
#13966 = PCURVE('',#11665,#13967);
#13967 = DEFINITIONAL_REPRESENTATION('',(#13968),#14000);
#13968 = B_SPLINE_CURVE_WITH_KNOTS('',3,(#13969,#13970,#13971,#13972,
    #13973,#13974,#13975,#13976,#13977,#13978,#13979,#13980,#13981,
    #13982,#13983,#13984,#13985,#13986,#13987,#13988,#13989,#13990,
    #13991,#13992,#13993,#13994,#13995,#13996,#13997,#13998,#13999),
  .UNSPECIFIED.,.F.,.F.,(4,1,1,1,1,1,1,2,2,1,1,1,1,2,2,1,1,1,1,1,2,2,4),
  (0.,0.125,0.1875,0.21875,0.234375,0.2421875,0.24609375,0.248046875,
    0.25,0.375,0.4375,0.46875,0.484375,0.4921875,0.5,0.625,0.6875,
    0.71875,0.734375,0.7421875,0.74609375,0.75,1.),.UNSPECIFIED.);
#13969 = CARTESIAN_POINT('',(0.593786402244,1.888960762841));
#13970 = CARTESIAN_POINT('',(0.585384340985,1.798168347969));
#13971 = CARTESIAN_POINT('',(0.514904440893,1.648844629773));
#13972 = CARTESIAN_POINT('',(0.33139347643,1.451647207404));
#13973 = CARTESIAN_POINT('',(0.214316890609,1.347301891769));
#13974 = CARTESIAN_POINT('',(0.149448321802,1.293692582838));
#13975 = CARTESIAN_POINT('',(0.115431468424,1.266528765595));
#13976 = CARTESIAN_POINT('',(9.80273994909E-02,1.252857066278));
#13977 = CARTESIAN_POINT('',(9.048373232471E-02,1.246978525708));
#13978 = CARTESIAN_POINT('',(8.543578077375E-02,1.243055222914));
#13979 = CARTESIAN_POINT('',(8.171185729718E-02,1.240171001049));
#13980 = CARTESIAN_POINT('',(-6.186877954528E-03,1.172213855276));
#13981 = CARTESIAN_POINT('',(-0.149253715308,1.072434229694));
#13982 = CARTESIAN_POINT('',(-0.339347567502,0.95705340621));
#13983 = CARTESIAN_POINT('',(-0.440190129086,0.899620179391));
#13984 = CARTESIAN_POINT('',(-0.492060318749,0.870967862212));
#13985 = CARTESIAN_POINT('',(-0.514600880506,0.858702075471));
#13986 = CARTESIAN_POINT('',(-0.529696917338,0.850527946035));
#13987 = CARTESIAN_POINT('',(-0.538355487564,0.845865465934));
#13988 = CARTESIAN_POINT('',(-0.649551809206,0.786245501237));
#13989 = CARTESIAN_POINT('',(-0.81103764243,0.705511708278));
#13990 = CARTESIAN_POINT('',(-1.007317665281,0.617334528849));
#13991 = CARTESIAN_POINT('',(-1.107427647729,0.574749000557));
#13992 = CARTESIAN_POINT('',(-1.157975131708,0.553832001767));
#13993 = CARTESIAN_POINT('',(-1.183371996887,0.543467443711));
#13994 = CARTESIAN_POINT('',(-1.194282751218,0.539045620545));
#13995 = CARTESIAN_POINT('',(-1.201562450448,0.536102211832));
#13996 = CARTESIAN_POINT('',(-1.204028681287,0.535106251324));
#13997 = CARTESIAN_POINT('',(-1.517475770036,0.408958274166));
#13998 = CARTESIAN_POINT('',(-1.749929987891,0.331094741425));
#13999 = CARTESIAN_POINT('',(-1.9062135997,0.299566288396));
#14000 = ( GEOMETRIC_REPRESENTATION_CONTEXT(2) 
PARAMETRIC_REPRESENTATION_CONTEXT() REPRESENTATION_CONTEXT('2D SPACE',''
  ) );
#14001 = ORIENTED_EDGE('',*,*,#11677,.F.);
#14002 = ADVANCED_FACE('',(#14003),#11665,.F.);
#14003 = FACE_BOUND('',#14004,.T.);
#14004 = EDGE_LOOP('',(#14005,#14006,#14007,#14008));
#14005 = ORIENTED_EDGE('',*,*,#13733,.F.);
#14006 = ORIENTED_EDGE('',*,*,#13837,.T.);
#14007 = ORIENTED_EDGE('',*,*,#11649,.F.);
#14008 = ORIENTED_EDGE('',*,*,#14009,.F.);
#14009 = EDGE_CURVE('',#13734,#11335,#14010,.T.);
#14010 = SURFACE_CURVE('',#14011,(#14029,#14050),.PCURVE_S1.);
#14011 = B_SPLINE_CURVE_WITH_KNOTS('',3,(#14012,#14013,#14014,#14015,
    #14016,#14017,#14018,#14019,#14020,#14021,#14022,#14023,#14024,
    #14025,#14026,#14027,#14028),.UNSPECIFIED.,.F.,.F.,(4,1,1,1,1,1,1,1,
    1,1,1,1,1,1,4),(0.,1.008761066462E-02,2.017522132925E-02,
    4.03504426585E-02,8.0700885317E-02,0.121051327975,0.161401770634,
    0.242102655951,0.322803541268,0.484205311902,0.645607082536,
    0.80700885317,0.887709738487,0.968410623804,0.988399633898),
  .UNSPECIFIED.);
#14012 = CARTESIAN_POINT('',(-1.35,-0.85,8.2));
#14013 = CARTESIAN_POINT('',(-1.370384868434,-0.848113554821,8.2));
#14014 = CARTESIAN_POINT('',(-1.411154605303,-0.844340664463,8.2));
#14015 = CARTESIAN_POINT('',(-1.4640006554,-0.824115441508,8.2));
#14016 = CARTESIAN_POINT('',(-1.545389660297,-0.783819990853,8.2));
#14017 = CARTESIAN_POINT('',(-1.63963530768,-0.71652269357,8.2));
#14018 = CARTESIAN_POINT('',(-1.739057731594,-0.629724144983,8.2));
#14019 = CARTESIAN_POINT('',(-1.859246234384,-0.508524510559,8.2));
#14020 = CARTESIAN_POINT('',(-1.993627227456,-0.350018839217,8.2));
#14021 = CARTESIAN_POINT('',(-2.183401286713,-8.52583678087E-02,8.2));
#14022 = CARTESIAN_POINT('',(-2.388169760078,0.260031230151,8.2));
#14023 = CARTESIAN_POINT('',(-2.599905380382,0.689397216658,8.2));
#14024 = CARTESIAN_POINT('',(-2.750530865276,1.058612278208,8.2));
#14025 = CARTESIAN_POINT('',(-2.857728979225,1.359862503877,8.2));
#14026 = CARTESIAN_POINT('',(-2.908118220707,1.53349369911,8.2));
#14027 = CARTESIAN_POINT('',(-2.935389887649,1.630185283476,8.2));
#14028 = CARTESIAN_POINT('',(-2.939394466697,1.650000002409,8.2));
#14029 = PCURVE('',#11665,#14030);
#14030 = DEFINITIONAL_REPRESENTATION('',(#14031),#14049);
#14031 = B_SPLINE_CURVE_WITH_KNOTS('',3,(#14032,#14033,#14034,#14035,
    #14036,#14037,#14038,#14039,#14040,#14041,#14042,#14043,#14044,
    #14045,#14046,#14047,#14048),.UNSPECIFIED.,.F.,.F.,(4,1,1,1,1,1,1,1,
    1,1,1,1,1,1,4),(0.,1.008761066462E-02,2.017522132925E-02,
    4.03504426585E-02,8.0700885317E-02,0.121051327975,0.161401770634,
    0.242102655951,0.322803541268,0.484205311902,0.645607082536,
    0.80700885317,0.887709738487,0.968410623804,0.988399633898),
  .UNSPECIFIED.);
#14032 = CARTESIAN_POINT('',(0.593786402244,11.788960762841));
#14033 = CARTESIAN_POINT('',(0.591899957064,11.809345631275));
#14034 = CARTESIAN_POINT('',(0.588127066706,11.850115368144));
#14035 = CARTESIAN_POINT('',(0.567901843751,11.902961418241));
#14036 = CARTESIAN_POINT('',(0.527606393096,11.984350423137));
#14037 = CARTESIAN_POINT('',(0.460309095813,12.078596070521));
#14038 = CARTESIAN_POINT('',(0.373510547226,12.178018494434));
#14039 = CARTESIAN_POINT('',(0.252310912802,12.298206997225));
#14040 = CARTESIAN_POINT('',(9.38052414605E-02,12.432587990297));
#14041 = CARTESIAN_POINT('',(-0.170955229948,12.622362049554));
#14042 = CARTESIAN_POINT('',(-0.516244827907,12.827130522919));
#14043 = CARTESIAN_POINT('',(-0.945610814415,13.038866143223));
#14044 = CARTESIAN_POINT('',(-1.314825875964,13.189491628117));
#14045 = CARTESIAN_POINT('',(-1.616076101634,13.296689742066));
#14046 = CARTESIAN_POINT('',(-1.789707296867,13.347078983548));
#14047 = CARTESIAN_POINT('',(-1.886398881232,13.374350650489));
#14048 = CARTESIAN_POINT('',(-1.906213600165,13.378355229538));
#14049 = ( GEOMETRIC_REPRESENTATION_CONTEXT(2) 
PARAMETRIC_REPRESENTATION_CONTEXT() REPRESENTATION_CONTEXT('2D SPACE',''
  ) );
#14050 = PCURVE('',#11372,#14051);
#14051 = DEFINITIONAL_REPRESENTATION('',(#14052),#14055);
#14052 = B_SPLINE_CURVE_WITH_KNOTS('',1,(#14053,#14054),.UNSPECIFIED.,
  .F.,.F.,(2,2),(0.,0.988399633898),.PIECEWISE_BEZIER_KNOTS.);
#14053 = CARTESIAN_POINT('',(1.,0.732746488562));
#14054 = CARTESIAN_POINT('',(0.99999477884,0.937323658571));
#14055 = ( GEOMETRIC_REPRESENTATION_CONTEXT(2) 
PARAMETRIC_REPRESENTATION_CONTEXT() REPRESENTATION_CONTEXT('2D SPACE',''
  ) );
#14056 = ADVANCED_FACE('',(#14057),#11372,.T.);
#14057 = FACE_BOUND('',#14058,.T.);
#14058 = EDGE_LOOP('',(#14059,#14060,#14178,#14250,#14318,#14386,#14455,
    #14521,#14522));
#14059 = ORIENTED_EDGE('',*,*,#11334,.F.);
#14060 = ORIENTED_EDGE('',*,*,#14061,.T.);
#14061 = EDGE_CURVE('',#11302,#14062,#14064,.T.);
#14062 = VERTEX_POINT('',#14063);
#14063 = CARTESIAN_POINT('',(-3.814687640052,1.076705222293,
    7.200249919308));
#14064 = SURFACE_CURVE('',#14065,(#14076,#14127),.PCURVE_S1.);
#14065 = B_SPLINE_CURVE_WITH_KNOTS('',3,(#14066,#14067,#14068,#14069,
    #14070,#14071,#14072,#14073,#14074,#14075),.UNSPECIFIED.,.F.,.F.,(4,
    1,1,1,1,1,1,4),(0.170985029614,0.171875,0.1875,0.203125,0.2109375,
    0.21875,0.25,0.279591057898),.UNSPECIFIED.);
#14066 = CARTESIAN_POINT('',(-3.950000016824,1.650000002028,
    7.200292829034));
#14067 = CARTESIAN_POINT('',(-3.950019061323,1.648238790152,7.2));
#14068 = CARTESIAN_POINT('',(-3.94952143299,1.615622416303,7.2));
#14069 = CARTESIAN_POINT('',(-3.941223018243,1.556245582622,7.2));
#14070 = CARTESIAN_POINT('',(-3.927584579189,1.486066095421,7.2));
#14071 = CARTESIAN_POINT('',(-3.915124089736,1.43078899178,7.2));
#14072 = CARTESIAN_POINT('',(-3.895257505386,1.34853073657,7.2));
#14073 = CARTESIAN_POINT('',(-3.862665568495,1.230008716545,7.2));
#14074 = CARTESIAN_POINT('',(-3.830805990745,1.126638209647,7.2));
#14075 = CARTESIAN_POINT('',(-3.814687640052,1.076705222293,
    7.200249919308));
#14076 = PCURVE('',#11372,#14077);
#14077 = DEFINITIONAL_REPRESENTATION('',(#14078),#14126);
#14078 = B_SPLINE_CURVE_WITH_KNOTS('',3,(#14079,#14080,#14081,#14082,
    #14083,#14084,#14085,#14086,#14087,#14088,#14089,#14090,#14091,
    #14092,#14093,#14094,#14095,#14096,#14097,#14098,#14099,#14100,
    #14101,#14102,#14103,#14104,#14105,#14106,#14107,#14108,#14109,
    #14110,#14111,#14112,#14113,#14114,#14115,#14116,#14117,#14118,
    #14119,#14120,#14121,#14122,#14123,#14124,#14125),.UNSPECIFIED.,.F.,
  .F.,(4,1,1,1,1,1,1,1,1,1,1,1,1,1,1,1,1,1,1,1,1,1,1,1,1,1,1,1,1,1,1,1,1
    ,1,1,1,1,1,1,1,1,1,1,1,4),(0.170985029614,0.173453348439,
    0.175921667263,0.178389986088,0.180858304913,0.183326623737,
    0.185794942562,0.188263261387,0.190731580211,0.193199899036,
    0.19566821786,0.198136536685,0.20060485551,0.203073174334,
    0.205541493159,0.208009811984,0.210478130808,0.212946449633,
    0.215414768458,0.217883087282,0.220351406107,0.222819724931,
    0.225288043756,0.227756362581,0.230224681405,0.23269300023,
    0.235161319055,0.237629637879,0.240097956704,0.242566275528,
    0.245034594353,0.247502913178,0.249971232002,0.252439550827,
    0.254907869652,0.257376188476,0.259844507301,0.262312826126,
    0.26478114495,0.267249463775,0.269717782599,0.272186101424,
    0.274654420249,0.277122739073,0.279591057898),
  .QUASI_UNIFORM_KNOTS.);
#14079 = CARTESIAN_POINT('',(1.820114279833E-04,0.954303333316));
#14080 = CARTESIAN_POINT('',(7.078222199331E-05,0.954083638152));
#14081 = CARTESIAN_POINT('',(-3.28501435504E-05,0.953644040793));
#14082 = CARTESIAN_POINT('',(8.802169435769E-06,0.95298430135));
#14083 = CARTESIAN_POINT('',(-2.358534191448E-06,0.952324653922));
#14084 = CARTESIAN_POINT('',(6.319673316257E-07,0.951664981838));
#14085 = CARTESIAN_POINT('',(-1.693351364658E-07,0.951005316361));
#14086 = CARTESIAN_POINT('',(4.537321301776E-08,0.950345649114));
#14087 = CARTESIAN_POINT('',(-1.215771511546E-08,0.949685982341));
#14088 = CARTESIAN_POINT('',(3.257650108661E-09,0.949026315441));
#14089 = CARTESIAN_POINT('',(-8.728839212216E-10,0.948366648575));
#14090 = CARTESIAN_POINT('',(2.338890915225E-10,0.9477069817));
#14091 = CARTESIAN_POINT('',(-6.267005544445E-11,0.947047314827));
#14092 = CARTESIAN_POINT('',(1.679223673267E-11,0.946387647953));
#14093 = CARTESIAN_POINT('',(-4.499232528875E-12,0.94572798108));
#14094 = CARTESIAN_POINT('',(1.205967199106E-12,0.945068314207));
#14095 = CARTESIAN_POINT('',(-3.234559715784E-13,0.944408647334));
#14096 = CARTESIAN_POINT('',(8.767484886811E-14,0.943748980461));
#14097 = CARTESIAN_POINT('',(-2.365944736912E-14,0.943089313587));
#14098 = CARTESIAN_POINT('',(6.484627884314E-15,0.942429646714));
#14099 = CARTESIAN_POINT('',(-1.787024374973E-15,0.941769979841));
#14100 = CARTESIAN_POINT('',(6.746567948117E-16,0.941110312968));
#14101 = CARTESIAN_POINT('',(6.682168754736E-17,0.940450646094));
#14102 = CARTESIAN_POINT('',(1.103146768476E-15,0.939790979221));
#14103 = CARTESIAN_POINT('',(-2.917581030847E-15,0.939131312348));
#14104 = CARTESIAN_POINT('',(1.359656472079E-14,0.938471645475));
#14105 = CARTESIAN_POINT('',(-5.046691138621E-14,0.937811978601));
#14106 = CARTESIAN_POINT('',(1.906380608084E-13,0.937152311728));
#14107 = CARTESIAN_POINT('',(-7.095903413613E-13,0.936492644855));
#14108 = CARTESIAN_POINT('',(2.650131380421E-12,0.935832977982));
#14109 = CARTESIAN_POINT('',(-9.886558901441E-12,0.935173311109));
#14110 = CARTESIAN_POINT('',(3.689782044349E-11,0.934513644235));
#14111 = CARTESIAN_POINT('',(-1.37702019709E-10,0.933853977362));
#14112 = CARTESIAN_POINT('',(5.139138669113E-10,0.933194310488));
#14113 = CARTESIAN_POINT('',(-1.917950271833E-09,0.932534643618));
#14114 = CARTESIAN_POINT('',(5.284691240364E-07,0.931874976573));
#14115 = CARTESIAN_POINT('',(2.13273812008E-06,0.931215309119));
#14116 = CARTESIAN_POINT('',(5.350569952974E-06,0.930555640971));
#14117 = CARTESIAN_POINT('',(1.072201607739E-05,0.929895971789));
#14118 = CARTESIAN_POINT('',(1.878702863565E-05,0.929236301183));
#14119 = CARTESIAN_POINT('',(3.008558613702E-05,0.928576628712));
#14120 = CARTESIAN_POINT('',(4.515765959649E-05,0.927916953883));
#14121 = CARTESIAN_POINT('',(6.45432214487E-05,0.927257276153));
#14122 = CARTESIAN_POINT('',(8.878224301744E-05,0.926597594927));
#14123 = CARTESIAN_POINT('',(1.184146951844E-04,0.925937909567));
#14124 = CARTESIAN_POINT('',(1.421252636687E-04,0.925498116099));
#14125 = CARTESIAN_POINT('',(1.550594430414E-04,0.925278218443));
#14126 = ( GEOMETRIC_REPRESENTATION_CONTEXT(2) 
PARAMETRIC_REPRESENTATION_CONTEXT() REPRESENTATION_CONTEXT('2D SPACE',''
  ) );
#14127 = PCURVE('',#11317,#14128);
#14128 = DEFINITIONAL_REPRESENTATION('',(#14129),#14177);
#14129 = B_SPLINE_CURVE_WITH_KNOTS('',3,(#14130,#14131,#14132,#14133,
    #14134,#14135,#14136,#14137,#14138,#14139,#14140,#14141,#14142,
    #14143,#14144,#14145,#14146,#14147,#14148,#14149,#14150,#14151,
    #14152,#14153,#14154,#14155,#14156,#14157,#14158,#14159,#14160,
    #14161,#14162,#14163,#14164,#14165,#14166,#14167,#14168,#14169,
    #14170,#14171,#14172,#14173,#14174,#14175,#14176),.UNSPECIFIED.,.F.,
  .F.,(4,1,1,1,1,1,1,1,1,1,1,1,1,1,1,1,1,1,1,1,1,1,1,1,1,1,1,1,1,1,1,1,1
    ,1,1,1,1,1,1,1,1,1,1,1,4),(0.170985029614,0.173453348439,
    0.175921667263,0.178389986088,0.180858304913,0.183326623737,
    0.185794942562,0.188263261387,0.190731580211,0.193199899036,
    0.19566821786,0.198136536685,0.20060485551,0.203073174334,
    0.205541493159,0.208009811984,0.210478130808,0.212946449633,
    0.215414768458,0.217883087282,0.220351406107,0.222819724931,
    0.225288043756,0.227756362581,0.230224681405,0.23269300023,
    0.235161319055,0.237629637879,0.240097956704,0.242566275528,
    0.245034594353,0.247502913178,0.249971232002,0.252439550827,
    0.254907869652,0.257376188476,0.259844507301,0.262312826126,
    0.26478114495,0.267249463775,0.269717782599,0.272186101424,
    0.274654420249,0.277122739073,0.279591057898),
  .QUASI_UNIFORM_KNOTS.);
#14130 = CARTESIAN_POINT('',(0.,0.999892334377));
#14131 = CARTESIAN_POINT('',(3.891610584711E-03,0.999866403331));
#14132 = CARTESIAN_POINT('',(1.110167634445E-02,0.999842243349));
#14133 = CARTESIAN_POINT('',(2.056929823753E-02,0.99985195382));
#14134 = CARTESIAN_POINT('',(2.91261903233E-02,0.999849351907));
#14135 = CARTESIAN_POINT('',(3.698244844261E-02,0.999850049088));
#14136 = CARTESIAN_POINT('',(4.429624859728E-02,0.999849862279));
#14137 = CARTESIAN_POINT('',(5.11742183038E-02,0.999849912334));
#14138 = CARTESIAN_POINT('',(5.769714999671E-02,0.999849898922));
#14139 = CARTESIAN_POINT('',(6.392265598098E-02,0.999849902516));
#14140 = CARTESIAN_POINT('',(6.988857860455E-02,0.999849901553));
#14141 = CARTESIAN_POINT('',(7.562672918559E-02,0.999849901811));
#14142 = CARTESIAN_POINT('',(8.116282828234E-02,0.999849901742));
#14143 = CARTESIAN_POINT('',(8.651835090046E-02,0.99984990176));
#14144 = CARTESIAN_POINT('',(9.17113440356E-02,0.999849901755));
#14145 = CARTESIAN_POINT('',(9.675716686394E-02,0.999849901757));
#14146 = CARTESIAN_POINT('',(0.101669165345,0.999849901756));
#14147 = CARTESIAN_POINT('',(0.106458893095,0.999849901756));
#14148 = CARTESIAN_POINT('',(0.111136459178,0.999849901756));
#14149 = CARTESIAN_POINT('',(0.115710515916,0.999849901756));
#14150 = CARTESIAN_POINT('',(0.120188670553,0.999849901756));
#14151 = CARTESIAN_POINT('',(0.124577732152,0.999849901756));
#14152 = CARTESIAN_POINT('',(0.128883637706,0.999849901756));
#14153 = CARTESIAN_POINT('',(0.133111654041,0.999849901756));
#14154 = CARTESIAN_POINT('',(0.137266557228,0.999849901756));
#14155 = CARTESIAN_POINT('',(0.14135267433,0.999849901756));
#14156 = CARTESIAN_POINT('',(0.145373945517,0.999849901756));
#14157 = CARTESIAN_POINT('',(0.149333969276,0.999849901756));
#14158 = CARTESIAN_POINT('',(0.153236042803,0.999849901756));
#14159 = CARTESIAN_POINT('',(0.157083196005,0.999849901757));
#14160 = CARTESIAN_POINT('',(0.160878220853,0.999849901754));
#14161 = CARTESIAN_POINT('',(0.164623696691,0.999849901765));
#14162 = CARTESIAN_POINT('',(0.168322012213,0.999849901724));
#14163 = CARTESIAN_POINT('',(0.17197538451,0.999849901876));
#14164 = CARTESIAN_POINT('',(0.175585876097,0.999849901308));
#14165 = CARTESIAN_POINT('',(0.179155335965,0.999850025182));
#14166 = CARTESIAN_POINT('',(0.182685492091,0.999850399866));
#14167 = CARTESIAN_POINT('',(0.186177962523,0.999851151404));
#14168 = CARTESIAN_POINT('',(0.18963426489,0.999852405927));
#14169 = CARTESIAN_POINT('',(0.193055824952,0.999854289543));
#14170 = CARTESIAN_POINT('',(0.196443984258,0.999856928365));
#14171 = CARTESIAN_POINT('',(0.199800006862,0.999860448508));
#14172 = CARTESIAN_POINT('',(0.203125085942,0.999864976083));
#14173 = CARTESIAN_POINT('',(0.206420347535,0.999870637202));
#14174 = CARTESIAN_POINT('',(0.209686862247,0.99987755798));
#14175 = CARTESIAN_POINT('',(0.211846037211,0.999883095679));
#14176 = CARTESIAN_POINT('',(0.212921168703,0.999886116509));
#14177 = ( GEOMETRIC_REPRESENTATION_CONTEXT(2) 
PARAMETRIC_REPRESENTATION_CONTEXT() REPRESENTATION_CONTEXT('2D SPACE',''
  ) );
#14178 = ORIENTED_EDGE('',*,*,#14179,.T.);
#14179 = EDGE_CURVE('',#14062,#14180,#14182,.T.);
#14180 = VERTEX_POINT('',#14181);
#14181 = CARTESIAN_POINT('',(-2.955662816359,-0.720468390291,7.2));
#14182 = SURFACE_CURVE('',#14183,(#14192,#14221),.PCURVE_S1.);
#14183 = B_SPLINE_CURVE_WITH_KNOTS('',3,(#14184,#14185,#14186,#14187,
    #14188,#14189,#14190,#14191),.UNSPECIFIED.,.F.,.F.,(4,1,1,1,1,4),(
    0.279591057898,0.3125,0.375,0.5,0.625,0.66073024952),.UNSPECIFIED.);
#14184 = CARTESIAN_POINT('',(-3.814687640052,1.076705222293,
    7.200249919308));
#14185 = CARTESIAN_POINT('',(-3.796808256281,1.021158879856,7.2));
#14186 = CARTESIAN_POINT('',(-3.742754101738,0.861345106765,7.2));
#14187 = CARTESIAN_POINT('',(-3.60619939297,0.498682606882,7.2));
#14188 = CARTESIAN_POINT('',(-3.384040420019,4.548752205267E-04,7.2));
#14189 = CARTESIAN_POINT('',(-3.143332443883,-0.434081774091,7.2));
#14190 = CARTESIAN_POINT('',(-2.990637506259,-0.668851792061,7.2));
#14191 = CARTESIAN_POINT('',(-2.955662816359,-0.720468390291,7.2));
#14192 = PCURVE('',#11372,#14193);
#14193 = DEFINITIONAL_REPRESENTATION('',(#14194),#14220);
#14194 = B_SPLINE_CURVE_WITH_KNOTS('',3,(#14195,#14196,#14197,#14198,
    #14199,#14200,#14201,#14202,#14203,#14204,#14205,#14206,#14207,
    #14208,#14209,#14210,#14211,#14212,#14213,#14214,#14215,#14216,
    #14217,#14218,#14219),.UNSPECIFIED.,.F.,.F.,(4,1,1,1,1,1,1,1,1,1,1,1
    ,1,1,1,1,1,1,1,1,1,1,4),(0.279591057898,0.296915566608,
    0.314240075318,0.331564584028,0.348889092738,0.366213601448,
    0.383538110159,0.400862618869,0.418187127579,0.435511636289,
    0.452836144999,0.470160653709,0.487485162419,0.504809671129,
    0.522134179839,0.539458688549,0.55678319726,0.57410770597,
    0.59143221468,0.60875672339,0.6260812321,0.64340574081,0.66073024952
    ),.QUASI_UNIFORM_KNOTS.);
#14195 = CARTESIAN_POINT('',(1.550594430416E-04,0.925278218443));
#14196 = CARTESIAN_POINT('',(7.67684458767E-05,0.923734915681));
#14197 = CARTESIAN_POINT('',(-5.057890987862E-06,0.920648271354));
#14198 = CARTESIAN_POINT('',(1.355257805614E-06,0.916018236669));
#14199 = CARTESIAN_POINT('',(-3.631402344586E-07,0.911388200587));
#14200 = CARTESIAN_POINT('',(9.730313275838E-08,0.90675816488));
#14201 = CARTESIAN_POINT('',(-2.607229540662E-08,0.902128129072));
#14202 = CARTESIAN_POINT('',(6.986051028388E-09,0.897498093291));
#14203 = CARTESIAN_POINT('',(-1.87190694143E-09,0.892868057503));
#14204 = CARTESIAN_POINT('',(5.015764338176E-10,0.888238021716));
#14205 = CARTESIAN_POINT('',(-1.343960497134E-10,0.88360798593));
#14206 = CARTESIAN_POINT('',(3.600880895712E-11,0.878977950143));
#14207 = CARTESIAN_POINT('',(-9.638336616566E-12,0.874347914356));
#14208 = CARTESIAN_POINT('',(2.543509894311E-12,0.869717878569));
#14209 = CARTESIAN_POINT('',(-5.36778436272E-13,0.865087842783));
#14210 = CARTESIAN_POINT('',(-3.956987308782E-13,0.860457806996));
#14211 = CARTESIAN_POINT('',(2.120240720752E-12,0.855827771209));
#14212 = CARTESIAN_POINT('',(-8.08627077895E-12,0.851197735422));
#14213 = CARTESIAN_POINT('',(3.022670434444E-11,0.846567699637));
#14214 = CARTESIAN_POINT('',(-1.128227661891E-10,0.841937663845));
#14215 = CARTESIAN_POINT('',(4.210642879399E-10,0.837307628079));
#14216 = CARTESIAN_POINT('',(-1.571435733366E-09,0.832677592215));
#14217 = CARTESIAN_POINT('',(5.957319484039E-09,0.828047556682));
#14218 = CARTESIAN_POINT('',(2.904369316254E-07,0.824960748622));
#14219 = CARTESIAN_POINT('',(5.518857130382E-07,0.823417294128));
#14220 = ( GEOMETRIC_REPRESENTATION_CONTEXT(2) 
PARAMETRIC_REPRESENTATION_CONTEXT() REPRESENTATION_CONTEXT('2D SPACE',''
  ) );
#14221 = PCURVE('',#11317,#14222);
#14222 = DEFINITIONAL_REPRESENTATION('',(#14223),#14249);
#14223 = B_SPLINE_CURVE_WITH_KNOTS('',3,(#14224,#14225,#14226,#14227,
    #14228,#14229,#14230,#14231,#14232,#14233,#14234,#14235,#14236,
    #14237,#14238,#14239,#14240,#14241,#14242,#14243,#14244,#14245,
    #14246,#14247,#14248),.UNSPECIFIED.,.F.,.F.,(4,1,1,1,1,1,1,1,1,1,1,1
    ,1,1,1,1,1,1,1,1,1,1,4),(0.279591057898,0.296915566608,
    0.314240075318,0.331564584028,0.348889092738,0.366213601448,
    0.383538110159,0.400862618869,0.418187127579,0.435511636289,
    0.452836144999,0.470160653709,0.487485162419,0.504809671129,
    0.522134179839,0.539458688549,0.55678319726,0.57410770597,
    0.59143221468,0.60875672339,0.6260812321,0.64340574081,0.66073024952
    ),.QUASI_UNIFORM_KNOTS.);
#14224 = CARTESIAN_POINT('',(0.212921168703,0.999886116509));
#14225 = CARTESIAN_POINT('',(0.220461366706,0.999867831338));
#14226 = CARTESIAN_POINT('',(0.235124741097,0.999848720472));
#14227 = CARTESIAN_POINT('',(0.25606234342,0.999850218281));
#14228 = CARTESIAN_POINT('',(0.276157869543,0.999849816944));
#14229 = CARTESIAN_POINT('',(0.295550481353,0.999849924482));
#14230 = CARTESIAN_POINT('',(0.314354908034,0.999849895667));
#14231 = CARTESIAN_POINT('',(0.332661598413,0.999849903388));
#14232 = CARTESIAN_POINT('',(0.350544308853,0.999849901319));
#14233 = CARTESIAN_POINT('',(0.368063964428,0.999849901873));
#14234 = CARTESIAN_POINT('',(0.385272663559,0.999849901725));
#14235 = CARTESIAN_POINT('',(0.402215448493,0.999849901765));
#14236 = CARTESIAN_POINT('',(0.418931893281,0.999849901754));
#14237 = CARTESIAN_POINT('',(0.435457221813,0.999849901757));
#14238 = CARTESIAN_POINT('',(0.451823221454,0.999849901756));
#14239 = CARTESIAN_POINT('',(0.468058822723,0.999849901756));
#14240 = CARTESIAN_POINT('',(0.484190717121,0.999849901756));
#14241 = CARTESIAN_POINT('',(0.500244131217,0.999849901756));
#14242 = CARTESIAN_POINT('',(0.516243139551,0.999849901756));
#14243 = CARTESIAN_POINT('',(0.532210995119,0.999849901756));
#14244 = CARTESIAN_POINT('',(0.548170374501,0.999849901756));
#14245 = CARTESIAN_POINT('',(0.564143652675,0.999849901756));
#14246 = CARTESIAN_POINT('',(0.580152892099,0.999849901756));
#14247 = CARTESIAN_POINT('',(0.590866013031,0.999849901756));
#14248 = CARTESIAN_POINT('',(0.596236612124,0.999849901756));
#14249 = ( GEOMETRIC_REPRESENTATION_CONTEXT(2) 
PARAMETRIC_REPRESENTATION_CONTEXT() REPRESENTATION_CONTEXT('2D SPACE',''
  ) );
#14250 = ORIENTED_EDGE('',*,*,#14251,.T.);
#14251 = EDGE_CURVE('',#14180,#14252,#14254,.T.);
#14252 = VERTEX_POINT('',#14253);
#14253 = CARTESIAN_POINT('',(-2.869270769027,-0.843738804909,
    7.200860009338));
#14254 = SURFACE_CURVE('',#14255,(#14260,#14289),.PCURVE_S1.);
#14255 = B_SPLINE_CURVE_WITH_KNOTS('',3,(#14256,#14257,#14258,#14259),
  .UNSPECIFIED.,.F.,.F.,(4,4),(0.66073024952,0.689445793942),
  .PIECEWISE_BEZIER_KNOTS.);
#14256 = CARTESIAN_POINT('',(-2.955662816359,-0.720468390291,7.2));
#14257 = CARTESIAN_POINT('',(-2.927580781972,-0.761959589986,7.2));
#14258 = CARTESIAN_POINT('',(-2.898827872182,-0.803079310582,7.2));
#14259 = CARTESIAN_POINT('',(-2.869270769027,-0.843738804909,
    7.200860009338));
#14260 = PCURVE('',#11372,#14261);
#14261 = DEFINITIONAL_REPRESENTATION('',(#14262),#14288);
#14262 = B_SPLINE_CURVE_WITH_KNOTS('',3,(#14263,#14264,#14265,#14266,
    #14267,#14268,#14269,#14270,#14271,#14272,#14273,#14274,#14275,
    #14276,#14277,#14278,#14279,#14280,#14281,#14282,#14283,#14284,
    #14285,#14286,#14287),.UNSPECIFIED.,.F.,.F.,(4,1,1,1,1,1,1,1,1,1,1,1
    ,1,1,1,1,1,1,1,1,1,1,4),(0.66073024952,0.662035501539,0.663340753558
    ,0.664646005578,0.665951257597,0.667256509616,0.668561761635,
    0.669867013654,0.671172265673,0.672477517693,0.673782769712,
    0.675088021731,0.67639327375,0.677698525769,0.679003777789,
    0.680309029808,0.681614281827,0.682919533846,0.684224785865,
    0.685530037884,0.686835289904,0.688140541923,0.689445793942),
  .QUASI_UNIFORM_KNOTS.);
#14263 = CARTESIAN_POINT('',(5.518857116838E-07,0.823417294128));
#14264 = CARTESIAN_POINT('',(5.267256736524E-07,0.823301026368));
#14265 = CARTESIAN_POINT('',(4.787055468411E-07,0.823068490004));
#14266 = CARTESIAN_POINT('',(7.13923445913E-07,0.822719682508));
#14267 = CARTESIAN_POINT('',(1.556737437938E-06,0.82237087165));
#14268 = CARTESIAN_POINT('',(3.307496359126E-06,0.822022056997));
#14269 = CARTESIAN_POINT('',(6.266549561424E-06,0.821673238106));
#14270 = CARTESIAN_POINT('',(1.07342469654E-05,0.821324414521));
#14271 = CARTESIAN_POINT('',(1.701093901696E-05,0.820975585771));
#14272 = CARTESIAN_POINT('',(2.539697666693E-05,0.820626751373));
#14273 = CARTESIAN_POINT('',(3.619271135069E-05,0.82027791083));
#14274 = CARTESIAN_POINT('',(4.969849496237E-05,0.819929063632));
#14275 = CARTESIAN_POINT('',(6.621467983932E-05,0.819580209256));
#14276 = CARTESIAN_POINT('',(8.604161874949E-05,0.819231347165));
#14277 = CARTESIAN_POINT('',(1.094796648774E-04,0.81888247681));
#14278 = CARTESIAN_POINT('',(1.368291718383E-04,0.818533597625));
#14279 = CARTESIAN_POINT('',(1.683904936691E-04,0.818184709036));
#14280 = CARTESIAN_POINT('',(2.044639848814E-04,0.817835810452));
#14281 = CARTESIAN_POINT('',(2.453500004793E-04,0.817486901269));
#14282 = CARTESIAN_POINT('',(2.913488960431E-04,0.81713798087));
#14283 = CARTESIAN_POINT('',(3.42761027804E-04,0.816789048625));
#14284 = CARTESIAN_POINT('',(3.998867528193E-04,0.816440103891));
#14285 = CARTESIAN_POINT('',(4.630264289465E-04,0.816091146009));
#14286 = CARTESIAN_POINT('',(5.093290867861E-04,0.815858498207));
#14287 = CARTESIAN_POINT('',(5.335828606521E-04,0.815742171891));
#14288 = ( GEOMETRIC_REPRESENTATION_CONTEXT(2) 
PARAMETRIC_REPRESENTATION_CONTEXT() REPRESENTATION_CONTEXT('2D SPACE',''
  ) );
#14289 = PCURVE('',#11317,#14290);
#14290 = DEFINITIONAL_REPRESENTATION('',(#14291),#14317);
#14291 = B_SPLINE_CURVE_WITH_KNOTS('',3,(#14292,#14293,#14294,#14295,
    #14296,#14297,#14298,#14299,#14300,#14301,#14302,#14303,#14304,
    #14305,#14306,#14307,#14308,#14309,#14310,#14311,#14312,#14313,
    #14314,#14315,#14316),.UNSPECIFIED.,.F.,.F.,(4,1,1,1,1,1,1,1,1,1,1,1
    ,1,1,1,1,1,1,1,1,1,1,4),(0.66073024952,0.662035501539,0.663340753558
    ,0.664646005578,0.665951257597,0.667256509616,0.668561761635,
    0.669867013654,0.671172265673,0.672477517693,0.673782769712,
    0.675088021731,0.67639327375,0.677698525769,0.679003777789,
    0.680309029808,0.681614281827,0.682919533846,0.684224785865,
    0.685530037884,0.686835289904,0.688140541923,0.689445793942),
  .QUASI_UNIFORM_KNOTS.);
#14292 = CARTESIAN_POINT('',(0.596236612124,0.999849901756));
#14293 = CARTESIAN_POINT('',(0.59664118517,0.999849901756));
#14294 = CARTESIAN_POINT('',(0.597450493849,0.999849901756));
#14295 = CARTESIAN_POINT('',(0.598664955083,0.999849971978));
#14296 = CARTESIAN_POINT('',(0.599879924965,0.999850182644));
#14297 = CARTESIAN_POINT('',(0.601095414037,0.999850603974));
#14298 = CARTESIAN_POINT('',(0.602311432924,0.999851306193));
#14299 = CARTESIAN_POINT('',(0.603527992338,0.99985235952));
#14300 = CARTESIAN_POINT('',(0.604745103078,0.999853834178));
#14301 = CARTESIAN_POINT('',(0.605962776034,0.999855800389));
#14302 = CARTESIAN_POINT('',(0.607181022185,0.999858328375));
#14303 = CARTESIAN_POINT('',(0.608399852602,0.999861488357));
#14304 = CARTESIAN_POINT('',(0.609619278449,0.999865350557));
#14305 = CARTESIAN_POINT('',(0.610839310982,0.999869985197));
#14306 = CARTESIAN_POINT('',(0.612059961553,0.999875462499));
#14307 = CARTESIAN_POINT('',(0.613281241611,0.999881852685));
#14308 = CARTESIAN_POINT('',(0.614503162699,0.999889225976));
#14309 = CARTESIAN_POINT('',(0.615725736461,0.999897652595));
#14310 = CARTESIAN_POINT('',(0.616948974639,0.999907202763));
#14311 = CARTESIAN_POINT('',(0.618172889075,0.999917946702));
#14312 = CARTESIAN_POINT('',(0.619397491714,0.999929954633));
#14313 = CARTESIAN_POINT('',(0.620622794605,0.999943296779));
#14314 = CARTESIAN_POINT('',(0.62184880989,0.999958043362));
#14315 = CARTESIAN_POINT('',(0.622666636535,0.999968857522));
#14316 = CARTESIAN_POINT('',(0.623075672679,0.999974522083));
#14317 = ( GEOMETRIC_REPRESENTATION_CONTEXT(2) 
PARAMETRIC_REPRESENTATION_CONTEXT() REPRESENTATION_CONTEXT('2D SPACE',''
  ) );
#14318 = ORIENTED_EDGE('',*,*,#14319,.F.);
#14319 = EDGE_CURVE('',#14320,#14252,#14322,.T.);
#14320 = VERTEX_POINT('',#14321);
#14321 = CARTESIAN_POINT('',(-2.410780729423,-1.369393612327,
    7.199999999937));
#14322 = SURFACE_CURVE('',#14323,(#14328,#14357),.PCURVE_S1.);
#14323 = B_SPLINE_CURVE_WITH_KNOTS('',3,(#14324,#14325,#14326,#14327),
  .UNSPECIFIED.,.F.,.F.,(4,4),(0.,1.),.PIECEWISE_BEZIER_KNOTS.);
#14324 = CARTESIAN_POINT('',(-2.410780729423,-1.369393612327,
    7.199999999937));
#14325 = CARTESIAN_POINT('',(-2.574977242876,-1.217691950348,
    7.199661279241));
#14326 = CARTESIAN_POINT('',(-2.72814844974,-1.038342940146,
    7.199661279241));
#14327 = CARTESIAN_POINT('',(-2.869270769027,-0.843738804909,
    7.200860009338));
#14328 = PCURVE('',#11372,#14329);
#14329 = DEFINITIONAL_REPRESENTATION('',(#14330),#14356);
#14330 = B_SPLINE_CURVE_WITH_KNOTS('',3,(#14331,#14332,#14333,#14334,
    #14335,#14336,#14337,#14338,#14339,#14340,#14341,#14342,#14343,
    #14344,#14345,#14346,#14347,#14348,#14349,#14350,#14351,#14352,
    #14353,#14354,#14355),.UNSPECIFIED.,.F.,.F.,(4,1,1,1,1,1,1,1,1,1,1,1
    ,1,1,1,1,1,1,1,1,1,1,4),(0.,4.545454545455E-02,9.090909090909E-02,
    0.136363636364,0.181818181818,0.227272727273,0.272727272727,
    0.318181818182,0.363636363636,0.409090909091,0.454545454545,0.5,
    0.545454545455,0.590909090909,0.636363636364,0.681818181818,
    0.727272727273,0.772727272727,0.818181818182,0.863636363636,
    0.909090909091,0.954545454545,1.),.QUASI_UNIFORM_KNOTS.);
#14331 = CARTESIAN_POINT('',(3.904803053558E-07,0.780768093103));
#14332 = CARTESIAN_POINT('',(-2.079364168129E-06,0.781263353555));
#14333 = CARTESIAN_POINT('',(-4.377305906716E-06,0.782257780678));
#14334 = CARTESIAN_POINT('',(-3.442463625659E-06,0.78376082568));
#14335 = CARTESIAN_POINT('',(-3.68227721759E-06,0.785274934286));
#14336 = CARTESIAN_POINT('',(-3.607923354458E-06,0.78679985809));
#14337 = CARTESIAN_POINT('',(-3.618207974539E-06,0.788335309177));
#14338 = CARTESIAN_POINT('',(-3.606652251151E-06,0.789880994276));
#14339 = CARTESIAN_POINT('',(-3.600283983255E-06,0.791436607442));
#14340 = CARTESIAN_POINT('',(-3.597385980145E-06,0.793001833895));
#14341 = CARTESIAN_POINT('',(-3.57771106751E-06,0.794576350729));
#14342 = CARTESIAN_POINT('',(-3.623873638192E-06,0.796159828825));
#14343 = CARTESIAN_POINT('',(-3.425568425258E-06,0.79775193282));
#14344 = CARTESIAN_POINT('',(-4.14130386242E-06,0.799352327238));
#14345 = CARTESIAN_POINT('',(-1.447249892818E-06,0.800960659324));
#14346 = CARTESIAN_POINT('',(-1.148012425928E-05,0.802576661458));
#14347 = CARTESIAN_POINT('',(3.243496728102E-05,0.804199905407));
#14348 = CARTESIAN_POINT('',(8.011365582708E-05,0.805830179354));
#14349 = CARTESIAN_POINT('',(1.359399454576E-04,0.807467161175));
#14350 = CARTESIAN_POINT('',(1.990446904878E-04,0.809110533183));
#14351 = CARTESIAN_POINT('',(2.699816161953E-04,0.810759970609));
#14352 = CARTESIAN_POINT('',(3.489385759058E-04,0.812415145601));
#14353 = CARTESIAN_POINT('',(4.362152833936E-04,0.814075727294));
#14354 = CARTESIAN_POINT('',(5.001382222337E-04,0.815186163697));
#14355 = CARTESIAN_POINT('',(5.335828606521E-04,0.815742171891));
#14356 = ( GEOMETRIC_REPRESENTATION_CONTEXT(2) 
PARAMETRIC_REPRESENTATION_CONTEXT() REPRESENTATION_CONTEXT('2D SPACE',''
  ) );
#14357 = PCURVE('',#11317,#14358);
#14358 = DEFINITIONAL_REPRESENTATION('',(#14359),#14385);
#14359 = B_SPLINE_CURVE_WITH_KNOTS('',3,(#14360,#14361,#14362,#14363,
    #14364,#14365,#14366,#14367,#14368,#14369,#14370,#14371,#14372,
    #14373,#14374,#14375,#14376,#14377,#14378,#14379,#14380,#14381,
    #14382,#14383,#14384),.UNSPECIFIED.,.F.,.F.,(4,1,1,1,1,1,1,1,1,1,1,1
    ,1,1,1,1,1,1,1,1,1,1,4),(0.,4.545454545455E-02,9.090909090909E-02,
    0.136363636364,0.181818181818,0.227272727273,0.272727272727,
    0.318181818182,0.363636363636,0.409090909091,0.454545454545,0.5,
    0.545454545455,0.590909090909,0.636363636364,0.681818181818,
    0.727272727273,0.772727272727,0.818181818182,0.863636363636,
    0.909090909091,0.954545454545,1.),.QUASI_UNIFORM_KNOTS.);
#14360 = CARTESIAN_POINT('',(0.752176382173,0.999849901747));
#14361 = CARTESIAN_POINT('',(0.750220315651,0.99984767072));
#14362 = CARTESIAN_POINT('',(0.746308184791,0.999843411488));
#14363 = CARTESIAN_POINT('',(0.740439993255,0.999837701322));
#14364 = CARTESIAN_POINT('',(0.734571804591,0.999832740062));
#14365 = CARTESIAN_POINT('',(0.728703617228,0.999828597929));
#14366 = CARTESIAN_POINT('',(0.722835429783,0.999825345146));
#14367 = CARTESIAN_POINT('',(0.716967241075,0.999823051933));
#14368 = CARTESIAN_POINT('',(0.711099050106,0.999821788513));
#14369 = CARTESIAN_POINT('',(0.705230856049,0.999821625108));
#14370 = CARTESIAN_POINT('',(0.699362658238,0.999822631939));
#14371 = CARTESIAN_POINT('',(0.693494456155,0.999824879228));
#14372 = CARTESIAN_POINT('',(0.687626249422,0.999828437198));
#14373 = CARTESIAN_POINT('',(0.681758037787,0.999833376069));
#14374 = CARTESIAN_POINT('',(0.675889821121,0.999839766065));
#14375 = CARTESIAN_POINT('',(0.670021599404,0.999847677406));
#14376 = CARTESIAN_POINT('',(0.664153372723,0.999857180314));
#14377 = CARTESIAN_POINT('',(0.658285141259,0.999868345011));
#14378 = CARTESIAN_POINT('',(0.652416905284,0.99988124172));
#14379 = CARTESIAN_POINT('',(0.646548665156,0.999895940661));
#14380 = CARTESIAN_POINT('',(0.640680421308,0.999912512057));
#14381 = CARTESIAN_POINT('',(0.634812174252,0.99993102613));
#14382 = CARTESIAN_POINT('',(0.628943924562,0.999951553101));
#14383 = CARTESIAN_POINT('',(0.625031756788,0.999966626495));
#14384 = CARTESIAN_POINT('',(0.623075672679,0.999974522083));
#14385 = ( GEOMETRIC_REPRESENTATION_CONTEXT(2) 
PARAMETRIC_REPRESENTATION_CONTEXT() REPRESENTATION_CONTEXT('2D SPACE',''
  ) );
#14386 = ORIENTED_EDGE('',*,*,#14387,.F.);
#14387 = EDGE_CURVE('',#14388,#14320,#14390,.T.);
#14388 = VERTEX_POINT('',#14389);
#14389 = CARTESIAN_POINT('',(-2.177082797404,-1.56017377643,7.2));
#14390 = SURFACE_CURVE('',#14391,(#14397,#14426),.PCURVE_S1.);
#14391 = B_SPLINE_CURVE_WITH_KNOTS('',3,(#14392,#14393,#14394,#14395,
    #14396),.UNSPECIFIED.,.F.,.F.,(4,1,4),(0.,4.234247317974E-02,1.),
  .UNSPECIFIED.);
#14392 = CARTESIAN_POINT('',(-2.177082797404,-1.56017377643,7.2));
#14393 = CARTESIAN_POINT('',(-2.177969235387,-1.55954998277,
    7.201035833359));
#14394 = CARTESIAN_POINT('',(-2.258937896583,-1.501866626244,
    7.201035833359));
#14395 = CARTESIAN_POINT('',(-2.337622627741,-1.437004955332,
    7.201035833359));
#14396 = CARTESIAN_POINT('',(-2.410780729423,-1.369393612327,
    7.199999999937));
#14397 = PCURVE('',#11372,#14398);
#14398 = DEFINITIONAL_REPRESENTATION('',(#14399),#14425);
#14399 = B_SPLINE_CURVE_WITH_KNOTS('',3,(#14400,#14401,#14402,#14403,
    #14404,#14405,#14406,#14407,#14408,#14409,#14410,#14411,#14412,
    #14413,#14414,#14415,#14416,#14417,#14418,#14419,#14420,#14421,
    #14422,#14423,#14424),.UNSPECIFIED.,.F.,.F.,(4,1,1,1,1,1,1,1,1,1,1,1
    ,1,1,1,1,1,1,1,1,1,1,4),(0.,4.545454545455E-02,9.090909090909E-02,
    0.136363636364,0.181818181818,0.227272727273,0.272727272727,
    0.318181818182,0.363636363636,0.409090909091,0.454545454545,0.5,
    0.545454545455,0.590909090909,0.636363636364,0.681818181818,
    0.727272727273,0.772727272727,0.818181818182,0.863636363636,
    0.909090909091,0.954545454545,1.),.QUASI_UNIFORM_KNOTS.);
#14400 = CARTESIAN_POINT('',(1.65213124576E-07,0.766391454778));
#14401 = CARTESIAN_POINT('',(3.907921113484E-04,0.76651131336));
#14402 = CARTESIAN_POINT('',(7.550333285252E-04,0.766847001668));
#14403 = CARTESIAN_POINT('',(6.094360222056E-04,0.767511177271));
#14404 = CARTESIAN_POINT('',(6.48794105785E-04,0.768136440661));
#14405 = CARTESIAN_POINT('',(6.375963943518E-04,0.768776234186));
#14406 = CARTESIAN_POINT('',(6.384076495858E-04,0.769416207654));
#14407 = CARTESIAN_POINT('',(6.33925855772E-04,0.77006017389));
#14408 = CARTESIAN_POINT('',(6.28251718537E-04,0.770707077092));
#14409 = CARTESIAN_POINT('',(6.197536314639E-04,0.77135716422));
#14410 = CARTESIAN_POINT('',(6.083385292982E-04,0.772010331463));
#14411 = CARTESIAN_POINT('',(5.935037074756E-04,0.772666567389));
#14412 = CARTESIAN_POINT('',(5.748588701414E-04,0.773325834295));
#14413 = CARTESIAN_POINT('',(5.519862783097E-04,0.773988100093));
#14414 = CARTESIAN_POINT('',(5.244782494946E-04,0.774653329856));
#14415 = CARTESIAN_POINT('',(4.91927132211E-04,0.775321488184));
#14416 = CARTESIAN_POINT('',(4.539280108321E-04,0.775992538662));
#14417 = CARTESIAN_POINT('',(4.100779961193E-04,0.776666444098));
#14418 = CARTESIAN_POINT('',(3.599764254407E-04,0.777343166555));
#14419 = CARTESIAN_POINT('',(3.032248222418E-04,0.77802266743));
#14420 = CARTESIAN_POINT('',(2.394268935336E-04,0.778704907525));
#14421 = CARTESIAN_POINT('',(1.681886020873E-04,0.779389847099));
#14422 = CARTESIAN_POINT('',(8.911788909268E-05,0.780077445978));
#14423 = CARTESIAN_POINT('',(3.092310248616E-05,0.780537590949));
#14424 = CARTESIAN_POINT('',(3.90480305234E-07,0.780768093103));
#14425 = ( GEOMETRIC_REPRESENTATION_CONTEXT(2) 
PARAMETRIC_REPRESENTATION_CONTEXT() REPRESENTATION_CONTEXT('2D SPACE',''
  ) );
#14426 = PCURVE('',#11317,#14427);
#14427 = DEFINITIONAL_REPRESENTATION('',(#14428),#14454);
#14428 = B_SPLINE_CURVE_WITH_KNOTS('',3,(#14429,#14430,#14431,#14432,
    #14433,#14434,#14435,#14436,#14437,#14438,#14439,#14440,#14441,
    #14442,#14443,#14444,#14445,#14446,#14447,#14448,#14449,#14450,
    #14451,#14452,#14453),.UNSPECIFIED.,.F.,.F.,(4,1,1,1,1,1,1,1,1,1,1,1
    ,1,1,1,1,1,1,1,1,1,1,4),(0.,4.545454545455E-02,9.090909090909E-02,
    0.136363636364,0.181818181818,0.227272727273,0.272727272727,
    0.318181818182,0.363636363636,0.409090909091,0.454545454545,0.5,
    0.545454545455,0.590909090909,0.636363636364,0.681818181818,
    0.727272727273,0.772727272727,0.818181818182,0.863636363636,
    0.909090909091,0.954545454545,1.),.QUASI_UNIFORM_KNOTS.);
#14429 = CARTESIAN_POINT('',(0.811619512365,0.999849901756));
#14430 = CARTESIAN_POINT('',(0.811093823092,0.999941622462));
#14431 = CARTESIAN_POINT('',(0.809631686626,1.000027093761));
#14432 = CARTESIAN_POINT('',(0.806757143682,0.999992738113));
#14433 = CARTESIAN_POINT('',(0.804065164929,1.000001836321));
#14434 = CARTESIAN_POINT('',(0.801324268554,0.99999906434));
#14435 = CARTESIAN_POINT('',(0.798596480022,0.999999124097));
#14436 = CARTESIAN_POINT('',(0.795865179722,0.99999795412));
#14437 = CARTESIAN_POINT('',(0.793134820884,0.999996520573));
#14438 = CARTESIAN_POINT('',(0.790404210252,0.999994442469));
#14439 = CARTESIAN_POINT('',(0.787673667503,0.999991699789));
#14440 = CARTESIAN_POINT('',(0.784943106887,0.999988175792));
#14441 = CARTESIAN_POINT('',(0.782212551257,0.999983779656));
#14442 = CARTESIAN_POINT('',(0.779481994329,0.999978413613));
#14443 = CARTESIAN_POINT('',(0.776751437598,0.999971981755));
#14444 = CARTESIAN_POINT('',(0.77402088044,0.999964387676));
#14445 = CARTESIAN_POINT('',(0.771290322774,0.999955535105));
#14446 = CARTESIAN_POINT('',(0.768559764341,0.999945327732));
#14447 = CARTESIAN_POINT('',(0.765829204904,0.999933669261));
#14448 = CARTESIAN_POINT('',(0.763098644195,0.99992046339));
#14449 = CARTESIAN_POINT('',(0.760368081929,0.999905613818));
#14450 = CARTESIAN_POINT('',(0.757637517801,0.999889024246));
#14451 = CARTESIAN_POINT('',(0.75490695149,0.999870598373));
#14452 = CARTESIAN_POINT('',(0.753086572263,0.999857026056));
#14453 = CARTESIAN_POINT('',(0.752176382173,0.999849901747));
#14454 = ( GEOMETRIC_REPRESENTATION_CONTEXT(2) 
PARAMETRIC_REPRESENTATION_CONTEXT() REPRESENTATION_CONTEXT('2D SPACE',''
  ) );
#14455 = ORIENTED_EDGE('',*,*,#14456,.F.);
#14456 = EDGE_CURVE('',#13608,#14388,#14457,.T.);
#14457 = SURFACE_CURVE('',#14458,(#14463,#14492),.PCURVE_S1.);
#14458 = B_SPLINE_CURVE_WITH_KNOTS('',3,(#14459,#14460,#14461,#14462),
  .UNSPECIFIED.,.F.,.F.,(4,4),(0.,0.187751738379),
  .PIECEWISE_BEZIER_KNOTS.);
#14459 = CARTESIAN_POINT('',(-1.35,-1.85,7.2));
#14460 = CARTESIAN_POINT('',(-1.645533564579,-1.85,7.2));
#14461 = CARTESIAN_POINT('',(-1.921174924431,-1.741306872722,7.2));
#14462 = CARTESIAN_POINT('',(-2.177082797404,-1.56017377643,7.2));
#14463 = PCURVE('',#11372,#14464);
#14464 = DEFINITIONAL_REPRESENTATION('',(#14465),#14491);
#14465 = B_SPLINE_CURVE_WITH_KNOTS('',3,(#14466,#14467,#14468,#14469,
    #14470,#14471,#14472,#14473,#14474,#14475,#14476,#14477,#14478,
    #14479,#14480,#14481,#14482,#14483,#14484,#14485,#14486,#14487,
    #14488,#14489,#14490),.UNSPECIFIED.,.F.,.F.,(4,1,1,1,1,1,1,1,1,1,1,1
    ,1,1,1,1,1,1,1,1,1,1,4),(0.,8.534169926302E-03,1.70683398526E-02,
    2.560250977891E-02,3.413667970521E-02,4.267084963151E-02,
    5.120501955781E-02,5.973918948412E-02,6.827335941042E-02,
    7.680752933672E-02,8.534169926302E-02,9.387586918933E-02,
    0.102410039116,0.110944209042,0.119478378968,0.128012548895,
    0.136546718821,0.145080888747,0.153615058673,0.1621492286,
    0.170683398526,0.179217568452,0.187751738379),
  .QUASI_UNIFORM_KNOTS.);
#14466 = CARTESIAN_POINT('',(0.,0.732746488562));
#14467 = CARTESIAN_POINT('',(-3.254400984784E-06,0.733094819144));
#14468 = CARTESIAN_POINT('',(-5.636433140499E-06,0.733790601188));
#14469 = CARTESIAN_POINT('',(-2.778021930965E-06,0.734860967941));
#14470 = CARTESIAN_POINT('',(-4.97008364384E-06,0.736004255055));
#14471 = CARTESIAN_POINT('',(-4.328762359912E-06,0.737207554534));
#14472 = CARTESIAN_POINT('',(-4.444460257985E-06,0.738455035438));
#14473 = CARTESIAN_POINT('',(-4.356226544127E-06,0.739749620326));
#14474 = CARTESIAN_POINT('',(-4.322060817057E-06,0.741090856252));
#14475 = CARTESIAN_POINT('',(-4.273450702093E-06,0.742477812447));
#14476 = CARTESIAN_POINT('',(-4.229149864657E-06,0.743911171663));
#14477 = CARTESIAN_POINT('',(-4.184538551542E-06,0.74539105049));
#14478 = CARTESIAN_POINT('',(-4.141184957983E-06,0.746916727011));
#14479 = CARTESIAN_POINT('',(-4.099517313761E-06,0.748486778304));
#14480 = CARTESIAN_POINT('',(-4.058539711777E-06,0.750098588243));
#14481 = CARTESIAN_POINT('',(-4.024221515687E-06,0.75175042812));
#14482 = CARTESIAN_POINT('',(-3.974906832649E-06,0.753442941497));
#14483 = CARTESIAN_POINT('',(-3.990821507261E-06,0.755175920568));
#14484 = CARTESIAN_POINT('',(-3.772153830769E-06,0.756948956062));
#14485 = CARTESIAN_POINT('',(-4.437320339182E-06,0.758761172289));
#14486 = CARTESIAN_POINT('',(-1.811823831321E-06,0.760611791346));
#14487 = CARTESIAN_POINT('',(5.421819189947E-08,0.762500134336));
#14488 = CARTESIAN_POINT('',(5.423182533749E-07,0.764425205323));
#14489 = CARTESIAN_POINT('',(3.493065307613E-07,0.76573222953));
#14490 = CARTESIAN_POINT('',(1.65213124449E-07,0.766391454778));
#14491 = ( GEOMETRIC_REPRESENTATION_CONTEXT(2) 
PARAMETRIC_REPRESENTATION_CONTEXT() REPRESENTATION_CONTEXT('2D SPACE',''
  ) );
#14492 = PCURVE('',#11317,#14493);
#14493 = DEFINITIONAL_REPRESENTATION('',(#14494),#14520);
#14494 = B_SPLINE_CURVE_WITH_KNOTS('',3,(#14495,#14496,#14497,#14498,
    #14499,#14500,#14501,#14502,#14503,#14504,#14505,#14506,#14507,
    #14508,#14509,#14510,#14511,#14512,#14513,#14514,#14515,#14516,
    #14517,#14518,#14519),.UNSPECIFIED.,.F.,.F.,(4,1,1,1,1,1,1,1,1,1,1,1
    ,1,1,1,1,1,1,1,1,1,1,4),(0.,8.534169926302E-03,1.70683398526E-02,
    2.560250977891E-02,3.413667970521E-02,4.267084963151E-02,
    5.120501955781E-02,5.973918948412E-02,6.827335941042E-02,
    7.680752933672E-02,8.534169926302E-02,9.387586918933E-02,
    0.102410039116,0.110944209042,0.119478378968,0.128012548895,
    0.136546718821,0.145080888747,0.153615058673,0.1621492286,
    0.170683398526,0.179217568452,0.187751738379),
  .QUASI_UNIFORM_KNOTS.);
#14495 = CARTESIAN_POINT('',(1.,0.999849901756));
#14496 = CARTESIAN_POINT('',(0.997155274315,0.999849901756));
#14497 = CARTESIAN_POINT('',(0.991465832146,0.999849901756));
#14498 = CARTESIAN_POINT('',(0.982931344094,0.999849901756));
#14499 = CARTESIAN_POINT('',(0.974396188423,0.999849901756));
#14500 = CARTESIAN_POINT('',(0.965859988753,0.999849901756));
#14501 = CARTESIAN_POINT('',(0.957322355864,0.999849901756));
#14502 = CARTESIAN_POINT('',(0.948782891367,0.999849901756));
#14503 = CARTESIAN_POINT('',(0.940241195607,0.999849901756));
#14504 = CARTESIAN_POINT('',(0.931696873736,0.999849901756));
#14505 = CARTESIAN_POINT('',(0.923149541293,0.999849901756));
#14506 = CARTESIAN_POINT('',(0.914598828751,0.999849901756));
#14507 = CARTESIAN_POINT('',(0.906044385058,0.999849901756));
#14508 = CARTESIAN_POINT('',(0.897485880143,0.999849901756));
#14509 = CARTESIAN_POINT('',(0.888923006422,0.999849901756));
#14510 = CARTESIAN_POINT('',(0.880355479418,0.999849901756));
#14511 = CARTESIAN_POINT('',(0.871783037565,0.999849901756));
#14512 = CARTESIAN_POINT('',(0.863205441368,0.999849901756));
#14513 = CARTESIAN_POINT('',(0.854622472015,0.999849901756));
#14514 = CARTESIAN_POINT('',(0.846033929614,0.999849901756));
#14515 = CARTESIAN_POINT('',(0.837439631055,0.999849901756));
#14516 = CARTESIAN_POINT('',(0.828839408055,0.999849901756));
#14517 = CARTESIAN_POINT('',(0.820233103796,0.999849901756));
#14518 = CARTESIAN_POINT('',(0.814491417576,0.999849901756));
#14519 = CARTESIAN_POINT('',(0.811619512365,0.999849901756));
#14520 = ( GEOMETRIC_REPRESENTATION_CONTEXT(2) 
PARAMETRIC_REPRESENTATION_CONTEXT() REPRESENTATION_CONTEXT('2D SPACE',''
  ) );
#14521 = ORIENTED_EDGE('',*,*,#13756,.T.);
#14522 = ORIENTED_EDGE('',*,*,#14009,.T.);
#14523 = ADVANCED_FACE('',(#14524),#11317,.T.);
#14524 = FACE_BOUND('',#14525,.T.);
#14525 = EDGE_LOOP('',(#14526,#14527,#14618,#14619,#14620,#14621,#14622,
    #14623,#14624,#14625));
#14526 = ORIENTED_EDGE('',*,*,#11301,.F.);
#14527 = ORIENTED_EDGE('',*,*,#14528,.F.);
#14528 = EDGE_CURVE('',#12903,#11279,#14529,.T.);
#14529 = SURFACE_CURVE('',#14530,(#14547,#14598),.PCURVE_S1.);
#14530 = B_SPLINE_CURVE_WITH_KNOTS('',3,(#14531,#14532,#14533,#14534,
    #14535,#14536,#14537,#14538,#14539,#14540,#14541,#14542,#14543,
    #14544,#14545,#14546),.UNSPECIFIED.,.F.,.F.,(4,2,2,2,2,2,2,4),(
    1.065130403155E-03,1.956774924552E-03,2.848419445949E-03,
    3.740063967346E-03,4.185886228044E-03,4.408797358394E-03,
    4.520252923568E-03,4.631708488743E-03),.UNSPECIFIED.);
#14531 = CARTESIAN_POINT('',(-2.319352853658,-1.45,0.3));
#14532 = CARTESIAN_POINT('',(-2.54915868314,-1.25713834481,0.3));
#14533 = CARTESIAN_POINT('',(-2.739415163913,-1.02955840593,0.3));
#14534 = CARTESIAN_POINT('',(-3.082248142299,-0.54132126173,0.3));
#14535 = CARTESIAN_POINT('',(-3.230776776487,-0.283513828499,0.3));
#14536 = CARTESIAN_POINT('',(-3.495918743245,0.243625012062,0.3));
#14537 = CARTESIAN_POINT('',(-3.61314359734,0.514178368388,0.3));
#14538 = CARTESIAN_POINT('',(-3.767023343113,0.930001152183,0.3));
#14539 = CARTESIAN_POINT('',(-3.814684486795,1.070261697043,0.3));
#14540 = CARTESIAN_POINT('',(-3.877890409855,1.284423331296,0.3));
#14541 = CARTESIAN_POINT('',(-3.897649788324,1.356597828509,0.3));
#14542 = CARTESIAN_POINT('',(-3.923139631221,1.465508217239,0.3));
#14543 = CARTESIAN_POINT('',(-3.930964445185,1.501939586874,0.3));
#14544 = CARTESIAN_POINT('',(-3.943939717134,1.575311507365,0.3));
#14545 = CARTESIAN_POINT('',(-3.95,1.61207883306,0.3));
#14546 = CARTESIAN_POINT('',(-3.95,1.65,0.3));
#14547 = PCURVE('',#11317,#14548);
#14548 = DEFINITIONAL_REPRESENTATION('',(#14549),#14597);
#14549 = B_SPLINE_CURVE_WITH_KNOTS('',3,(#14550,#14551,#14552,#14553,
    #14554,#14555,#14556,#14557,#14558,#14559,#14560,#14561,#14562,
    #14563,#14564,#14565,#14566,#14567,#14568,#14569,#14570,#14571,
    #14572,#14573,#14574,#14575,#14576,#14577,#14578,#14579,#14580,
    #14581,#14582,#14583,#14584,#14585,#14586,#14587,#14588,#14589,
    #14590,#14591,#14592,#14593,#14594,#14595,#14596),.UNSPECIFIED.,.F.,
  .F.,(4,1,1,1,1,1,1,1,1,1,1,1,1,1,1,1,1,1,1,1,1,1,1,1,1,1,1,1,1,1,1,1,1
    ,1,1,1,1,1,1,1,1,1,1,1,4),(1.065130403155E-03,1.146188996009E-03,
    1.227247588864E-03,1.308306181718E-03,1.389364774572E-03,
    1.470423367426E-03,1.551481960281E-03,1.632540553135E-03,
    1.713599145989E-03,1.794657738843E-03,1.875716331698E-03,
    1.956774924552E-03,2.037833517406E-03,2.11889211026E-03,
    2.199950703115E-03,2.281009295969E-03,2.362067888823E-03,
    2.443126481678E-03,2.524185074532E-03,2.605243667386E-03,
    2.68630226024E-03,2.767360853095E-03,2.848419445949E-03,
    2.929478038803E-03,3.010536631657E-03,3.091595224512E-03,
    3.172653817366E-03,3.25371241022E-03,3.334771003074E-03,
    3.415829595929E-03,3.496888188783E-03,3.577946781637E-03,
    3.659005374492E-03,3.740063967346E-03,3.8211225602E-03,
    3.902181153054E-03,3.983239745909E-03,4.064298338763E-03,
    4.145356931617E-03,4.226415524471E-03,4.307474117326E-03,
    4.38853271018E-03,4.469591303034E-03,4.550649895888E-03,
    4.631708488743E-03),.QUASI_UNIFORM_KNOTS.);
#14550 = CARTESIAN_POINT('',(0.775851388589,0.));
#14551 = CARTESIAN_POINT('',(0.770506335851,0.));
#14552 = CARTESIAN_POINT('',(0.759907872969,5.780286065658E-20));
#14553 = CARTESIAN_POINT('',(0.744256413557,-2.02310012298E-19));
#14554 = CARTESIAN_POINT('',(0.728821922678,7.514371885356E-19));
#14555 = CARTESIAN_POINT('',(0.713577141241,-2.803438741844E-18));
#14556 = CARTESIAN_POINT('',(0.69849658494,1.046231777884E-17));
#14557 = CARTESIAN_POINT('',(0.683556800649,-3.904583237352E-17));
#14558 = CARTESIAN_POINT('',(0.668736244858,1.457210117152E-16));
#14559 = CARTESIAN_POINT('',(0.654015410671,-1.577316468008E-16));
#14560 = CARTESIAN_POINT('',(0.63937587563,9.909900780153E-17));
#14561 = CARTESIAN_POINT('',(0.624803159906,-2.386643844053E-16));
#14562 = CARTESIAN_POINT('',(0.610275296172,8.33453944463E-17));
#14563 = CARTESIAN_POINT('',(0.595804698661,-9.471719337994E-17));
#14564 = CARTESIAN_POINT('',(0.581402881551,-3.363404774603E-17));
#14565 = CARTESIAN_POINT('',(0.567048555166,-4.295490158832E-17));
#14566 = CARTESIAN_POINT('',(0.552729608937,-9.805490985962E-18));
#14567 = CARTESIAN_POINT('',(0.53843177481,-7.6133138686E-17));
#14568 = CARTESIAN_POINT('',(0.524141554037,2.129771823789E-16));
#14569 = CARTESIAN_POINT('',(0.509845326789,-4.79741779403E-17));
#14570 = CARTESIAN_POINT('',(0.49552939476,-8.543052234525E-18));
#14571 = CARTESIAN_POINT('',(0.481180039397,1.516329461287E-16));
#14572 = CARTESIAN_POINT('',(0.466782510857,-8.544646447618E-17));
#14573 = CARTESIAN_POINT('',(0.452324194092,-1.256881492608E-17));
#14574 = CARTESIAN_POINT('',(0.437782034366,-1.005086165451E-17));
#14575 = CARTESIAN_POINT('',(0.423128382564,5.277226154411E-17));
#14576 = CARTESIAN_POINT('',(0.408343750074,-5.526559868691E-17));
#14577 = CARTESIAN_POINT('',(0.393404059277,7.372873718695E-17));
#14578 = CARTESIAN_POINT('',(0.37828353691,-1.884381602425E-16));
#14579 = CARTESIAN_POINT('',(0.362953283486,1.047945440632E-16));
#14580 = CARTESIAN_POINT('',(0.347380825324,1.120163454782E-16));
#14581 = CARTESIAN_POINT('',(0.331529166937,-6.43309786526E-17));
#14582 = CARTESIAN_POINT('',(0.315355647227,7.395966917386E-18));
#14583 = CARTESIAN_POINT('',(0.298810402909,4.260809460326E-17));
#14584 = CARTESIAN_POINT('',(0.281834229283,-2.419477587522E-17));
#14585 = CARTESIAN_POINT('',(0.26435581578,-3.252940349878E-17));
#14586 = CARTESIAN_POINT('',(0.246285881929,1.543123898703E-16));
#14587 = CARTESIAN_POINT('',(0.227511235587,-1.119131758996E-16));
#14588 = CARTESIAN_POINT('',(0.207885693405,8.06345708342E-17));
#14589 = CARTESIAN_POINT('',(0.187211745727,4.947612975197E-17));
#14590 = CARTESIAN_POINT('',(0.1652224402,6.826255974349E-17));
#14591 = CARTESIAN_POINT('',(0.141477816916,1.109756932561E-16));
#14592 = CARTESIAN_POINT('',(0.115523992873,8.037141610661E-18));
#14593 = CARTESIAN_POINT('',(8.602049210393E-02,7.767205938947E-17));
#14594 = CARTESIAN_POINT('',(5.22128571777E-02,-1.122864768397E-17));
#14595 = CARTESIAN_POINT('',(1.988392660359E-02,-2.018747753413E-17));
#14596 = CARTESIAN_POINT('',(0.,0.));
#14597 = ( GEOMETRIC_REPRESENTATION_CONTEXT(2) 
PARAMETRIC_REPRESENTATION_CONTEXT() REPRESENTATION_CONTEXT('2D SPACE',''
  ) );
#14598 = PCURVE('',#10879,#14599);
#14599 = DEFINITIONAL_REPRESENTATION('',(#14600),#14617);
#14600 = B_SPLINE_CURVE_WITH_KNOTS('',3,(#14601,#14602,#14603,#14604,
    #14605,#14606,#14607,#14608,#14609,#14610,#14611,#14612,#14613,
    #14614,#14615,#14616),.UNSPECIFIED.,.F.,.F.,(4,2,2,2,2,2,2,4),(
    1.065130403155E-03,1.956774924552E-03,2.848419445949E-03,
    3.740063967346E-03,4.185886228044E-03,4.408797358394E-03,
    4.520252923568E-03,4.631708488743E-03),.UNSPECIFIED.);
#14601 = CARTESIAN_POINT('',(-1.193786402244,12.758313616499));
#14602 = CARTESIAN_POINT('',(-1.000924747054,12.988119445981));
#14603 = CARTESIAN_POINT('',(-0.773344808174,13.178375926754));
#14604 = CARTESIAN_POINT('',(-0.285107663973,13.52120890514));
#14605 = CARTESIAN_POINT('',(-2.730023074273E-02,13.669737539328));
#14606 = CARTESIAN_POINT('',(0.499838609818,13.934879506085));
#14607 = CARTESIAN_POINT('',(0.770391966145,14.05210436018));
#14608 = CARTESIAN_POINT('',(1.18621474994,14.205984105954));
#14609 = CARTESIAN_POINT('',(1.326475294799,14.253645249636));
#14610 = CARTESIAN_POINT('',(1.540636929052,14.316851172695));
#14611 = CARTESIAN_POINT('',(1.612811426266,14.336610551165));
#14612 = CARTESIAN_POINT('',(1.721721814995,14.362100394062));
#14613 = CARTESIAN_POINT('',(1.75815318463,14.369925208026));
#14614 = CARTESIAN_POINT('',(1.831525105121,14.382900479975));
#14615 = CARTESIAN_POINT('',(1.868292430817,14.388960762841));
#14616 = CARTESIAN_POINT('',(1.906213597756,14.388960762841));
#14617 = ( GEOMETRIC_REPRESENTATION_CONTEXT(2) 
PARAMETRIC_REPRESENTATION_CONTEXT() REPRESENTATION_CONTEXT('2D SPACE',''
  ) );
#14618 = ORIENTED_EDGE('',*,*,#12924,.F.);
#14619 = ORIENTED_EDGE('',*,*,#13607,.T.);
#14620 = ORIENTED_EDGE('',*,*,#14456,.T.);
#14621 = ORIENTED_EDGE('',*,*,#14387,.T.);
#14622 = ORIENTED_EDGE('',*,*,#14319,.T.);
#14623 = ORIENTED_EDGE('',*,*,#14251,.F.);
#14624 = ORIENTED_EDGE('',*,*,#14179,.F.);
#14625 = ORIENTED_EDGE('',*,*,#14061,.F.);
#14626 = ADVANCED_FACE('',(#14627),#11043,.T.);
#14627 = FACE_BOUND('',#14628,.T.);
#14628 = EDGE_LOOP('',(#14629,#14630,#14651,#14652));
#14629 = ORIENTED_EDGE('',*,*,#11026,.T.);
#14630 = ORIENTED_EDGE('',*,*,#14631,.F.);
#14631 = EDGE_CURVE('',#11232,#10999,#14632,.T.);
#14632 = SURFACE_CURVE('',#14633,(#14637,#14644),.PCURVE_S1.);
#14633 = LINE('',#14634,#14635);
#14634 = CARTESIAN_POINT('',(-4.15,7.65,7.4));
#14635 = VECTOR('',#14636,1.);
#14636 = DIRECTION('',(0.,1.,0.));
#14637 = PCURVE('',#11043,#14638);
#14638 = DEFINITIONAL_REPRESENTATION('',(#14639),#14643);
#14639 = LINE('',#14640,#14641);
#14640 = CARTESIAN_POINT('',(3.14159265359,-7.906213597756));
#14641 = VECTOR('',#14642,1.);
#14642 = DIRECTION('',(0.,-1.));
#14643 = ( GEOMETRIC_REPRESENTATION_CONTEXT(2) 
PARAMETRIC_REPRESENTATION_CONTEXT() REPRESENTATION_CONTEXT('2D SPACE',''
  ) );
#14644 = PCURVE('',#11014,#14645);
#14645 = DEFINITIONAL_REPRESENTATION('',(#14646),#14650);
#14646 = LINE('',#14647,#14648);
#14647 = CARTESIAN_POINT('',(0.,7.4));
#14648 = VECTOR('',#14649,1.);
#14649 = DIRECTION('',(-1.,0.));
#14650 = ( GEOMETRIC_REPRESENTATION_CONTEXT(2) 
PARAMETRIC_REPRESENTATION_CONTEXT() REPRESENTATION_CONTEXT('2D SPACE',''
  ) );
#14651 = ORIENTED_EDGE('',*,*,#11231,.F.);
#14652 = ORIENTED_EDGE('',*,*,#11085,.F.);
#14653 = ADVANCED_FACE('',(#14654),#11014,.T.);
#14654 = FACE_BOUND('',#14655,.T.);
#14655 = EDGE_LOOP('',(#14656,#14657,#14678,#14679));
#14656 = ORIENTED_EDGE('',*,*,#10998,.T.);
#14657 = ORIENTED_EDGE('',*,*,#14658,.F.);
#14658 = EDGE_CURVE('',#11256,#10976,#14659,.T.);
#14659 = SURFACE_CURVE('',#14660,(#14664,#14671),.PCURVE_S1.);
#14660 = LINE('',#14661,#14662);
#14661 = CARTESIAN_POINT('',(-4.15,1.65,0.3));
#14662 = VECTOR('',#14663,1.);
#14663 = DIRECTION('',(0.,1.,0.));
#14664 = PCURVE('',#11014,#14665);
#14665 = DEFINITIONAL_REPRESENTATION('',(#14666),#14670);
#14666 = LINE('',#14667,#14668);
#14667 = CARTESIAN_POINT('',(6.,0.3));
#14668 = VECTOR('',#14669,1.);
#14669 = DIRECTION('',(-1.,0.));
#14670 = ( GEOMETRIC_REPRESENTATION_CONTEXT(2) 
PARAMETRIC_REPRESENTATION_CONTEXT() REPRESENTATION_CONTEXT('2D SPACE',''
  ) );
#14671 = PCURVE('',#10879,#14672);
#14672 = DEFINITIONAL_REPRESENTATION('',(#14673),#14677);
#14673 = LINE('',#14674,#14675);
#14674 = CARTESIAN_POINT('',(1.906213597756,14.588960762841));
#14675 = VECTOR('',#14676,1.);
#14676 = DIRECTION('',(1.,0.));
#14677 = ( GEOMETRIC_REPRESENTATION_CONTEXT(2) 
PARAMETRIC_REPRESENTATION_CONTEXT() REPRESENTATION_CONTEXT('2D SPACE',''
  ) );
#14678 = ORIENTED_EDGE('',*,*,#11255,.T.);
#14679 = ORIENTED_EDGE('',*,*,#14631,.T.);
#14680 = ADVANCED_FACE('',(#14681),#10963,.F.);
#14681 = FACE_BOUND('',#14682,.T.);
#14682 = EDGE_LOOP('',(#14683,#14706,#14707,#14730));
#14683 = ORIENTED_EDGE('',*,*,#14684,.T.);
#14684 = EDGE_CURVE('',#14685,#10948,#14687,.T.);
#14685 = VERTEX_POINT('',#14686);
#14686 = CARTESIAN_POINT('',(2.6,0.75,0.3));
#14687 = SURFACE_CURVE('',#14688,(#14692,#14699),.PCURVE_S1.);
#14688 = LINE('',#14689,#14690);
#14689 = CARTESIAN_POINT('',(2.6,0.75,0.3));
#14690 = VECTOR('',#14691,1.);
#14691 = DIRECTION('',(0.,1.,0.));
#14692 = PCURVE('',#10963,#14693);
#14693 = DEFINITIONAL_REPRESENTATION('',(#14694),#14698);
#14694 = LINE('',#14695,#14696);
#14695 = CARTESIAN_POINT('',(0.,0.3));
#14696 = VECTOR('',#14697,1.);
#14697 = DIRECTION('',(1.,0.));
#14698 = ( GEOMETRIC_REPRESENTATION_CONTEXT(2) 
PARAMETRIC_REPRESENTATION_CONTEXT() REPRESENTATION_CONTEXT('2D SPACE',''
  ) );
#14699 = PCURVE('',#10879,#14700);
#14700 = DEFINITIONAL_REPRESENTATION('',(#14701),#14705);
#14701 = LINE('',#14702,#14703);
#14702 = CARTESIAN_POINT('',(1.006213597756,7.838960762841));
#14703 = VECTOR('',#14704,1.);
#14704 = DIRECTION('',(1.,0.));
#14705 = ( GEOMETRIC_REPRESENTATION_CONTEXT(2) 
PARAMETRIC_REPRESENTATION_CONTEXT() REPRESENTATION_CONTEXT('2D SPACE',''
  ) );
#14706 = ORIENTED_EDGE('',*,*,#10947,.F.);
#14707 = ORIENTED_EDGE('',*,*,#14708,.F.);
#14708 = EDGE_CURVE('',#14709,#10920,#14711,.T.);
#14709 = VERTEX_POINT('',#14710);
#14710 = CARTESIAN_POINT('',(2.6,0.75,-2.6645352591E-15));
#14711 = SURFACE_CURVE('',#14712,(#14716,#14723),.PCURVE_S1.);
#14712 = LINE('',#14713,#14714);
#14713 = CARTESIAN_POINT('',(2.6,0.75,-2.6645352591E-15));
#14714 = VECTOR('',#14715,1.);
#14715 = DIRECTION('',(0.,1.,0.));
#14716 = PCURVE('',#10963,#14717);
#14717 = DEFINITIONAL_REPRESENTATION('',(#14718),#14722);
#14718 = LINE('',#14719,#14720);
#14719 = CARTESIAN_POINT('',(0.,0.));
#14720 = VECTOR('',#14721,1.);
#14721 = DIRECTION('',(1.,0.));
#14722 = ( GEOMETRIC_REPRESENTATION_CONTEXT(2) 
PARAMETRIC_REPRESENTATION_CONTEXT() REPRESENTATION_CONTEXT('2D SPACE',''
  ) );
#14723 = PCURVE('',#10935,#14724);
#14724 = DEFINITIONAL_REPRESENTATION('',(#14725),#14729);
#14725 = LINE('',#14726,#14727);
#14726 = CARTESIAN_POINT('',(14.6,1.));
#14727 = VECTOR('',#14728,1.);
#14728 = DIRECTION('',(-1.,0.));
#14729 = ( GEOMETRIC_REPRESENTATION_CONTEXT(2) 
PARAMETRIC_REPRESENTATION_CONTEXT() REPRESENTATION_CONTEXT('2D SPACE',''
  ) );
#14730 = ORIENTED_EDGE('',*,*,#14731,.T.);
#14731 = EDGE_CURVE('',#14709,#14685,#14732,.T.);
#14732 = SURFACE_CURVE('',#14733,(#14737,#14744),.PCURVE_S1.);
#14733 = LINE('',#14734,#14735);
#14734 = CARTESIAN_POINT('',(2.6,0.75,-2.6645352591E-15));
#14735 = VECTOR('',#14736,1.);
#14736 = DIRECTION('',(0.,0.,1.));
#14737 = PCURVE('',#10963,#14738);
#14738 = DEFINITIONAL_REPRESENTATION('',(#14739),#14743);
#14739 = LINE('',#14740,#14741);
#14740 = CARTESIAN_POINT('',(0.,0.));
#14741 = VECTOR('',#14742,1.);
#14742 = DIRECTION('',(0.,1.));
#14743 = ( GEOMETRIC_REPRESENTATION_CONTEXT(2) 
PARAMETRIC_REPRESENTATION_CONTEXT() REPRESENTATION_CONTEXT('2D SPACE',''
  ) );
#14744 = PCURVE('',#14745,#14750);
#14745 = PLANE('',#14746);
#14746 = AXIS2_PLACEMENT_3D('',#14747,#14748,#14749);
#14747 = CARTESIAN_POINT('',(2.6,0.75,-2.6645352591E-15));
#14748 = DIRECTION('',(0.,1.,0.));
#14749 = DIRECTION('',(-1.,0.,0.));
#14750 = DEFINITIONAL_REPRESENTATION('',(#14751),#14755);
#14751 = LINE('',#14752,#14753);
#14752 = CARTESIAN_POINT('',(0.,0.));
#14753 = VECTOR('',#14754,1.);
#14754 = DIRECTION('',(0.,1.));
#14755 = ( GEOMETRIC_REPRESENTATION_CONTEXT(2) 
PARAMETRIC_REPRESENTATION_CONTEXT() REPRESENTATION_CONTEXT('2D SPACE',''
  ) );
#14756 = ADVANCED_FACE('',(#14757),#14745,.F.);
#14757 = FACE_BOUND('',#14758,.T.);
#14758 = EDGE_LOOP('',(#14759,#14782,#14783,#14806));
#14759 = ORIENTED_EDGE('',*,*,#14760,.T.);
#14760 = EDGE_CURVE('',#14761,#14685,#14763,.T.);
#14761 = VERTEX_POINT('',#14762);
#14762 = CARTESIAN_POINT('',(4.6,0.75,0.3));
#14763 = SURFACE_CURVE('',#14764,(#14768,#14775),.PCURVE_S1.);
#14764 = LINE('',#14765,#14766);
#14765 = CARTESIAN_POINT('',(2.6,0.75,0.3));
#14766 = VECTOR('',#14767,1.);
#14767 = DIRECTION('',(-1.,0.,0.));
#14768 = PCURVE('',#14745,#14769);
#14769 = DEFINITIONAL_REPRESENTATION('',(#14770),#14774);
#14770 = LINE('',#14771,#14772);
#14771 = CARTESIAN_POINT('',(0.,0.3));
#14772 = VECTOR('',#14773,1.);
#14773 = DIRECTION('',(1.,0.));
#14774 = ( GEOMETRIC_REPRESENTATION_CONTEXT(2) 
PARAMETRIC_REPRESENTATION_CONTEXT() REPRESENTATION_CONTEXT('2D SPACE',''
  ) );
#14775 = PCURVE('',#10879,#14776);
#14776 = DEFINITIONAL_REPRESENTATION('',(#14777),#14781);
#14777 = LINE('',#14778,#14779);
#14778 = CARTESIAN_POINT('',(1.006213597756,7.838960762841));
#14779 = VECTOR('',#14780,1.);
#14780 = DIRECTION('',(0.,1.));
#14781 = ( GEOMETRIC_REPRESENTATION_CONTEXT(2) 
PARAMETRIC_REPRESENTATION_CONTEXT() REPRESENTATION_CONTEXT('2D SPACE',''
  ) );
#14782 = ORIENTED_EDGE('',*,*,#14731,.F.);
#14783 = ORIENTED_EDGE('',*,*,#14784,.F.);
#14784 = EDGE_CURVE('',#14785,#14709,#14787,.T.);
#14785 = VERTEX_POINT('',#14786);
#14786 = CARTESIAN_POINT('',(4.6,0.75,-2.6645352591E-15));
#14787 = SURFACE_CURVE('',#14788,(#14792,#14799),.PCURVE_S1.);
#14788 = LINE('',#14789,#14790);
#14789 = CARTESIAN_POINT('',(2.6,0.75,-2.6645352591E-15));
#14790 = VECTOR('',#14791,1.);
#14791 = DIRECTION('',(-1.,0.,0.));
#14792 = PCURVE('',#14745,#14793);
#14793 = DEFINITIONAL_REPRESENTATION('',(#14794),#14798);
#14794 = LINE('',#14795,#14796);
#14795 = CARTESIAN_POINT('',(0.,0.));
#14796 = VECTOR('',#14797,1.);
#14797 = DIRECTION('',(1.,0.));
#14798 = ( GEOMETRIC_REPRESENTATION_CONTEXT(2) 
PARAMETRIC_REPRESENTATION_CONTEXT() REPRESENTATION_CONTEXT('2D SPACE',''
  ) );
#14799 = PCURVE('',#10935,#14800);
#14800 = DEFINITIONAL_REPRESENTATION('',(#14801),#14805);
#14801 = LINE('',#14802,#14803);
#14802 = CARTESIAN_POINT('',(14.6,1.));
#14803 = VECTOR('',#14804,1.);
#14804 = DIRECTION('',(0.,1.));
#14805 = ( GEOMETRIC_REPRESENTATION_CONTEXT(2) 
PARAMETRIC_REPRESENTATION_CONTEXT() REPRESENTATION_CONTEXT('2D SPACE',''
  ) );
#14806 = ORIENTED_EDGE('',*,*,#14807,.T.);
#14807 = EDGE_CURVE('',#14785,#14761,#14808,.T.);
#14808 = SURFACE_CURVE('',#14809,(#14813,#14820),.PCURVE_S1.);
#14809 = LINE('',#14810,#14811);
#14810 = CARTESIAN_POINT('',(4.6,0.75,-2.6645352591E-15));
#14811 = VECTOR('',#14812,1.);
#14812 = DIRECTION('',(0.,0.,1.));
#14813 = PCURVE('',#14745,#14814);
#14814 = DEFINITIONAL_REPRESENTATION('',(#14815),#14819);
#14815 = LINE('',#14816,#14817);
#14816 = CARTESIAN_POINT('',(-2.,0.));
#14817 = VECTOR('',#14818,1.);
#14818 = DIRECTION('',(0.,1.));
#14819 = ( GEOMETRIC_REPRESENTATION_CONTEXT(2) 
PARAMETRIC_REPRESENTATION_CONTEXT() REPRESENTATION_CONTEXT('2D SPACE',''
  ) );
#14820 = PCURVE('',#10907,#14821);
#14821 = DEFINITIONAL_REPRESENTATION('',(#14822),#14826);
#14822 = LINE('',#14823,#14824);
#14823 = CARTESIAN_POINT('',(0.,0.));
#14824 = VECTOR('',#14825,1.);
#14825 = DIRECTION('',(0.,1.));
#14826 = ( GEOMETRIC_REPRESENTATION_CONTEXT(2) 
PARAMETRIC_REPRESENTATION_CONTEXT() REPRESENTATION_CONTEXT('2D SPACE',''
  ) );
#14827 = ADVANCED_FACE('',(#14828),#10935,.T.);
#14828 = FACE_BOUND('',#14829,.T.);
#14829 = EDGE_LOOP('',(#14830,#14851,#14852,#14853));
#14830 = ORIENTED_EDGE('',*,*,#14831,.T.);
#14831 = EDGE_CURVE('',#10892,#14785,#14832,.T.);
#14832 = SURFACE_CURVE('',#14833,(#14837,#14844),.PCURVE_S1.);
#14833 = LINE('',#14834,#14835);
#14834 = CARTESIAN_POINT('',(4.6,0.75,-2.6645352591E-15));
#14835 = VECTOR('',#14836,1.);
#14836 = DIRECTION('',(0.,-1.,-0.));
#14837 = PCURVE('',#10935,#14838);
#14838 = DEFINITIONAL_REPRESENTATION('',(#14839),#14843);
#14839 = LINE('',#14840,#14841);
#14840 = CARTESIAN_POINT('',(14.6,-1.));
#14841 = VECTOR('',#14842,1.);
#14842 = DIRECTION('',(1.,0.));
#14843 = ( GEOMETRIC_REPRESENTATION_CONTEXT(2) 
PARAMETRIC_REPRESENTATION_CONTEXT() REPRESENTATION_CONTEXT('2D SPACE',''
  ) );
#14844 = PCURVE('',#10907,#14845);
#14845 = DEFINITIONAL_REPRESENTATION('',(#14846),#14850);
#14846 = LINE('',#14847,#14848);
#14847 = CARTESIAN_POINT('',(0.,0.));
#14848 = VECTOR('',#14849,1.);
#14849 = DIRECTION('',(1.,0.));
#14850 = ( GEOMETRIC_REPRESENTATION_CONTEXT(2) 
PARAMETRIC_REPRESENTATION_CONTEXT() REPRESENTATION_CONTEXT('2D SPACE',''
  ) );
#14851 = ORIENTED_EDGE('',*,*,#14784,.T.);
#14852 = ORIENTED_EDGE('',*,*,#14708,.T.);
#14853 = ORIENTED_EDGE('',*,*,#10919,.T.);
#14854 = ADVANCED_FACE('',(#14855),#10907,.F.);
#14855 = FACE_BOUND('',#14856,.T.);
#14856 = EDGE_LOOP('',(#14857,#14878,#14879,#14880));
#14857 = ORIENTED_EDGE('',*,*,#14858,.T.);
#14858 = EDGE_CURVE('',#10864,#14761,#14859,.T.);
#14859 = SURFACE_CURVE('',#14860,(#14864,#14871),.PCURVE_S1.);
#14860 = LINE('',#14861,#14862);
#14861 = CARTESIAN_POINT('',(4.6,0.75,0.3));
#14862 = VECTOR('',#14863,1.);
#14863 = DIRECTION('',(0.,-1.,-0.));
#14864 = PCURVE('',#10907,#14865);
#14865 = DEFINITIONAL_REPRESENTATION('',(#14866),#14870);
#14866 = LINE('',#14867,#14868);
#14867 = CARTESIAN_POINT('',(0.,0.3));
#14868 = VECTOR('',#14869,1.);
#14869 = DIRECTION('',(1.,0.));
#14870 = ( GEOMETRIC_REPRESENTATION_CONTEXT(2) 
PARAMETRIC_REPRESENTATION_CONTEXT() REPRESENTATION_CONTEXT('2D SPACE',''
  ) );
#14871 = PCURVE('',#10879,#14872);
#14872 = DEFINITIONAL_REPRESENTATION('',(#14873),#14877);
#14873 = LINE('',#14874,#14875);
#14874 = CARTESIAN_POINT('',(1.006213597756,5.838960762841));
#14875 = VECTOR('',#14876,1.);
#14876 = DIRECTION('',(-1.,-0.));
#14877 = ( GEOMETRIC_REPRESENTATION_CONTEXT(2) 
PARAMETRIC_REPRESENTATION_CONTEXT() REPRESENTATION_CONTEXT('2D SPACE',''
  ) );
#14878 = ORIENTED_EDGE('',*,*,#14807,.F.);
#14879 = ORIENTED_EDGE('',*,*,#14831,.F.);
#14880 = ORIENTED_EDGE('',*,*,#10891,.T.);
#14881 = ADVANCED_FACE('',(#14882),#10879,.F.);
#14882 = FACE_BOUND('',#14883,.T.);
#14883 = EDGE_LOOP('',(#14884,#14885,#14886,#14907,#14908,#14909,#14910,
    #14911,#14912,#14913,#14914,#14915,#14916,#14917,#14918,#14919,
    #14920,#14921,#14922,#14923));
#14884 = ORIENTED_EDGE('',*,*,#14858,.F.);
#14885 = ORIENTED_EDGE('',*,*,#10863,.T.);
#14886 = ORIENTED_EDGE('',*,*,#14887,.T.);
#14887 = EDGE_CURVE('',#10836,#11161,#14888,.T.);
#14888 = SURFACE_CURVE('',#14889,(#14893,#14900),.PCURVE_S1.);
#14889 = LINE('',#14890,#14891);
#14890 = CARTESIAN_POINT('',(11.35,7.65,0.3));
#14891 = VECTOR('',#14892,1.);
#14892 = DIRECTION('',(0.,-1.,0.));
#14893 = PCURVE('',#10879,#14894);
#14894 = DEFINITIONAL_REPRESENTATION('',(#14895),#14899);
#14895 = LINE('',#14896,#14897);
#14896 = CARTESIAN_POINT('',(7.906213597756,-0.911039237159));
#14897 = VECTOR('',#14898,1.);
#14898 = DIRECTION('',(-1.,0.));
#14899 = ( GEOMETRIC_REPRESENTATION_CONTEXT(2) 
PARAMETRIC_REPRESENTATION_CONTEXT() REPRESENTATION_CONTEXT('2D SPACE',''
  ) );
#14900 = PCURVE('',#10851,#14901);
#14901 = DEFINITIONAL_REPRESENTATION('',(#14902),#14906);
#14902 = LINE('',#14903,#14904);
#14903 = CARTESIAN_POINT('',(0.,0.3));
#14904 = VECTOR('',#14905,1.);
#14905 = DIRECTION('',(-1.,0.));
#14906 = ( GEOMETRIC_REPRESENTATION_CONTEXT(2) 
PARAMETRIC_REPRESENTATION_CONTEXT() REPRESENTATION_CONTEXT('2D SPACE',''
  ) );
#14907 = ORIENTED_EDGE('',*,*,#11160,.T.);
#14908 = ORIENTED_EDGE('',*,*,#12026,.T.);
#14909 = ORIENTED_EDGE('',*,*,#12978,.F.);
#14910 = ORIENTED_EDGE('',*,*,#13580,.F.);
#14911 = ORIENTED_EDGE('',*,*,#13313,.F.);
#14912 = ORIENTED_EDGE('',*,*,#13342,.F.);
#14913 = ORIENTED_EDGE('',*,*,#13109,.F.);
#14914 = ORIENTED_EDGE('',*,*,#13369,.F.);
#14915 = ORIENTED_EDGE('',*,*,#13497,.F.);
#14916 = ORIENTED_EDGE('',*,*,#13553,.F.);
#14917 = ORIENTED_EDGE('',*,*,#13002,.F.);
#14918 = ORIENTED_EDGE('',*,*,#14528,.T.);
#14919 = ORIENTED_EDGE('',*,*,#11278,.T.);
#14920 = ORIENTED_EDGE('',*,*,#14658,.T.);
#14921 = ORIENTED_EDGE('',*,*,#10975,.T.);
#14922 = ORIENTED_EDGE('',*,*,#14684,.F.);
#14923 = ORIENTED_EDGE('',*,*,#14760,.F.);
#14924 = ADVANCED_FACE('',(#14925),#10851,.T.);
#14925 = FACE_BOUND('',#14926,.T.);
#14926 = EDGE_LOOP('',(#14927,#14928,#14949,#14950));
#14927 = ORIENTED_EDGE('',*,*,#10835,.T.);
#14928 = ORIENTED_EDGE('',*,*,#14929,.T.);
#14929 = EDGE_CURVE('',#10805,#11186,#14930,.T.);
#14930 = SURFACE_CURVE('',#14931,(#14935,#14942),.PCURVE_S1.);
#14931 = LINE('',#14932,#14933);
#14932 = CARTESIAN_POINT('',(11.35,7.65,7.4));
#14933 = VECTOR('',#14934,1.);
#14934 = DIRECTION('',(0.,-1.,-0.));
#14935 = PCURVE('',#10851,#14936);
#14936 = DEFINITIONAL_REPRESENTATION('',(#14937),#14941);
#14937 = LINE('',#14938,#14939);
#14938 = CARTESIAN_POINT('',(0.,7.4));
#14939 = VECTOR('',#14940,1.);
#14940 = DIRECTION('',(-1.,0.));
#14941 = ( GEOMETRIC_REPRESENTATION_CONTEXT(2) 
PARAMETRIC_REPRESENTATION_CONTEXT() REPRESENTATION_CONTEXT('2D SPACE',''
  ) );
#14942 = PCURVE('',#10823,#14943);
#14943 = DEFINITIONAL_REPRESENTATION('',(#14944),#14948);
#14944 = LINE('',#14945,#14946);
#14945 = CARTESIAN_POINT('',(3.14159265359,7.906213597756));
#14946 = VECTOR('',#14947,1.);
#14947 = DIRECTION('',(0.,-1.));
#14948 = ( GEOMETRIC_REPRESENTATION_CONTEXT(2) 
PARAMETRIC_REPRESENTATION_CONTEXT() REPRESENTATION_CONTEXT('2D SPACE',''
  ) );
#14949 = ORIENTED_EDGE('',*,*,#11185,.F.);
#14950 = ORIENTED_EDGE('',*,*,#14887,.F.);
#14951 = ADVANCED_FACE('',(#14952),#10823,.T.);
#14952 = FACE_BOUND('',#14953,.T.);
#14953 = EDGE_LOOP('',(#14954,#14955,#14956,#14957));
#14954 = ORIENTED_EDGE('',*,*,#10804,.T.);
#14955 = ORIENTED_EDGE('',*,*,#11136,.F.);
#14956 = ORIENTED_EDGE('',*,*,#11208,.F.);
#14957 = ORIENTED_EDGE('',*,*,#14929,.F.);
#14958 = ADVANCED_FACE('',(#14959),#10540,.T.);
#14959 = FACE_BOUND('',#14960,.T.);
#14960 = EDGE_LOOP('',(#14961,#14962,#14963,#14964));
#14961 = ORIENTED_EDGE('',*,*,#10688,.F.);
#14962 = ORIENTED_EDGE('',*,*,#10663,.F.);
#14963 = ORIENTED_EDGE('',*,*,#10524,.T.);
#14964 = ORIENTED_EDGE('',*,*,#14965,.T.);
#14965 = EDGE_CURVE('',#10496,#10689,#14966,.T.);
#14966 = SURFACE_CURVE('',#14967,(#14971,#14978),.PCURVE_S1.);
#14967 = LINE('',#14968,#14969);
#14968 = CARTESIAN_POINT('',(-3.15,2.3,8.3));
#14969 = VECTOR('',#14970,1.);
#14970 = DIRECTION('',(0.,-1.,-0.));
#14971 = PCURVE('',#10540,#14972);
#14972 = DEFINITIONAL_REPRESENTATION('',(#14973),#14977);
#14973 = LINE('',#14974,#14975);
#14974 = CARTESIAN_POINT('',(0.,0.));
#14975 = VECTOR('',#14976,1.);
#14976 = DIRECTION('',(0.,-1.));
#14977 = ( GEOMETRIC_REPRESENTATION_CONTEXT(2) 
PARAMETRIC_REPRESENTATION_CONTEXT() REPRESENTATION_CONTEXT('2D SPACE',''
  ) );
#14978 = PCURVE('',#10512,#14979);
#14979 = DEFINITIONAL_REPRESENTATION('',(#14980),#14984);
#14980 = LINE('',#14981,#14982);
#14981 = CARTESIAN_POINT('',(1.570796326795,0.));
#14982 = VECTOR('',#14983,1.);
#14983 = DIRECTION('',(0.,1.));
#14984 = ( GEOMETRIC_REPRESENTATION_CONTEXT(2) 
PARAMETRIC_REPRESENTATION_CONTEXT() REPRESENTATION_CONTEXT('2D SPACE',''
  ) );
#14985 = ADVANCED_FACE('',(#14986),#10512,.T.);
#14986 = FACE_BOUND('',#14987,.T.);
#14987 = EDGE_LOOP('',(#14988,#14989,#14990,#14991));
#14988 = ORIENTED_EDGE('',*,*,#10711,.F.);
#14989 = ORIENTED_EDGE('',*,*,#14965,.F.);
#14990 = ORIENTED_EDGE('',*,*,#10495,.T.);
#14991 = ORIENTED_EDGE('',*,*,#14992,.T.);
#14992 = EDGE_CURVE('',#10468,#10712,#14993,.T.);
#14993 = SURFACE_CURVE('',#14994,(#14998,#15005),.PCURVE_S1.);
#14994 = LINE('',#14995,#14996);
#14995 = CARTESIAN_POINT('',(-4.05,2.3,7.4));
#14996 = VECTOR('',#14997,1.);
#14997 = DIRECTION('',(0.,-1.,-0.));
#14998 = PCURVE('',#10512,#14999);
#14999 = DEFINITIONAL_REPRESENTATION('',(#15000),#15004);
#15000 = LINE('',#15001,#15002);
#15001 = CARTESIAN_POINT('',(3.14159265359,0.));
#15002 = VECTOR('',#15003,1.);
#15003 = DIRECTION('',(0.,1.));
#15004 = ( GEOMETRIC_REPRESENTATION_CONTEXT(2) 
PARAMETRIC_REPRESENTATION_CONTEXT() REPRESENTATION_CONTEXT('2D SPACE',''
  ) );
#15005 = PCURVE('',#10483,#15006);
#15006 = DEFINITIONAL_REPRESENTATION('',(#15007),#15011);
#15007 = LINE('',#15008,#15009);
#15008 = CARTESIAN_POINT('',(7.,0.));
#15009 = VECTOR('',#15010,1.);
#15010 = DIRECTION('',(0.,-1.));
#15011 = ( GEOMETRIC_REPRESENTATION_CONTEXT(2) 
PARAMETRIC_REPRESENTATION_CONTEXT() REPRESENTATION_CONTEXT('2D SPACE',''
  ) );
#15012 = ADVANCED_FACE('',(#15013),#10483,.T.);
#15013 = FACE_BOUND('',#15014,.T.);
#15014 = EDGE_LOOP('',(#15015,#15016,#15017,#15018));
#15015 = ORIENTED_EDGE('',*,*,#10735,.F.);
#15016 = ORIENTED_EDGE('',*,*,#14992,.F.);
#15017 = ORIENTED_EDGE('',*,*,#10467,.T.);
#15018 = ORIENTED_EDGE('',*,*,#15019,.T.);
#15019 = EDGE_CURVE('',#10440,#10736,#15020,.T.);
#15020 = SURFACE_CURVE('',#15021,(#15025,#15032),.PCURVE_S1.);
#15021 = LINE('',#15022,#15023);
#15022 = CARTESIAN_POINT('',(-4.05,2.3,0.4));
#15023 = VECTOR('',#15024,1.);
#15024 = DIRECTION('',(0.,-1.,-0.));
#15025 = PCURVE('',#10483,#15026);
#15026 = DEFINITIONAL_REPRESENTATION('',(#15027),#15031);
#15027 = LINE('',#15028,#15029);
#15028 = CARTESIAN_POINT('',(0.,0.));
#15029 = VECTOR('',#15030,1.);
#15030 = DIRECTION('',(0.,-1.));
#15031 = ( GEOMETRIC_REPRESENTATION_CONTEXT(2) 
PARAMETRIC_REPRESENTATION_CONTEXT() REPRESENTATION_CONTEXT('2D SPACE',''
  ) );
#15032 = PCURVE('',#10455,#15033);
#15033 = DEFINITIONAL_REPRESENTATION('',(#15034),#15038);
#15034 = LINE('',#15035,#15036);
#15035 = CARTESIAN_POINT('',(15.3,0.));
#15036 = VECTOR('',#15037,1.);
#15037 = DIRECTION('',(-0.,-1.));
#15038 = ( GEOMETRIC_REPRESENTATION_CONTEXT(2) 
PARAMETRIC_REPRESENTATION_CONTEXT() REPRESENTATION_CONTEXT('2D SPACE',''
  ) );
#15039 = ADVANCED_FACE('',(#15040),#10455,.T.);
#15040 = FACE_BOUND('',#15041,.T.);
#15041 = EDGE_LOOP('',(#15042,#15043,#15044,#15045));
#15042 = ORIENTED_EDGE('',*,*,#10758,.F.);
#15043 = ORIENTED_EDGE('',*,*,#15019,.F.);
#15044 = ORIENTED_EDGE('',*,*,#10439,.T.);
#15045 = ORIENTED_EDGE('',*,*,#15046,.T.);
#15046 = EDGE_CURVE('',#10410,#10759,#15047,.T.);
#15047 = SURFACE_CURVE('',#15048,(#15052,#15059),.PCURVE_S1.);
#15048 = LINE('',#15049,#15050);
#15049 = CARTESIAN_POINT('',(11.25,2.3,0.4));
#15050 = VECTOR('',#15051,1.);
#15051 = DIRECTION('',(0.,-1.,-0.));
#15052 = PCURVE('',#10455,#15053);
#15053 = DEFINITIONAL_REPRESENTATION('',(#15054),#15058);
#15054 = LINE('',#15055,#15056);
#15055 = CARTESIAN_POINT('',(0.,0.));
#15056 = VECTOR('',#15057,1.);
#15057 = DIRECTION('',(-0.,-1.));
#15058 = ( GEOMETRIC_REPRESENTATION_CONTEXT(2) 
PARAMETRIC_REPRESENTATION_CONTEXT() REPRESENTATION_CONTEXT('2D SPACE',''
  ) );
#15059 = PCURVE('',#10427,#15060);
#15060 = DEFINITIONAL_REPRESENTATION('',(#15061),#15065);
#15061 = LINE('',#15062,#15063);
#15062 = CARTESIAN_POINT('',(7.,0.));
#15063 = VECTOR('',#15064,1.);
#15064 = DIRECTION('',(0.,-1.));
#15065 = ( GEOMETRIC_REPRESENTATION_CONTEXT(2) 
PARAMETRIC_REPRESENTATION_CONTEXT() REPRESENTATION_CONTEXT('2D SPACE',''
  ) );
#15066 = ADVANCED_FACE('',(#15067),#10427,.T.);
#15067 = FACE_BOUND('',#15068,.T.);
#15068 = EDGE_LOOP('',(#15069,#15070,#15071,#15072));
#15069 = ORIENTED_EDGE('',*,*,#10781,.F.);
#15070 = ORIENTED_EDGE('',*,*,#15046,.F.);
#15071 = ORIENTED_EDGE('',*,*,#10409,.T.);
#15072 = ORIENTED_EDGE('',*,*,#10641,.T.);
#15073 = ADVANCED_FACE('',(#15074),#6450,.T.);
#15074 = FACE_BOUND('',#15075,.T.);
#15075 = EDGE_LOOP('',(#15076,#15077,#15078,#15079,#15080,#15101));
#15076 = ORIENTED_EDGE('',*,*,#7832,.T.);
#15077 = ORIENTED_EDGE('',*,*,#7977,.T.);
#15078 = ORIENTED_EDGE('',*,*,#10586,.F.);
#15079 = ORIENTED_EDGE('',*,*,#6434,.F.);
#15080 = ORIENTED_EDGE('',*,*,#15081,.F.);
#15081 = EDGE_CURVE('',#7637,#6407,#15082,.T.);
#15082 = SURFACE_CURVE('',#15083,(#15087,#15094),.PCURVE_S1.);
#15083 = LINE('',#15084,#15085);
#15084 = CARTESIAN_POINT('',(11.35,5.,-2.6645352591E-15));
#15085 = VECTOR('',#15086,1.);
#15086 = DIRECTION('',(0.,0.,1.));
#15087 = PCURVE('',#6450,#15088);
#15088 = DEFINITIONAL_REPRESENTATION('',(#15089),#15093);
#15089 = LINE('',#15090,#15091);
#15090 = CARTESIAN_POINT('',(-2.65,-8.881784197001E-16));
#15091 = VECTOR('',#15092,1.);
#15092 = DIRECTION('',(0.,1.));
#15093 = ( GEOMETRIC_REPRESENTATION_CONTEXT(2) 
PARAMETRIC_REPRESENTATION_CONTEXT() REPRESENTATION_CONTEXT('2D SPACE',''
  ) );
#15094 = PCURVE('',#6422,#15095);
#15095 = DEFINITIONAL_REPRESENTATION('',(#15096),#15100);
#15096 = LINE('',#15097,#15098);
#15097 = CARTESIAN_POINT('',(-1.5,0.));
#15098 = VECTOR('',#15099,1.);
#15099 = DIRECTION('',(0.,1.));
#15100 = ( GEOMETRIC_REPRESENTATION_CONTEXT(2) 
PARAMETRIC_REPRESENTATION_CONTEXT() REPRESENTATION_CONTEXT('2D SPACE',''
  ) );
#15101 = ORIENTED_EDGE('',*,*,#7636,.F.);
#15102 = ADVANCED_FACE('',(#15103),#6422,.F.);
#15103 = FACE_BOUND('',#15104,.T.);
#15104 = EDGE_LOOP('',(#15105,#15106,#15127,#15128));
#15105 = ORIENTED_EDGE('',*,*,#6406,.T.);
#15106 = ORIENTED_EDGE('',*,*,#15107,.F.);
#15107 = EDGE_CURVE('',#7660,#6379,#15108,.T.);
#15108 = SURFACE_CURVE('',#15109,(#15113,#15120),.PCURVE_S1.);
#15109 = LINE('',#15110,#15111);
#15110 = CARTESIAN_POINT('',(9.85,5.,-2.6645352591E-15));
#15111 = VECTOR('',#15112,1.);
#15112 = DIRECTION('',(0.,0.,1.));
#15113 = PCURVE('',#6422,#15114);
#15114 = DEFINITIONAL_REPRESENTATION('',(#15115),#15119);
#15115 = LINE('',#15116,#15117);
#15116 = CARTESIAN_POINT('',(0.,0.));
#15117 = VECTOR('',#15118,1.);
#15118 = DIRECTION('',(0.,1.));
#15119 = ( GEOMETRIC_REPRESENTATION_CONTEXT(2) 
PARAMETRIC_REPRESENTATION_CONTEXT() REPRESENTATION_CONTEXT('2D SPACE',''
  ) );
#15120 = PCURVE('',#6394,#15121);
#15121 = DEFINITIONAL_REPRESENTATION('',(#15122),#15126);
#15122 = LINE('',#15123,#15124);
#15123 = CARTESIAN_POINT('',(-2.,0.));
#15124 = VECTOR('',#15125,1.);
#15125 = DIRECTION('',(0.,1.));
#15126 = ( GEOMETRIC_REPRESENTATION_CONTEXT(2) 
PARAMETRIC_REPRESENTATION_CONTEXT() REPRESENTATION_CONTEXT('2D SPACE',''
  ) );
#15127 = ORIENTED_EDGE('',*,*,#7659,.F.);
#15128 = ORIENTED_EDGE('',*,*,#15081,.T.);
#15129 = ADVANCED_FACE('',(#15130),#6394,.F.);
#15130 = FACE_BOUND('',#15131,.T.);
#15131 = EDGE_LOOP('',(#15132,#15133,#15154,#15155));
#15132 = ORIENTED_EDGE('',*,*,#6378,.T.);
#15133 = ORIENTED_EDGE('',*,*,#15134,.F.);
#15134 = EDGE_CURVE('',#7683,#6351,#15135,.T.);
#15135 = SURFACE_CURVE('',#15136,(#15140,#15147),.PCURVE_S1.);
#15136 = LINE('',#15137,#15138);
#15137 = CARTESIAN_POINT('',(9.85,7.,-2.6645352591E-15));
#15138 = VECTOR('',#15139,1.);
#15139 = DIRECTION('',(0.,0.,1.));
#15140 = PCURVE('',#6394,#15141);
#15141 = DEFINITIONAL_REPRESENTATION('',(#15142),#15146);
#15142 = LINE('',#15143,#15144);
#15143 = CARTESIAN_POINT('',(0.,0.));
#15144 = VECTOR('',#15145,1.);
#15145 = DIRECTION('',(0.,1.));
#15146 = ( GEOMETRIC_REPRESENTATION_CONTEXT(2) 
PARAMETRIC_REPRESENTATION_CONTEXT() REPRESENTATION_CONTEXT('2D SPACE',''
  ) );
#15147 = PCURVE('',#6366,#15148);
#15148 = DEFINITIONAL_REPRESENTATION('',(#15149),#15153);
#15149 = LINE('',#15150,#15151);
#15150 = CARTESIAN_POINT('',(-1.5,0.));
#15151 = VECTOR('',#15152,1.);
#15152 = DIRECTION('',(0.,1.));
#15153 = ( GEOMETRIC_REPRESENTATION_CONTEXT(2) 
PARAMETRIC_REPRESENTATION_CONTEXT() REPRESENTATION_CONTEXT('2D SPACE',''
  ) );
#15154 = ORIENTED_EDGE('',*,*,#7682,.F.);
#15155 = ORIENTED_EDGE('',*,*,#15107,.T.);
#15156 = ADVANCED_FACE('',(#15157),#6366,.F.);
#15157 = FACE_BOUND('',#15158,.T.);
#15158 = EDGE_LOOP('',(#15159,#15160,#15181,#15182));
#15159 = ORIENTED_EDGE('',*,*,#6350,.T.);
#15160 = ORIENTED_EDGE('',*,*,#15161,.F.);
#15161 = EDGE_CURVE('',#7706,#6323,#15162,.T.);
#15162 = SURFACE_CURVE('',#15163,(#15167,#15174),.PCURVE_S1.);
#15163 = LINE('',#15164,#15165);
#15164 = CARTESIAN_POINT('',(11.35,7.,-2.6645352591E-15));
#15165 = VECTOR('',#15166,1.);
#15166 = DIRECTION('',(0.,0.,1.));
#15167 = PCURVE('',#6366,#15168);
#15168 = DEFINITIONAL_REPRESENTATION('',(#15169),#15173);
#15169 = LINE('',#15170,#15171);
#15170 = CARTESIAN_POINT('',(0.,0.));
#15171 = VECTOR('',#15172,1.);
#15172 = DIRECTION('',(0.,1.));
#15173 = ( GEOMETRIC_REPRESENTATION_CONTEXT(2) 
PARAMETRIC_REPRESENTATION_CONTEXT() REPRESENTATION_CONTEXT('2D SPACE',''
  ) );
#15174 = PCURVE('',#6338,#15175);
#15175 = DEFINITIONAL_REPRESENTATION('',(#15176),#15180);
#15176 = LINE('',#15177,#15178);
#15177 = CARTESIAN_POINT('',(-0.65,-8.881784197001E-16));
#15178 = VECTOR('',#15179,1.);
#15179 = DIRECTION('',(0.,1.));
#15180 = ( GEOMETRIC_REPRESENTATION_CONTEXT(2) 
PARAMETRIC_REPRESENTATION_CONTEXT() REPRESENTATION_CONTEXT('2D SPACE',''
  ) );
#15181 = ORIENTED_EDGE('',*,*,#7705,.F.);
#15182 = ORIENTED_EDGE('',*,*,#15134,.T.);
#15183 = ADVANCED_FACE('',(#15184),#6338,.T.);
#15184 = FACE_BOUND('',#15185,.T.);
#15185 = EDGE_LOOP('',(#15186,#15187,#15188,#15189,#15190,#15211,#15212,
    #15213));
#15186 = ORIENTED_EDGE('',*,*,#8158,.F.);
#15187 = ORIENTED_EDGE('',*,*,#7728,.F.);
#15188 = ORIENTED_EDGE('',*,*,#15161,.T.);
#15189 = ORIENTED_EDGE('',*,*,#6322,.F.);
#15190 = ORIENTED_EDGE('',*,*,#15191,.F.);
#15191 = EDGE_CURVE('',#7234,#6295,#15192,.T.);
#15192 = SURFACE_CURVE('',#15193,(#15197,#15204),.PCURVE_S1.);
#15193 = LINE('',#15194,#15195);
#15194 = CARTESIAN_POINT('',(11.35,15.85,-0.707106781187));
#15195 = VECTOR('',#15196,1.);
#15196 = DIRECTION('',(0.,0.,1.));
#15197 = PCURVE('',#6338,#15198);
#15198 = DEFINITIONAL_REPRESENTATION('',(#15199),#15203);
#15199 = LINE('',#15200,#15201);
#15200 = CARTESIAN_POINT('',(8.2,-0.707106781187));
#15201 = VECTOR('',#15202,1.);
#15202 = DIRECTION('',(0.,1.));
#15203 = ( GEOMETRIC_REPRESENTATION_CONTEXT(2) 
PARAMETRIC_REPRESENTATION_CONTEXT() REPRESENTATION_CONTEXT('2D SPACE',''
  ) );
#15204 = PCURVE('',#6310,#15205);
#15205 = DEFINITIONAL_REPRESENTATION('',(#15206),#15210);
#15206 = LINE('',#15207,#15208);
#15207 = CARTESIAN_POINT('',(0.,0.));
#15208 = VECTOR('',#15209,1.);
#15209 = DIRECTION('',(0.,1.));
#15210 = ( GEOMETRIC_REPRESENTATION_CONTEXT(2) 
PARAMETRIC_REPRESENTATION_CONTEXT() REPRESENTATION_CONTEXT('2D SPACE',''
  ) );
#15211 = ORIENTED_EDGE('',*,*,#7233,.T.);
#15212 = ORIENTED_EDGE('',*,*,#7158,.T.);
#15213 = ORIENTED_EDGE('',*,*,#7339,.T.);
#15214 = ADVANCED_FACE('',(#15215),#6310,.F.);
#15215 = FACE_BOUND('',#15216,.T.);
#15216 = EDGE_LOOP('',(#15217,#15238,#15239,#15240));
#15217 = ORIENTED_EDGE('',*,*,#15218,.F.);
#15218 = EDGE_CURVE('',#7257,#6265,#15219,.T.);
#15219 = SURFACE_CURVE('',#15220,(#15224,#15231),.PCURVE_S1.);
#15220 = LINE('',#15221,#15222);
#15221 = CARTESIAN_POINT('',(10.85,15.85,-0.707106781187));
#15222 = VECTOR('',#15223,1.);
#15223 = DIRECTION('',(0.,0.,1.));
#15224 = PCURVE('',#6310,#15225);
#15225 = DEFINITIONAL_REPRESENTATION('',(#15226),#15230);
#15226 = LINE('',#15227,#15228);
#15227 = CARTESIAN_POINT('',(0.5,0.));
#15228 = VECTOR('',#15229,1.);
#15229 = DIRECTION('',(0.,1.));
#15230 = ( GEOMETRIC_REPRESENTATION_CONTEXT(2) 
PARAMETRIC_REPRESENTATION_CONTEXT() REPRESENTATION_CONTEXT('2D SPACE',''
  ) );
#15231 = PCURVE('',#6282,#15232);
#15232 = DEFINITIONAL_REPRESENTATION('',(#15233),#15237);
#15233 = LINE('',#15234,#15235);
#15234 = CARTESIAN_POINT('',(-0.5,0.));
#15235 = VECTOR('',#15236,1.);
#15236 = DIRECTION('',(0.,1.));
#15237 = ( GEOMETRIC_REPRESENTATION_CONTEXT(2) 
PARAMETRIC_REPRESENTATION_CONTEXT() REPRESENTATION_CONTEXT('2D SPACE',''
  ) );
#15238 = ORIENTED_EDGE('',*,*,#7256,.T.);
#15239 = ORIENTED_EDGE('',*,*,#15191,.T.);
#15240 = ORIENTED_EDGE('',*,*,#6294,.T.);
#15241 = ADVANCED_FACE('',(#15242),#6282,.F.);
#15242 = FACE_BOUND('',#15243,.T.);
#15243 = EDGE_LOOP('',(#15244,#15245,#15246,#15247));
#15244 = ORIENTED_EDGE('',*,*,#7209,.F.);
#15245 = ORIENTED_EDGE('',*,*,#7279,.T.);
#15246 = ORIENTED_EDGE('',*,*,#15218,.T.);
#15247 = ORIENTED_EDGE('',*,*,#6264,.T.);
#15248 = ADVANCED_FACE('',(#15249),#6250,.T.);
#15249 = FACE_BOUND('',#15250,.T.);
#15250 = EDGE_LOOP('',(#15251,#15276,#15297,#15298));
#15251 = ORIENTED_EDGE('',*,*,#15252,.F.);
#15252 = EDGE_CURVE('',#15253,#15255,#15257,.T.);
#15253 = VERTEX_POINT('',#15254);
#15254 = CARTESIAN_POINT('',(-3.55,15.75,2.364198286742));
#15255 = VERTEX_POINT('',#15256);
#15256 = CARTESIAN_POINT('',(-3.55,7.5,2.364198286742));
#15257 = SURFACE_CURVE('',#15258,(#15262,#15269),.PCURVE_S1.);
#15258 = LINE('',#15259,#15260);
#15259 = CARTESIAN_POINT('',(-3.55,15.75,2.364198286742));
#15260 = VECTOR('',#15261,1.);
#15261 = DIRECTION('',(-1.051347561198E-16,-1.,9.236314007983E-17));
#15262 = PCURVE('',#6250,#15263);
#15263 = DEFINITIONAL_REPRESENTATION('',(#15264),#15268);
#15264 = LINE('',#15265,#15266);
#15265 = CARTESIAN_POINT('',(2.749927545564,8.1));
#15266 = VECTOR('',#15267,1.);
#15267 = DIRECTION('',(1.399437979682E-16,-1.));
#15268 = ( GEOMETRIC_REPRESENTATION_CONTEXT(2) 
PARAMETRIC_REPRESENTATION_CONTEXT() REPRESENTATION_CONTEXT('2D SPACE',''
  ) );
#15269 = PCURVE('',#6196,#15270);
#15270 = DEFINITIONAL_REPRESENTATION('',(#15271),#15275);
#15271 = LINE('',#15272,#15273);
#15272 = CARTESIAN_POINT('',(1.7763568394E-15,-9.561678921276));
#15273 = VECTOR('',#15274,1.);
#15274 = DIRECTION('',(1.,9.236314007983E-17));
#15275 = ( GEOMETRIC_REPRESENTATION_CONTEXT(2) 
PARAMETRIC_REPRESENTATION_CONTEXT() REPRESENTATION_CONTEXT('2D SPACE',''
  ) );
#15276 = ORIENTED_EDGE('',*,*,#15277,.F.);
#15277 = EDGE_CURVE('',#6148,#15253,#15278,.T.);
#15278 = SURFACE_CURVE('',#15279,(#15283,#15290),.PCURVE_S1.);
#15279 = LINE('',#15280,#15281);
#15280 = CARTESIAN_POINT('',(-8.291020625098,15.75,6.529286676905));
#15281 = VECTOR('',#15282,1.);
#15282 = DIRECTION('',(-0.751264133504,6.825942689745E-17,0.660001667961
    ));
#15283 = PCURVE('',#6250,#15284);
#15284 = DEFINITIONAL_REPRESENTATION('',(#15285),#15289);
#15285 = LINE('',#15286,#15287);
#15286 = CARTESIAN_POINT('',(9.060651582113,8.1));
#15287 = VECTOR('',#15288,1.);
#15288 = DIRECTION('',(1.,6.825942689745E-17));
#15289 = ( GEOMETRIC_REPRESENTATION_CONTEXT(2) 
PARAMETRIC_REPRESENTATION_CONTEXT() REPRESENTATION_CONTEXT('2D SPACE',''
  ) );
#15290 = PCURVE('',#6168,#15291);
#15291 = DEFINITIONAL_REPRESENTATION('',(#15292),#15296);
#15292 = LINE('',#15293,#15294);
#15293 = CARTESIAN_POINT('',(4.741020625098,-5.396590531112));
#15294 = VECTOR('',#15295,1.);
#15295 = DIRECTION('',(0.751264133504,0.660001667961));
#15296 = ( GEOMETRIC_REPRESENTATION_CONTEXT(2) 
PARAMETRIC_REPRESENTATION_CONTEXT() REPRESENTATION_CONTEXT('2D SPACE',''
  ) );
#15297 = ORIENTED_EDGE('',*,*,#6236,.T.);
#15298 = ORIENTED_EDGE('',*,*,#15299,.F.);
#15299 = EDGE_CURVE('',#15255,#6209,#15300,.T.);
#15300 = SURFACE_CURVE('',#15301,(#15305,#15312),.PCURVE_S1.);
#15301 = LINE('',#15302,#15303);
#15302 = CARTESIAN_POINT('',(-8.291020625098,7.5,6.529286676905));
#15303 = VECTOR('',#15304,1.);
#15304 = DIRECTION('',(0.751264133504,0.,-0.660001667961));
#15305 = PCURVE('',#6250,#15306);
#15306 = DEFINITIONAL_REPRESENTATION('',(#15307),#15311);
#15307 = LINE('',#15308,#15309);
#15308 = CARTESIAN_POINT('',(9.060651582113,-0.15));
#15309 = VECTOR('',#15310,1.);
#15310 = DIRECTION('',(-1.,0.));
#15311 = ( GEOMETRIC_REPRESENTATION_CONTEXT(2) 
PARAMETRIC_REPRESENTATION_CONTEXT() REPRESENTATION_CONTEXT('2D SPACE',''
  ) );
#15312 = PCURVE('',#6224,#15313);
#15313 = DEFINITIONAL_REPRESENTATION('',(#15314),#15318);
#15314 = LINE('',#15315,#15316);
#15315 = CARTESIAN_POINT('',(-4.741020625098,-5.396590531112));
#15316 = VECTOR('',#15317,1.);
#15317 = DIRECTION('',(0.751264133504,-0.660001667961));
#15318 = ( GEOMETRIC_REPRESENTATION_CONTEXT(2) 
PARAMETRIC_REPRESENTATION_CONTEXT() REPRESENTATION_CONTEXT('2D SPACE',''
  ) );
#15319 = ADVANCED_FACE('',(#15320),#6224,.F.);
#15320 = FACE_BOUND('',#15321,.T.);
#15321 = EDGE_LOOP('',(#15322,#15323,#15324));
#15322 = ORIENTED_EDGE('',*,*,#15299,.T.);
#15323 = ORIENTED_EDGE('',*,*,#6208,.T.);
#15324 = ORIENTED_EDGE('',*,*,#15325,.F.);
#15325 = EDGE_CURVE('',#15255,#6181,#15326,.T.);
#15326 = SURFACE_CURVE('',#15327,(#15331,#15338),.PCURVE_S1.);
#15327 = LINE('',#15328,#15329);
#15328 = CARTESIAN_POINT('',(-3.55,7.5,11.925877208018));
#15329 = VECTOR('',#15330,1.);
#15330 = DIRECTION('',(0.,-0.,-1.));
#15331 = PCURVE('',#6224,#15332);
#15332 = DEFINITIONAL_REPRESENTATION('',(#15333),#15337);
#15333 = LINE('',#15334,#15335);
#15334 = CARTESIAN_POINT('',(0.,0.));
#15335 = VECTOR('',#15336,1.);
#15336 = DIRECTION('',(0.,-1.));
#15337 = ( GEOMETRIC_REPRESENTATION_CONTEXT(2) 
PARAMETRIC_REPRESENTATION_CONTEXT() REPRESENTATION_CONTEXT('2D SPACE',''
  ) );
#15338 = PCURVE('',#6196,#15339);
#15339 = DEFINITIONAL_REPRESENTATION('',(#15340),#15344);
#15340 = LINE('',#15341,#15342);
#15341 = CARTESIAN_POINT('',(8.25,0.));
#15342 = VECTOR('',#15343,1.);
#15343 = DIRECTION('',(-0.,-1.));
#15344 = ( GEOMETRIC_REPRESENTATION_CONTEXT(2) 
PARAMETRIC_REPRESENTATION_CONTEXT() REPRESENTATION_CONTEXT('2D SPACE',''
  ) );
#15345 = ADVANCED_FACE('',(#15346),#6196,.F.);
#15346 = FACE_BOUND('',#15347,.T.);
#15347 = EDGE_LOOP('',(#15348,#15349,#15350,#15351));
#15348 = ORIENTED_EDGE('',*,*,#15252,.T.);
#15349 = ORIENTED_EDGE('',*,*,#15325,.T.);
#15350 = ORIENTED_EDGE('',*,*,#6180,.T.);
#15351 = ORIENTED_EDGE('',*,*,#15352,.F.);
#15352 = EDGE_CURVE('',#15253,#6146,#15353,.T.);
#15353 = SURFACE_CURVE('',#15354,(#15358,#15365),.PCURVE_S1.);
#15354 = LINE('',#15355,#15356);
#15355 = CARTESIAN_POINT('',(-3.55,15.75,11.925877208018));
#15356 = VECTOR('',#15357,1.);
#15357 = DIRECTION('',(0.,-0.,-1.));
#15358 = PCURVE('',#6196,#15359);
#15359 = DEFINITIONAL_REPRESENTATION('',(#15360),#15364);
#15360 = LINE('',#15361,#15362);
#15361 = CARTESIAN_POINT('',(0.,0.));
#15362 = VECTOR('',#15363,1.);
#15363 = DIRECTION('',(-0.,-1.));
#15364 = ( GEOMETRIC_REPRESENTATION_CONTEXT(2) 
PARAMETRIC_REPRESENTATION_CONTEXT() REPRESENTATION_CONTEXT('2D SPACE',''
  ) );
#15365 = PCURVE('',#6168,#15366);
#15366 = DEFINITIONAL_REPRESENTATION('',(#15367),#15371);
#15367 = LINE('',#15368,#15369);
#15368 = CARTESIAN_POINT('',(0.,0.));
#15369 = VECTOR('',#15370,1.);
#15370 = DIRECTION('',(-0.,-1.));
#15371 = ( GEOMETRIC_REPRESENTATION_CONTEXT(2) 
PARAMETRIC_REPRESENTATION_CONTEXT() REPRESENTATION_CONTEXT('2D SPACE',''
  ) );
#15372 = ADVANCED_FACE('',(#15373),#6168,.F.);
#15373 = FACE_BOUND('',#15374,.T.);
#15374 = EDGE_LOOP('',(#15375,#15376,#15377));
#15375 = ORIENTED_EDGE('',*,*,#15277,.T.);
#15376 = ORIENTED_EDGE('',*,*,#15352,.T.);
#15377 = ORIENTED_EDGE('',*,*,#6145,.T.);
#15378 = ( GEOMETRIC_REPRESENTATION_CONTEXT(3) 
GLOBAL_UNCERTAINTY_ASSIGNED_CONTEXT((#15382)) 
GLOBAL_UNIT_ASSIGNED_CONTEXT((#15379,#15380,#15381)) 
REPRESENTATION_CONTEXT('Context #1',
  '3D Context with UNIT and UNCERTAINTY') );
#15379 = ( LENGTH_UNIT() NAMED_UNIT(*) SI_UNIT(.MILLI.,.METRE.) );
#15380 = ( NAMED_UNIT(*) PLANE_ANGLE_UNIT() SI_UNIT($,.RADIAN.) );
#15381 = ( NAMED_UNIT(*) SI_UNIT($,.STERADIAN.) SOLID_ANGLE_UNIT() );
#15382 = UNCERTAINTY_MEASURE_WITH_UNIT(LENGTH_MEASURE(1.E-04),#15379,
  'distance_accuracy_value','confusion accuracy');
#15383 = PRODUCT_RELATED_PRODUCT_CATEGORY('part',$,(#6135));
#15384 = MECHANICAL_DESIGN_GEOMETRIC_PRESENTATION_REPRESENTATION('',(
    #15385),#15378);
#15385 = STYLED_ITEM('color',(#15386),#6139);
#15386 = PRESENTATION_STYLE_ASSIGNMENT((#15387,#15393));
#15387 = SURFACE_STYLE_USAGE(.BOTH.,#15388);
#15388 = SURFACE_SIDE_STYLE('',(#15389));
#15389 = SURFACE_STYLE_FILL_AREA(#15390);
#15390 = FILL_AREA_STYLE('',(#15391));
#15391 = FILL_AREA_STYLE_COLOUR('',#15392);
#15392 = COLOUR_RGB('',0.977691556689,0.843389171228,0.313304153717);
#15393 = CURVE_STYLE('',#15394,POSITIVE_LENGTH_MEASURE(0.1),#15392);
#15394 = DRAUGHTING_PRE_DEFINED_CURVE_FONT('continuous');
#15395 = MECHANICAL_DESIGN_GEOMETRIC_PRESENTATION_REPRESENTATION('',(
    #15396),#3843);
#15396 = STYLED_ITEM('color',(#15397),#1635);
#15397 = PRESENTATION_STYLE_ASSIGNMENT((#15398,#15404));
#15398 = SURFACE_STYLE_USAGE(.BOTH.,#15399);
#15399 = SURFACE_SIDE_STYLE('',(#15400));
#15400 = SURFACE_STYLE_FILL_AREA(#15401);
#15401 = FILL_AREA_STYLE('',(#15402));
#15402 = FILL_AREA_STYLE_COLOUR('',#15403);
#15403 = COLOUR_RGB('',0.9211914386,0.843389171228,0.46135613805);
#15404 = CURVE_STYLE('',#15405,POSITIVE_LENGTH_MEASURE(0.1),#15403);
#15405 = DRAUGHTING_PRE_DEFINED_CURVE_FONT('continuous');
#15406 = MECHANICAL_DESIGN_GEOMETRIC_PRESENTATION_REPRESENTATION('',(
    #15407),#6125);
#15407 = STYLED_ITEM('color',(#15408),#3857);
#15408 = PRESENTATION_STYLE_ASSIGNMENT((#15409,#15414));
#15409 = SURFACE_STYLE_USAGE(.BOTH.,#15410);
#15410 = SURFACE_SIDE_STYLE('',(#15411));
#15411 = SURFACE_STYLE_FILL_AREA(#15412);
#15412 = FILL_AREA_STYLE('',(#15413));
#15413 = FILL_AREA_STYLE_COLOUR('',#15403);
#15414 = CURVE_STYLE('',#15415,POSITIVE_LENGTH_MEASURE(0.1),#15403);
#15415 = DRAUGHTING_PRE_DEFINED_CURVE_FONT('continuous');
#15416 = MECHANICAL_DESIGN_GEOMETRIC_PRESENTATION_REPRESENTATION('',(
    #15417),#1319);
#15417 = STYLED_ITEM('color',(#15418),#1015);
#15418 = PRESENTATION_STYLE_ASSIGNMENT((#15419,#15424));
#15419 = SURFACE_STYLE_USAGE(.BOTH.,#15420);
#15420 = SURFACE_SIDE_STYLE('',(#15421));
#15421 = SURFACE_STYLE_FILL_AREA(#15422);
#15422 = FILL_AREA_STYLE('',(#15423));
#15423 = FILL_AREA_STYLE_COLOUR('',#15403);
#15424 = CURVE_STYLE('',#15425,POSITIVE_LENGTH_MEASURE(0.1),#15403);
#15425 = DRAUGHTING_PRE_DEFINED_CURVE_FONT('continuous');
#15426 = MECHANICAL_DESIGN_GEOMETRIC_PRESENTATION_REPRESENTATION('',(
    #15427),#1001);
#15427 = STYLED_ITEM('color',(#15428),#515);
#15428 = PRESENTATION_STYLE_ASSIGNMENT((#15429,#15435));
#15429 = SURFACE_STYLE_USAGE(.BOTH.,#15430);
#15430 = SURFACE_SIDE_STYLE('',(#15431));
#15431 = SURFACE_STYLE_FILL_AREA(#15432);
#15432 = FILL_AREA_STYLE('',(#15433));
#15433 = FILL_AREA_STYLE_COLOUR('',#15434);
#15434 = COLOUR_RGB('',0.843389171228,0.848870571682,0.854305825093);
#15435 = CURVE_STYLE('',#15436,POSITIVE_LENGTH_MEASURE(0.1),#15434);
#15436 = DRAUGHTING_PRE_DEFINED_CURVE_FONT('continuous');
#15437 = MECHANICAL_DESIGN_GEOMETRIC_PRESENTATION_REPRESENTATION('',(
    #15438),#501);
#15438 = STYLED_ITEM('color',(#15439),#15);
#15439 = PRESENTATION_STYLE_ASSIGNMENT((#15440,#15445));
#15440 = SURFACE_STYLE_USAGE(.BOTH.,#15441);
#15441 = SURFACE_SIDE_STYLE('',(#15442));
#15442 = SURFACE_STYLE_FILL_AREA(#15443);
#15443 = FILL_AREA_STYLE('',(#15444));
#15444 = FILL_AREA_STYLE_COLOUR('',#15434);
#15445 = CURVE_STYLE('',#15446,POSITIVE_LENGTH_MEASURE(0.1),#15434);
#15446 = DRAUGHTING_PRE_DEFINED_CURVE_FONT('continuous');
#15447 = MECHANICAL_DESIGN_GEOMETRIC_PRESENTATION_REPRESENTATION('',(
    #15448),#1621);
#15448 = STYLED_ITEM('color',(#15449),#1333);
#15449 = PRESENTATION_STYLE_ASSIGNMENT((#15450,#15455));
#15450 = SURFACE_STYLE_USAGE(.BOTH.,#15451);
#15451 = SURFACE_SIDE_STYLE('',(#15452));
#15452 = SURFACE_STYLE_FILL_AREA(#15453);
#15453 = FILL_AREA_STYLE('',(#15454));
#15454 = FILL_AREA_STYLE_COLOUR('',#15403);
#15455 = CURVE_STYLE('',#15456,POSITIVE_LENGTH_MEASURE(0.1),#15403);
#15456 = DRAUGHTING_PRE_DEFINED_CURVE_FONT('continuous');
ENDSEC;
END-ISO-10303-21;
